,year,home_team,away_team,home_rate
0,2026,알제리,아르헨티나,0.0
1,2026,알제리,벨기에,0.0
2,2026,알제리,브라질,0.0
3,2026,알제리,카메룬,0.3333333333333333
4,2026,알제리,콜롬비아,1.0
5,2026,알제리,이집트,0.5
6,2026,알제리,잉글랜드,1.0
7,2026,알제리,독일,0.0
8,2026,알제리,가나,0.5
9,2026,알제리,이란,0.5
10,2026,알제리,코트디부아르,0.3333333333333333
11,2026,알제리,모로코,0.5
12,2026,알제리,나이지리아,0.6666666666666666
13,2026,알제리,포르투갈,0.0
14,2026,알제리,카타르,0.6666666666666666
15,2026,알제리,사우디아라비아,0.0
16,2026,알제리,세네갈,0.8571428571428571
17,2026,알제리,세르비아,0.0
18,2026,알제리,슬로베니아,0.5
19,2026,알제리,남아프리카공화국,1.0
20,2026,알제리,대한민국,1.0
21,2026,알제리,스웨덴,0.0
22,2026,알제리,튀니지,0.6666666666666666
23,2026,알제리,미국,0.0
24,2026,알제리,우루과이,1.0
25,2026,앙골라,아르헨티나,0.0
26,2026,앙골라,카메룬,0.0
27,2026,앙골라,이집트,0.0
28,2026,앙골라,가나,0.3333333333333333
29,2026,앙골라,이란,0.3333333333333333
30,2026,앙골라,코트디부아르,0.3333333333333333
31,2026,앙골라,멕시코,0.5
32,2026,앙골라,모로코,0.25
33,2026,앙골라,나이지리아,0.0
34,2026,앙골라,포르투갈,0.0
35,2026,앙골라,세네갈,1.0
36,2026,앙골라,남아프리카공화국,0.0
37,2026,앙골라,대한민국,0.0
38,2026,앙골라,우루과이,0.0
39,2026,아르헨티나,알제리,1.0
40,2026,아르헨티나,앙골라,1.0
41,2026,아르헨티나,호주,1.0
42,2026,아르헨티나,벨기에,1.0
43,2026,아르헨티나,브라질,0.4705882352941176
44,2026,아르헨티나,캐나다,1.0
45,2026,아르헨티나,칠레,0.9166666666666666
46,2026,아르헨티나,콜롬비아,0.7
47,2026,아르헨티나,코스타리카,1.0
48,2026,아르헨티나,크로아티아,0.5
49,2026,아르헨티나,에콰도르,0.7272727272727273
50,2026,아르헨티나,이집트,1.0
51,2026,아르헨티나,프랑스,0.5
52,2026,아르헨티나,독일,0.6666666666666666
53,2026,아르헨티나,가나,1.0
54,2026,아르헨티나,그리스,1.0
55,2026,아르헨티나,온두라스,1.0
56,2026,아르헨티나,이란,1.0
57,2026,아르헨티나,이탈리아,1.0
58,2026,아르헨티나,코트디부아르,1.0
59,2026,아르헨티나,일본,0.0
60,2026,아르헨티나,멕시코,1.0
61,2026,아르헨티나,모로코,1.0
62,2026,아르헨티나,네덜란드,1.0
63,2026,아르헨티나,나이지리아,0.6666666666666666
64,2026,아르헨티나,노르웨이,0.0
65,2026,아르헨티나,파라과이,0.7
66,2026,아르헨티나,폴란드,0.5
67,2026,아르헨티나,포르투갈,0.5
68,2026,아르헨티나,카타르,1.0
69,2026,아르헨티나,사우디아라비아,0.0
70,2026,아르헨티나,세르비아,1.0
71,2026,아르헨티나,슬로베니아,1.0
72,2026,아르헨티나,대한민국,1.0
73,2026,아르헨티나,스페인,0.25
74,2026,아르헨티나,스웨덴,1.0
75,2026,아르헨티나,스위스,1.0
76,2026,아르헨티나,미국,1.0
77,2026,아르헨티나,우루과이,0.8181818181818182
78,2026,호주,아르헨티나,0.0
79,2026,호주,벨기에,0.0
80,2026,호주,브라질,0.0
81,2026,호주,캐나다,1.0
82,2026,호주,칠레,0.0
83,2026,호주,코스타리카,1.0
84,2026,호주,크로아티아,0.5
85,2026,호주,체코,1.0
86,2026,호주,덴마크,0.6
87,2026,호주,에콰도르,0.3333333333333333
88,2026,호주,이집트,0.0
89,2026,호주,잉글랜드,0.0
90,2026,호주,프랑스,0.0
91,2026,호주,독일,0.3333333333333333
92,2026,호주,가나,1.0
93,2026,호주,그리스,0.6666666666666666
94,2026,호주,온두라스,1.0
95,2026,호주,이탈리아,0.0
96,2026,호주,일본,0.3333333333333333
97,2026,호주,네덜란드,0.5
98,2026,호주,나이지리아,1.0
99,2026,호주,노르웨이,0.0
100,2026,호주,파라과이,1.0
101,2026,호주,폴란드,1.0
102,2026,호주,카타르,0.75
103,2026,호주,사우디아라비아,0.8333333333333334
104,2026,호주,세르비아,1.0
105,2026,호주,슬로베니아,0.0
106,2026,호주,대한민국,0.3333333333333333
107,2026,호주,스페인,0.0
108,2026,호주,튀니지,1.0
109,2026,호주,미국,0.0
110,2026,호주,우루과이,0.0
111,2026,오스트리아,벨기에,0.0
112,2026,오스트리아,브라질,0.0
113,2026,오스트리아,카메룬,0.0
114,2026,오스트리아,캐나다,0.0
115,2026,오스트리아,칠레,0.0
116,2026,오스트리아,크로아티아,0.2
117,2026,오스트리아,체코,1.0
118,2026,오스트리아,덴마크,0.1666666666666666
119,2026,오스트리아,잉글랜드,0.0
120,2026,오스트리아,프랑스,0.2
121,2026,오스트리아,독일,0.25
122,2026,오스트리아,그리스,0.3333333333333333
123,2026,오스트리아,이탈리아,0.5
124,2026,오스트리아,코트디부아르,0.5
125,2026,오스트리아,네덜란드,0.2
126,2026,오스트리아,노르웨이,0.6666666666666666
127,2026,오스트리아,폴란드,0.5
128,2026,오스트리아,세르비아,0.3333333333333333
129,2026,오스트리아,슬로베니아,1.0
130,2026,오스트리아,스페인,0.0
131,2026,오스트리아,스웨덴,0.7142857142857143
132,2026,오스트리아,스위스,0.25
133,2026,오스트리아,미국,1.0
134,2026,오스트리아,우루과이,1.0
135,2026,벨기에,알제리,1.0
136,2026,벨기에,아르헨티나,0.0
137,2026,벨기에,호주,1.0
138,2026,벨기에,오스트리아,1.0
139,2026,벨기에,브라질,1.0
140,2026,벨기에,캐나다,1.0
141,2026,벨기에,콜롬비아,0.0
142,2026,벨기에,코스타리카,1.0
143,2026,벨기에,크로아티아,0.75
144,2026,벨기에,체코,0.5
145,2026,벨기에,덴마크,1.0
146,2026,벨기에,이집트,0.5
147,2026,벨기에,잉글랜드,0.6
148,2026,벨기에,프랑스,0.1666666666666666
149,2026,벨기에,독일,0.25
150,2026,벨기에,그리스,1.0
151,2026,벨기에,이탈리아,0.1666666666666666
152,2026,벨기에,일본,0.5
153,2026,벨기에,모로코,0.0
154,2026,벨기에,네덜란드,0.3333333333333333
155,2026,벨기에,노르웨이,1.0
156,2026,벨기에,폴란드,0.5
157,2026,벨기에,포르투갈,0.25
158,2026,벨기에,카타르,1.0
159,2026,벨기에,사우디아라비아,1.0
160,2026,벨기에,세르비아,0.8
161,2026,벨기에,슬로베니아,1.0
162,2026,벨기에,대한민국,1.0
163,2026,벨기에,스페인,0.0
164,2026,벨기에,스웨덴,1.0
165,2026,벨기에,스위스,0.75
166,2026,벨기에,튀니지,1.0
167,2026,벨기에,미국,1.0
168,2026,브라질,알제리,1.0
169,2026,브라질,아르헨티나,0.5294117647058824
170,2026,브라질,호주,1.0
171,2026,브라질,오스트리아,1.0
172,2026,브라질,벨기에,0.0
173,2026,브라질,카메룬,0.6666666666666666
174,2026,브라질,캐나다,1.0
175,2026,브라질,칠레,0.875
176,2026,브라질,콜롬비아,0.7777777777777778
177,2026,브라질,코스타리카,1.0
178,2026,브라질,크로아티아,1.0
179,2026,브라질,체코,1.0
180,2026,브라질,덴마크,1.0
181,2026,브라질,에콰도르,1.0
182,2026,브라질,이집트,1.0
183,2026,브라질,잉글랜드,0.6666666666666666
184,2026,브라질,프랑스,0.5
185,2026,브라질,독일,0.3333333333333333
186,2026,브라질,가나,1.0
187,2026,브라질,온두라스,1.0
188,2026,브라질,이란,1.0
189,2026,브라질,이탈리아,1.0
190,2026,브라질,코트디부아르,1.0
191,2026,브라질,일본,1.0
192,2026,브라질,멕시코,0.6666666666666666
193,2026,브라질,모로코,0.0
194,2026,브라질,네덜란드,0.0
195,2026,브라질,파라과이,0.75
196,2026,브라질,포르투갈,0.75
197,2026,브라질,카타르,1.0
198,2026,브라질,사우디아라비아,1.0
199,2026,브라질,세네갈,0.0
200,2026,브라질,세르비아,1.0
201,2026,브라질,남아프리카공화국,1.0
202,2026,브라질,대한민국,1.0
203,2026,브라질,스페인,1.0
204,2026,브라질,스웨덴,1.0
205,2026,브라질,스위스,0.5
206,2026,브라질,튀니지,1.0
207,2026,브라질,미국,1.0
208,2026,브라질,우루과이,0.875
209,2026,카메룬,알제리,0.6666666666666666
210,2026,카메룬,앙골라,1.0
211,2026,카메룬,오스트리아,1.0
212,2026,카메룬,브라질,0.3333333333333333
213,2026,카메룬,칠레,0.0
214,2026,카메룬,콜롬비아,0.0
215,2026,카메룬,크로아티아,0.0
216,2026,카메룬,덴마크,0.0
217,2026,카메룬,이집트,0.2
218,2026,카메룬,프랑스,0.0
219,2026,카메룬,독일,0.0
220,2026,카메룬,가나,1.0
221,2026,카메룬,코트디부아르,0.4
222,2026,카메룬,일본,0.0
223,2026,카메룬,멕시코,0.0
224,2026,카메룬,모로코,0.6666666666666666
225,2026,카메룬,네덜란드,0.0
226,2026,카메룬,나이지리아,0.2
227,2026,카메룬,파라과이,0.0
228,2026,카메룬,폴란드,1.0
229,2026,카메룬,포르투갈,0.0
230,2026,카메룬,세네갈,0.0
231,2026,카메룬,세르비아,0.0
232,2026,카메룬,남아프리카공화국,0.0
233,2026,카메룬,대한민국,0.0
234,2026,카메룬,스위스,0.0
235,2026,카메룬,튀니지,1.0
236,2026,캐나다,아르헨티나,0.0
237,2026,캐나다,호주,0.0
238,2026,캐나다,오스트리아,1.0
239,2026,캐나다,벨기에,0.0
240,2026,캐나다,브라질,0.0
241,2026,캐나다,코스타리카,0.6
242,2026,캐나다,크로아티아,0.0
243,2026,캐나다,체코,0.0
244,2026,캐나다,그리스,0.0
245,2026,캐나다,온두라스,0.4545454545454545
246,2026,캐나다,일본,0.3333333333333333
247,2026,캐나다,멕시코,0.125
248,2026,캐나다,모로코,0.0
249,2026,캐나다,네덜란드,0.0
250,2026,캐나다,폴란드,0.0
251,2026,캐나다,카타르,1.0
252,2026,캐나다,슬로베니아,0.0
253,2026,캐나다,남아프리카공화국,0.0
254,2026,캐나다,대한민국,0.0
255,2026,캐나다,미국,0.4444444444444444
256,2026,캐나다,우루과이,0.0
257,2026,칠레,아르헨티나,0.0833333333333333
258,2026,칠레,호주,1.0
259,2026,칠레,오스트리아,1.0
260,2026,칠레,브라질,0.125
261,2026,칠레,카메룬,1.0
262,2026,칠레,콜롬비아,0.5
263,2026,칠레,코스타리카,0.3333333333333333
264,2026,칠레,덴마크,1.0
265,2026,칠레,에콰도르,0.5
266,2026,칠레,이집트,1.0
267,2026,칠레,잉글랜드,1.0
268,2026,칠레,프랑스,0.0
269,2026,칠레,독일,0.0
270,2026,칠레,온두라스,0.5
271,2026,칠레,이란,0.0
272,2026,칠레,일본,0.5
273,2026,칠레,멕시코,0.5714285714285714
274,2026,칠레,모로코,0.0
275,2026,칠레,네덜란드,0.0
276,2026,칠레,파라과이,0.6470588235294118
277,2026,칠레,폴란드,0.0
278,2026,칠레,세르비아,0.5
279,2026,칠레,남아프리카공화국,1.0
280,2026,칠레,대한민국,0.5
281,2026,칠레,스페인,0.25
282,2026,칠레,스웨덴,1.0
283,2026,칠레,스위스,0.5
284,2026,칠레,튀니지,0.0
285,2026,칠레,미국,1.0
286,2026,칠레,우루과이,0.3636363636363636
287,2026,콜롬비아,알제리,0.0
288,2026,콜롬비아,아르헨티나,0.3
289,2026,콜롬비아,벨기에,1.0
290,2026,콜롬비아,브라질,0.2222222222222222
291,2026,콜롬비아,카메룬,1.0
292,2026,콜롬비아,칠레,0.5
293,2026,콜롬비아,코스타리카,0.8
294,2026,콜롬비아,에콰도르,0.6923076923076923
295,2026,콜롬비아,잉글랜드,0.0
296,2026,콜롬비아,프랑스,0.5
297,2026,콜롬비아,독일,0.5
298,2026,콜롬비아,그리스,1.0
299,2026,콜롬비아,온두라스,0.6666666666666666
300,2026,콜롬비아,코트디부아르,1.0
301,2026,콜롬비아,일본,0.75
302,2026,콜롬비아,멕시코,0.8333333333333334
303,2026,콜롬비아,모로코,1.0
304,2026,콜롬비아,나이지리아,1.0
305,2026,콜롬비아,파라과이,0.7857142857142857
306,2026,콜롬비아,폴란드,1.0
307,2026,콜롬비아,카타르,1.0
308,2026,콜롬비아,사우디아라비아,1.0
309,2026,콜롬비아,세네갈,1.0
310,2026,콜롬비아,세르비아,1.0
311,2026,콜롬비아,슬로베니아,1.0
312,2026,콜롬비아,남아프리카공화국,0.0
313,2026,콜롬비아,대한민국,0.0
314,2026,콜롬비아,스페인,0.5
315,2026,콜롬비아,스위스,1.0
316,2026,콜롬비아,미국,1.0
317,2026,콜롬비아,우루과이,0.3
318,2026,코스타리카,아르헨티나,0.0
319,2026,코스타리카,호주,0.0
320,2026,코스타리카,벨기에,0.0
321,2026,코스타리카,브라질,0.0
322,2026,코스타리카,캐나다,0.4
323,2026,코스타리카,칠레,0.6666666666666666
324,2026,코스타리카,콜롬비아,0.2
325,2026,코스타리카,체코,0.0
326,2026,코스타리카,에콰도르,0.0
327,2026,코스타리카,잉글랜드,0.0
328,2026,코스타리카,프랑스,0.0
329,2026,코스타리카,독일,0.0
330,2026,코스타리카,그리스,0.0
331,2026,코스타리카,온두라스,0.6363636363636364
332,2026,코스타리카,이란,0.0
333,2026,코스타리카,이탈리아,1.0
334,2026,코스타리카,일본,0.3333333333333333
335,2026,코스타리카,멕시코,0.0769230769230769
336,2026,코스타리카,네덜란드,1.0
337,2026,코스타리카,나이지리아,1.0
338,2026,코스타리카,파라과이,0.5
339,2026,코스타리카,폴란드,0.0
340,2026,코스타리카,사우디아라비아,1.0
341,2026,코스타리카,세르비아,0.0
342,2026,코스타리카,대한민국,0.5
343,2026,코스타리카,스페인,0.0
344,2026,코스타리카,스웨덴,0.0
345,2026,코스타리카,스위스,0.6666666666666666
346,2026,코스타리카,튀니지,0.0
347,2026,코스타리카,미국,0.4
348,2026,코스타리카,우루과이,0.3333333333333333
349,2026,크로아티아,아르헨티나,0.5
350,2026,크로아티아,호주,0.5
351,2026,크로아티아,오스트리아,0.8
352,2026,크로아티아,벨기에,0.25
353,2026,크로아티아,브라질,0.0
354,2026,크로아티아,카메룬,1.0
355,2026,크로아티아,캐나다,1.0
356,2026,크로아티아,체코,1.0
357,2026,크로아티아,덴마크,0.6666666666666666
358,2026,크로아티아,이집트,1.0
359,2026,크로아티아,잉글랜드,0.4285714285714285
360,2026,크로아티아,프랑스,0.3333333333333333
361,2026,크로아티아,독일,1.0
362,2026,크로아티아,그리스,0.5
363,2026,크로아티아,이탈리아,1.0
364,2026,크로아티아,일본,1.0
365,2026,크로아티아,멕시코,0.6666666666666666
366,2026,크로아티아,모로코,1.0
367,2026,크로아티아,네덜란드,0.5
368,2026,크로아티아,나이지리아,1.0
369,2026,크로아티아,노르웨이,0.75
370,2026,크로아티아,폴란드,0.6666666666666666
371,2026,크로아티아,포르투갈,0.1666666666666666
372,2026,크로아티아,카타르,1.0
373,2026,크로아티아,사우디아라비아,1.0
374,2026,크로아티아,세네갈,1.0
375,2026,크로아티아,세르비아,1.0
376,2026,크로아티아,슬로베니아,0.6666666666666666
377,2026,크로아티아,대한민국,0.6666666666666666
378,2026,크로아티아,스페인,0.2857142857142857
379,2026,크로아티아,스웨덴,0.3333333333333333
380,2026,크로아티아,스위스,0.5
381,2026,크로아티아,튀니지,0.0
382,2026,체코,호주,0.0
383,2026,체코,오스트리아,0.0
384,2026,체코,벨기에,0.5
385,2026,체코,브라질,0.0
386,2026,체코,캐나다,1.0
387,2026,체코,코스타리카,1.0
388,2026,체코,크로아티아,0.0
389,2026,체코,덴마크,0.0
390,2026,체코,잉글랜드,0.3333333333333333
391,2026,체코,독일,0.2
392,2026,체코,가나,0.0
393,2026,체코,그리스,1.0
394,2026,체코,이탈리아,0.0
395,2026,체코,네덜란드,1.0
396,2026,체코,나이지리아,1.0
397,2026,체코,노르웨이,0.6666666666666666
398,2026,체코,폴란드,0.5714285714285714
399,2026,체코,포르투갈,0.0
400,2026,체코,카타르,1.0
401,2026,체코,사우디아라비아,1.0
402,2026,체코,세르비아,0.5
403,2026,체코,슬로베니아,1.0
404,2026,체코,대한민국,0.0
405,2026,체코,스페인,0.0
406,2026,체코,스웨덴,0.0
407,2026,체코,스위스,0.6666666666666666
408,2026,체코,미국,0.6666666666666666
409,2026,체코,우루과이,0.0
410,2026,덴마크,호주,0.4
411,2026,덴마크,오스트리아,0.8333333333333334
412,2026,덴마크,벨기에,0.0
413,2026,덴마크,브라질,0.0
414,2026,덴마크,카메룬,1.0
415,2026,덴마크,칠레,0.0
416,2026,덴마크,크로아티아,0.3333333333333333
417,2026,덴마크,체코,1.0
418,2026,덴마크,잉글랜드,0.25
419,2026,덴마크,프랑스,0.2857142857142857
420,2026,덴마크,독일,0.3333333333333333
421,2026,덴마크,그리스,1.0
422,2026,덴마크,이탈리아,0.0
423,2026,덴마크,일본,0.0
424,2026,덴마크,멕시코,1.0
425,2026,덴마크,네덜란드,0.3333333333333333
426,2026,덴마크,노르웨이,1.0
427,2026,덴마크,폴란드,0.5
428,2026,덴마크,포르투갈,0.4444444444444444
429,2026,덴마크,세네갈,1.0
430,2026,덴마크,세르비아,1.0
431,2026,덴마크,슬로베니아,1.0
432,2026,덴마크,남아프리카공화국,0.0
433,2026,덴마크,스페인,0.0
434,2026,덴마크,스웨덴,0.6666666666666666
435,2026,덴마크,스위스,1.0
436,2026,덴마크,튀니지,0.0
437,2026,덴마크,미국,1.0
438,2026,에콰도르,아르헨티나,0.2727272727272727
439,2026,에콰도르,호주,0.6666666666666666
440,2026,에콰도르,브라질,0.0
441,2026,에콰도르,칠레,0.5
442,2026,에콰도르,콜롬비아,0.3076923076923077
443,2026,에콰도르,코스타리카,1.0
444,2026,에콰도르,잉글랜드,0.0
445,2026,에콰도르,프랑스,0.0
446,2026,에콰도르,독일,0.0
447,2026,에콰도르,온두라스,0.8571428571428571
448,2026,에콰도르,이란,1.0
449,2026,에콰도르,이탈리아,0.0
450,2026,에콰도르,일본,0.0
451,2026,에콰도르,멕시코,0.375
452,2026,에콰도르,네덜란드,0.5
453,2026,에콰도르,나이지리아,1.0
454,2026,에콰도르,파라과이,0.3333333333333333
455,2026,에콰도르,폴란드,1.0
456,2026,에콰도르,포르투갈,1.0
457,2026,에콰도르,카타르,0.5
458,2026,에콰도르,세네갈,0.0
459,2026,에콰도르,대한민국,0.0
460,2026,에콰도르,스페인,0.0
461,2026,에콰도르,스웨덴,1.0
462,2026,에콰도르,스위스,0.0
463,2026,에콰도르,미국,0.25
464,2026,에콰도르,우루과이,0.5
465,2026,이집트,알제리,0.5
466,2026,이집트,앙골라,1.0
467,2026,이집트,아르헨티나,0.0
468,2026,이집트,호주,1.0
469,2026,이집트,벨기에,0.5
470,2026,이집트,브라질,0.0
471,2026,이집트,카메룬,0.8
472,2026,이집트,칠레,0.0
473,2026,이집트,크로아티아,0.0
474,2026,이집트,잉글랜드,0.0
475,2026,이집트,가나,0.6666666666666666
476,2026,이집트,그리스,0.0
477,2026,이집트,이탈리아,1.0
478,2026,이집트,코트디부아르,0.6666666666666666
479,2026,이집트,일본,0.0
480,2026,이집트,모로코,1.0
481,2026,이집트,나이지리아,0.6
482,2026,이집트,포르투갈,0.0
483,2026,이집트,카타르,0.3333333333333333
484,2026,이집트,사우디아라비아,0.0
485,2026,이집트,세네갈,0.4
486,2026,이집트,남아프리카공화국,0.2
487,2026,이집트,대한민국,0.0
488,2026,이집트,스페인,0.0
489,2026,이집트,스웨덴,1.0
490,2026,이집트,튀니지,0.25
491,2026,이집트,미국,0.0
492,2026,이집트,우루과이,0.0
493,2026,잉글랜드,알제리,0.0
494,2026,잉글랜드,호주,1.0
495,2026,잉글랜드,오스트리아,1.0
496,2026,잉글랜드,벨기에,0.4
497,2026,잉글랜드,브라질,0.3333333333333333
498,2026,잉글랜드,칠레,0.0
499,2026,잉글랜드,콜롬비아,1.0
500,2026,잉글랜드,코스타리카,1.0
501,2026,잉글랜드,크로아티아,0.5714285714285714
502,2026,잉글랜드,체코,0.6666666666666666
503,2026,잉글랜드,덴마크,0.75
504,2026,잉글랜드,에콰도르,1.0
505,2026,잉글랜드,이집트,1.0
506,2026,잉글랜드,프랑스,0.2
507,2026,잉글랜드,독일,0.4285714285714285
508,2026,잉글랜드,그리스,0.6666666666666666
509,2026,잉글랜드,이란,1.0
510,2026,잉글랜드,이탈리아,0.6
511,2026,잉글랜드,코트디부아르,1.0
512,2026,잉글랜드,일본,1.0
513,2026,잉글랜드,멕시코,1.0
514,2026,잉글랜드,네덜란드,0.4
515,2026,잉글랜드,나이지리아,1.0
516,2026,잉글랜드,노르웨이,1.0
517,2026,잉글랜드,파라과이,1.0
518,2026,잉글랜드,폴란드,1.0
519,2026,잉글랜드,포르투갈,0.5
520,2026,잉글랜드,세네갈,0.5
521,2026,잉글랜드,세르비아,1.0
522,2026,잉글랜드,슬로베니아,1.0
523,2026,잉글랜드,스페인,0.2857142857142857
524,2026,잉글랜드,스웨덴,0.8
525,2026,잉글랜드,스위스,1.0
526,2026,잉글랜드,튀니지,1.0
527,2026,잉글랜드,미국,0.5
528,2026,잉글랜드,우루과이,0.5
529,2026,프랑스,아르헨티나,0.5
530,2026,프랑스,호주,1.0
531,2026,프랑스,오스트리아,0.8
532,2026,프랑스,벨기에,0.8333333333333334
533,2026,프랑스,브라질,0.5
534,2026,프랑스,카메룬,1.0
535,2026,프랑스,칠레,1.0
536,2026,프랑스,콜롬비아,0.5
537,2026,프랑스,코스타리카,1.0
538,2026,프랑스,크로아티아,0.6666666666666666
539,2026,프랑스,덴마크,0.7142857142857143
540,2026,프랑스,에콰도르,1.0
541,2026,프랑스,잉글랜드,0.8
542,2026,프랑스,독일,0.6
543,2026,프랑스,그리스,1.0
544,2026,프랑스,온두라스,1.0
545,2026,프랑스,이탈리아,0.7142857142857143
546,2026,프랑스,코트디부아르,1.0
547,2026,프랑스,일본,0.0
548,2026,프랑스,멕시코,0.5
549,2026,프랑스,모로코,1.0
550,2026,프랑스,네덜란드,0.7777777777777778
551,2026,프랑스,나이지리아,0.5
552,2026,프랑스,노르웨이,0.5
553,2026,프랑스,파라과이,1.0
554,2026,프랑스,폴란드,1.0
555,2026,프랑스,포르투갈,0.8
556,2026,프랑스,세르비아,1.0
557,2026,프랑스,남아프리카공화국,0.5
558,2026,프랑스,대한민국,0.0
559,2026,프랑스,스페인,0.3
560,2026,프랑스,스웨덴,0.7142857142857143
561,2026,프랑스,스위스,0.5
562,2026,프랑스,튀니지,0.5
563,2026,프랑스,미국,1.0
564,2026,프랑스,우루과이,0.75
565,2026,독일,알제리,1.0
566,2026,독일,아르헨티나,0.3333333333333333
567,2026,독일,호주,0.6666666666666666
568,2026,독일,오스트리아,0.75
569,2026,독일,벨기에,0.75
570,2026,독일,브라질,0.6666666666666666
571,2026,독일,카메룬,1.0
572,2026,독일,칠레,1.0
573,2026,독일,콜롬비아,0.5
574,2026,독일,코스타리카,1.0
575,2026,독일,크로아티아,0.0
576,2026,독일,체코,0.8
577,2026,독일,덴마크,0.6666666666666666
578,2026,독일,에콰도르,1.0
579,2026,독일,잉글랜드,0.5714285714285714
580,2026,독일,프랑스,0.4
581,2026,독일,가나,0.5
582,2026,독일,그리스,1.0
583,2026,독일,이탈리아,0.5
584,2026,독일,일본,0.0
585,2026,독일,멕시코,0.5
586,2026,독일,네덜란드,0.7142857142857143
587,2026,독일,노르웨이,0.6666666666666666
588,2026,독일,폴란드,0.6
589,2026,독일,포르투갈,0.8333333333333334
590,2026,독일,사우디아라비아,1.0
591,2026,독일,세르비아,0.5
592,2026,독일,남아프리카공화국,1.0
593,2026,독일,대한민국,0.0
594,2026,독일,스페인,0.3333333333333333
595,2026,독일,스웨덴,1.0
596,2026,독일,스위스,0.6666666666666666
597,2026,독일,미국,0.6
598,2026,독일,우루과이,1.0
599,2026,가나,알제리,0.5
600,2026,가나,앙골라,0.6666666666666666
601,2026,가나,아르헨티나,0.0
602,2026,가나,호주,0.0
603,2026,가나,브라질,0.0
604,2026,가나,카메룬,0.0
605,2026,가나,체코,1.0
606,2026,가나,이집트,0.3333333333333333
607,2026,가나,독일,0.5
608,2026,가나,이탈리아,0.0
609,2026,가나,코트디부아르,0.6666666666666666
610,2026,가나,일본,0.4
611,2026,가나,멕시코,0.0
612,2026,가나,모로코,0.5
613,2026,가나,네덜란드,0.0
614,2026,가나,나이지리아,0.5
615,2026,가나,포르투갈,0.0
616,2026,가나,카타르,1.0
617,2026,가나,사우디아라비아,0.5
618,2026,가나,세네갈,0.3333333333333333
619,2026,가나,세르비아,1.0
620,2026,가나,남아프리카공화국,0.5
621,2026,가나,대한민국,0.8
622,2026,가나,스위스,1.0
623,2026,가나,튀니지,0.6666666666666666
624,2026,가나,미국,0.4
625,2026,가나,우루과이,0.5
626,2026,그리스,아르헨티나,0.0
627,2026,그리스,호주,0.3333333333333333
628,2026,그리스,오스트리아,0.6666666666666666
629,2026,그리스,벨기에,0.0
630,2026,그리스,캐나다,1.0
631,2026,그리스,콜롬비아,0.0
632,2026,그리스,코스타리카,1.0
633,2026,그리스,크로아티아,0.5
634,2026,그리스,체코,0.0
635,2026,그리스,덴마크,0.0
636,2026,그리스,이집트,1.0
637,2026,그리스,잉글랜드,0.3333333333333333
638,2026,그리스,프랑스,0.0
639,2026,그리스,독일,0.0
640,2026,그리스,온두라스,1.0
641,2026,그리스,이탈리아,0.0
642,2026,그리스,코트디부아르,1.0
643,2026,그리스,일본,1.0
644,2026,그리스,네덜란드,0.3333333333333333
645,2026,그리스,나이지리아,1.0
646,2026,그리스,노르웨이,1.0
647,2026,그리스,파라과이,0.0
648,2026,그리스,폴란드,0.0
649,2026,그리스,포르투갈,1.0
650,2026,그리스,사우디아라비아,0.0
651,2026,그리스,세네갈,0.0
652,2026,그리스,세르비아,0.5
653,2026,그리스,대한민국,0.0
654,2026,그리스,스페인,0.0
655,2026,그리스,스웨덴,0.3333333333333333
656,2026,그리스,스위스,0.0
657,2026,온두라스,아르헨티나,0.0
658,2026,온두라스,호주,0.0
659,2026,온두라스,브라질,0.0
660,2026,온두라스,캐나다,0.5454545454545454
661,2026,온두라스,칠레,0.5
662,2026,온두라스,콜롬비아,0.3333333333333333
663,2026,온두라스,코스타리카,0.3636363636363636
664,2026,온두라스,에콰도르,0.1428571428571428
665,2026,온두라스,프랑스,0.0
666,2026,온두라스,그리스,0.0
667,2026,온두라스,일본,0.0
668,2026,온두라스,멕시코,0.35
669,2026,온두라스,파라과이,0.5
670,2026,온두라스,카타르,0.0
671,2026,온두라스,세르비아,1.0
672,2026,온두라스,대한민국,0.0
673,2026,온두라스,스페인,0.0
674,2026,온두라스,스위스,0.5
675,2026,온두라스,미국,0.1428571428571428
676,2026,이란,알제리,0.5
677,2026,이란,앙골라,0.6666666666666666
678,2026,이란,아르헨티나,0.0
679,2026,이란,브라질,0.0
680,2026,이란,칠레,1.0
681,2026,이란,코스타리카,1.0
682,2026,이란,에콰도르,0.0
683,2026,이란,잉글랜드,0.0
684,2026,이란,일본,0.5
685,2026,이란,멕시코,0.0
686,2026,이란,모로코,1.0
687,2026,이란,나이지리아,0.0
688,2026,이란,포르투갈,0.0
689,2026,이란,카타르,0.75
690,2026,이란,사우디아라비아,0.0
691,2026,이란,대한민국,0.75
692,2026,이란,스페인,0.0
693,2026,이란,스웨덴,0.0
694,2026,이란,튀니지,0.0
695,2026,이란,미국,0.0
696,2026,이란,우루과이,1.0
697,2026,이탈리아,아르헨티나,0.0
698,2026,이탈리아,호주,1.0
699,2026,이탈리아,오스트리아,0.5
700,2026,이탈리아,벨기에,0.8333333333333334
701,2026,이탈리아,브라질,0.0
702,2026,이탈리아,코스타리카,0.0
703,2026,이탈리아,크로아티아,0.0
704,2026,이탈리아,체코,1.0
705,2026,이탈리아,덴마크,1.0
706,2026,이탈리아,에콰도르,1.0
707,2026,이탈리아,이집트,0.0
708,2026,이탈리아,잉글랜드,0.4
709,2026,이탈리아,프랑스,0.2857142857142857
710,2026,이탈리아,독일,0.5
711,2026,이탈리아,가나,1.0
712,2026,이탈리아,그리스,1.0
713,2026,이탈리아,코트디부아르,0.0
714,2026,이탈리아,일본,1.0
715,2026,이탈리아,멕시코,0.5
716,2026,이탈리아,네덜란드,0.8
717,2026,이탈리아,노르웨이,0.6666666666666666
718,2026,이탈리아,파라과이,0.0
719,2026,이탈리아,폴란드,1.0
720,2026,이탈리아,포르투갈,0.3333333333333333
721,2026,이탈리아,사우디아라비아,1.0
722,2026,이탈리아,세르비아,1.0
723,2026,이탈리아,슬로베니아,1.0
724,2026,이탈리아,남아프리카공화국,1.0
725,2026,이탈리아,스페인,0.2222222222222222
726,2026,이탈리아,스웨덴,0.6666666666666666
727,2026,이탈리아,스위스,0.5
728,2026,이탈리아,미국,0.5
729,2026,이탈리아,우루과이,0.3333333333333333
730,2026,코트디부아르,알제리,0.6666666666666666
731,2026,코트디부아르,앙골라,0.6666666666666666
732,2026,코트디부아르,아르헨티나,0.0
733,2026,코트디부아르,오스트리아,0.5
734,2026,코트디부아르,브라질,0.0
735,2026,코트디부아르,카메룬,0.6
736,2026,코트디부아르,콜롬비아,0.0
737,2026,코트디부아르,이집트,0.3333333333333333
738,2026,코트디부아르,잉글랜드,0.0
739,2026,코트디부아르,프랑스,0.0
740,2026,코트디부아르,가나,0.3333333333333333
741,2026,코트디부아르,그리스,0.0
742,2026,코트디부아르,이탈리아,1.0
743,2026,코트디부아르,일본,0.5
744,2026,코트디부아르,멕시코,0.0
745,2026,코트디부아르,모로코,0.4
746,2026,코트디부아르,네덜란드,0.0
747,2026,코트디부아르,나이지리아,0.6666666666666666
748,2026,코트디부아르,폴란드,0.0
749,2026,코트디부아르,포르투갈,0.0
750,2026,코트디부아르,카타르,1.0
751,2026,코트디부아르,세네갈,0.75
752,2026,코트디부아르,세르비아,1.0
753,2026,코트디부아르,슬로베니아,1.0
754,2026,코트디부아르,남아프리카공화국,0.5
755,2026,코트디부아르,대한민국,0.0
756,2026,코트디부아르,스페인,0.0
757,2026,코트디부아르,스웨덴,0.6666666666666666
758,2026,코트디부아르,튀니지,0.75
759,2026,코트디부아르,우루과이,1.0
760,2026,일본,아르헨티나,1.0
761,2026,일본,호주,0.6666666666666666
762,2026,일본,벨기에,0.5
763,2026,일본,브라질,0.0
764,2026,일본,카메룬,1.0
765,2026,일본,캐나다,0.6666666666666666
766,2026,일본,칠레,0.5
767,2026,일본,콜롬비아,0.25
768,2026,일본,코스타리카,0.6666666666666666
769,2026,일본,크로아티아,0.0
770,2026,일본,덴마크,1.0
771,2026,일본,에콰도르,1.0
772,2026,일본,이집트,1.0
773,2026,일본,잉글랜드,0.0
774,2026,일본,프랑스,1.0
775,2026,일본,독일,1.0
776,2026,일본,가나,0.6
777,2026,일본,그리스,0.0
778,2026,일본,온두라스,1.0
779,2026,일본,이란,0.5
780,2026,일본,이탈리아,0.0
781,2026,일본,코트디부아르,0.5
782,2026,일본,멕시코,0.0
783,2026,일본,네덜란드,0.0
784,2026,일본,파라과이,1.0
785,2026,일본,폴란드,0.0
786,2026,일본,카타르,0.6666666666666666
787,2026,일본,사우디아라비아,0.6
788,2026,일본,세네갈,0.0
789,2026,일본,세르비아,0.3333333333333333
790,2026,일본,대한민국,0.5
791,2026,일본,스페인,1.0
792,2026,일본,스위스,0.5
793,2026,일본,튀니지,0.5
794,2026,일본,미국,0.3333333333333333
795,2026,일본,우루과이,0.25
796,2026,멕시코,앙골라,0.5
797,2026,멕시코,아르헨티나,0.0
798,2026,멕시코,브라질,0.3333333333333333
799,2026,멕시코,카메룬,1.0
800,2026,멕시코,캐나다,0.875
801,2026,멕시코,칠레,0.4285714285714285
802,2026,멕시코,콜롬비아,0.1666666666666666
803,2026,멕시코,코스타리카,0.9230769230769232
804,2026,멕시코,크로아티아,0.3333333333333333
805,2026,멕시코,덴마크,0.0
806,2026,멕시코,에콰도르,0.625
807,2026,멕시코,잉글랜드,0.0
808,2026,멕시코,프랑스,0.5
809,2026,멕시코,독일,0.5
810,2026,멕시코,가나,1.0
811,2026,멕시코,온두라스,0.65
812,2026,멕시코,이란,1.0
813,2026,멕시코,이탈리아,0.5
814,2026,멕시코,코트디부아르,1.0
815,2026,멕시코,일본,1.0
816,2026,멕시코,네덜란드,0.4
817,2026,멕시코,나이지리아,1.0
818,2026,멕시코,노르웨이,1.0
819,2026,멕시코,파라과이,0.7777777777777778
820,2026,멕시코,폴란드,0.5
821,2026,멕시코,포르투갈,0.0
822,2026,멕시코,카타르,0.0
823,2026,멕시코,사우디아라비아,1.0
824,2026,멕시코,세네갈,1.0
825,2026,멕시코,세르비아,1.0
826,2026,멕시코,남아프리카공화국,1.0
827,2026,멕시코,대한민국,0.75
828,2026,멕시코,스웨덴,0.0
829,2026,멕시코,스위스,0.0
830,2026,멕시코,미국,0.4285714285714285
831,2026,멕시코,우루과이,0.2857142857142857
832,2026,모로코,알제리,0.5
833,2026,모로코,앙골라,0.75
834,2026,모로코,아르헨티나,0.0
835,2026,모로코,벨기에,1.0
836,2026,모로코,브라질,1.0
837,2026,모로코,카메룬,0.3333333333333333
838,2026,모로코,캐나다,1.0
839,2026,모로코,칠레,1.0
840,2026,모로코,콜롬비아,0.0
841,2026,모로코,크로아티아,0.0
842,2026,모로코,이집트,0.0
843,2026,모로코,프랑스,0.0
844,2026,모로코,가나,0.5
845,2026,모로코,이란,0.0
846,2026,모로코,코트디부아르,0.6
847,2026,모로코,네덜란드,0.0
848,2026,모로코,포르투갈,0.5
849,2026,모로코,사우디아라비아,0.5
850,2026,모로코,세네갈,0.75
851,2026,모로코,세르비아,1.0
852,2026,모로코,남아프리카공화국,0.5
853,2026,모로코,대한민국,1.0
854,2026,모로코,스페인,0.5
855,2026,모로코,튀니지,0.75
856,2026,모로코,미국,0.5
857,2026,모로코,우루과이,0.0
858,2026,네덜란드,아르헨티나,0.0
859,2026,네덜란드,호주,0.5
860,2026,네덜란드,오스트리아,0.8
861,2026,네덜란드,벨기에,0.6666666666666666
862,2026,네덜란드,브라질,1.0
863,2026,네덜란드,카메룬,1.0
864,2026,네덜란드,캐나다,1.0
865,2026,네덜란드,칠레,1.0
866,2026,네덜란드,코스타리카,0.0
867,2026,네덜란드,크로아티아,0.5
868,2026,네덜란드,체코,0.0
869,2026,네덜란드,덴마크,0.6666666666666666
870,2026,네덜란드,에콰도르,0.5
871,2026,네덜란드,잉글랜드,0.6
872,2026,네덜란드,프랑스,0.2222222222222222
873,2026,네덜란드,독일,0.2857142857142857
874,2026,네덜란드,가나,1.0
875,2026,네덜란드,그리스,0.6666666666666666
876,2026,네덜란드,이탈리아,0.2
877,2026,네덜란드,코트디부아르,1.0
878,2026,네덜란드,일본,1.0
879,2026,네덜란드,멕시코,0.6
880,2026,네덜란드,모로코,1.0
881,2026,네덜란드,노르웨이,1.0
882,2026,네덜란드,폴란드,1.0
883,2026,네덜란드,포르투갈,0.25
884,2026,네덜란드,카타르,1.0
885,2026,네덜란드,세네갈,1.0
886,2026,네덜란드,세르비아,1.0
887,2026,네덜란드,슬로베니아,1.0
888,2026,네덜란드,대한민국,1.0
889,2026,네덜란드,스페인,0.6666666666666666
890,2026,네덜란드,스웨덴,0.75
891,2026,네덜란드,스위스,0.0
892,2026,네덜란드,미국,0.6666666666666666
893,2026,네덜란드,우루과이,1.0
894,2026,나이지리아,알제리,0.3333333333333333
895,2026,나이지리아,앙골라,1.0
896,2026,나이지리아,아르헨티나,0.3333333333333333
897,2026,나이지리아,호주,0.0
898,2026,나이지리아,카메룬,0.8
899,2026,나이지리아,콜롬비아,0.0
900,2026,나이지리아,코스타리카,0.0
901,2026,나이지리아,크로아티아,0.0
902,2026,나이지리아,체코,0.0
903,2026,나이지리아,에콰도르,0.0
904,2026,나이지리아,이집트,0.4
905,2026,나이지리아,잉글랜드,0.0
906,2026,나이지리아,프랑스,0.5
907,2026,나이지리아,가나,0.5
908,2026,나이지리아,그리스,0.0
909,2026,나이지리아,이란,1.0
910,2026,나이지리아,코트디부아르,0.3333333333333333
911,2026,나이지리아,멕시코,0.0
912,2026,나이지리아,폴란드,1.0
913,2026,나이지리아,포르투갈,0.0
914,2026,나이지리아,세네갈,0.6666666666666666
915,2026,나이지리아,세르비아,0.0
916,2026,나이지리아,남아프리카공화국,0.8
917,2026,나이지리아,대한민국,0.0
918,2026,나이지리아,스페인,0.0
919,2026,나이지리아,스위스,1.0
920,2026,나이지리아,튀니지,0.5
921,2026,나이지리아,미국,0.0
922,2026,나이지리아,우루과이,0.0
923,2026,노르웨이,아르헨티나,1.0
924,2026,노르웨이,호주,1.0
925,2026,노르웨이,오스트리아,0.3333333333333333
926,2026,노르웨이,벨기에,0.0
927,2026,노르웨이,크로아티아,0.25
928,2026,노르웨이,체코,0.3333333333333333
929,2026,노르웨이,덴마크,0.0
930,2026,노르웨이,잉글랜드,0.0
931,2026,노르웨이,프랑스,0.5
932,2026,노르웨이,독일,0.3333333333333333
933,2026,노르웨이,그리스,0.0
934,2026,노르웨이,이탈리아,0.3333333333333333
935,2026,노르웨이,멕시코,0.0
936,2026,노르웨이,네덜란드,0.0
937,2026,노르웨이,폴란드,0.0
938,2026,노르웨이,포르투갈,0.3333333333333333
939,2026,노르웨이,세네갈,0.0
940,2026,노르웨이,세르비아,0.3333333333333333
941,2026,노르웨이,슬로베니아,0.6666666666666666
942,2026,노르웨이,남아프리카공화국,0.6666666666666666
943,2026,노르웨이,스페인,0.0
944,2026,노르웨이,스웨덴,0.6666666666666666
945,2026,노르웨이,스위스,0.5
946,2026,노르웨이,미국,0.0
947,2026,파라과이,아르헨티나,0.3
948,2026,파라과이,호주,0.0
949,2026,파라과이,브라질,0.25
950,2026,파라과이,카메룬,1.0
951,2026,파라과이,칠레,0.3529411764705882
952,2026,파라과이,콜롬비아,0.2142857142857142
953,2026,파라과이,코스타리카,0.5
954,2026,파라과이,에콰도르,0.6666666666666666
955,2026,파라과이,잉글랜드,0.0
956,2026,파라과이,프랑스,0.0
957,2026,파라과이,그리스,1.0
958,2026,파라과이,온두라스,0.5
959,2026,파라과이,이탈리아,1.0
960,2026,파라과이,일본,0.0
961,2026,파라과이,멕시코,0.2222222222222222
962,2026,파라과이,카타르,0.0
963,2026,파라과이,세르비아,0.0
964,2026,파라과이,남아프리카공화국,0.0
965,2026,파라과이,대한민국,0.0
966,2026,파라과이,스페인,0.0
967,2026,파라과이,스웨덴,0.0
968,2026,파라과이,미국,0.5
969,2026,파라과이,우루과이,0.25
970,2026,폴란드,아르헨티나,0.5
971,2026,폴란드,호주,0.0
972,2026,폴란드,오스트리아,0.5
973,2026,폴란드,벨기에,0.5
974,2026,폴란드,카메룬,0.0
975,2026,폴란드,캐나다,1.0
976,2026,폴란드,칠레,1.0
977,2026,폴란드,콜롬비아,0.0
978,2026,폴란드,코스타리카,1.0
979,2026,폴란드,크로아티아,0.3333333333333333
980,2026,폴란드,체코,0.4285714285714285
981,2026,폴란드,덴마크,0.5
982,2026,폴란드,에콰도르,0.0
983,2026,폴란드,잉글랜드,0.0
984,2026,폴란드,프랑스,0.0
985,2026,폴란드,독일,0.4
986,2026,폴란드,그리스,1.0
987,2026,폴란드,이탈리아,0.0
988,2026,폴란드,코트디부아르,1.0
989,2026,폴란드,일본,1.0
990,2026,폴란드,멕시코,0.5
991,2026,폴란드,네덜란드,0.0
992,2026,폴란드,나이지리아,0.0
993,2026,폴란드,노르웨이,1.0
994,2026,폴란드,포르투갈,0.25
995,2026,폴란드,사우디아라비아,1.0
996,2026,폴란드,세네갈,0.0
997,2026,폴란드,세르비아,1.0
998,2026,폴란드,슬로베니아,0.3333333333333333
999,2026,폴란드,남아프리카공화국,0.5
1000,2026,폴란드,대한민국,1.0
1001,2026,폴란드,스페인,0.0
1002,2026,폴란드,스웨덴,0.5
1003,2026,폴란드,미국,0.0
1004,2026,폴란드,우루과이,0.0
1005,2026,포르투갈,알제리,1.0
1006,2026,포르투갈,앙골라,1.0
1007,2026,포르투갈,아르헨티나,0.5
1008,2026,포르투갈,벨기에,0.75
1009,2026,포르투갈,브라질,0.25
1010,2026,포르투갈,카메룬,1.0
1011,2026,포르투갈,크로아티아,0.8333333333333334
1012,2026,포르투갈,체코,1.0
1013,2026,포르투갈,덴마크,0.5555555555555556
1014,2026,포르투갈,에콰도르,0.0
1015,2026,포르투갈,이집트,1.0
1016,2026,포르투갈,잉글랜드,0.5
1017,2026,포르투갈,프랑스,0.2
1018,2026,포르투갈,독일,0.1666666666666666
1019,2026,포르투갈,가나,1.0
1020,2026,포르투갈,그리스,0.0
1021,2026,포르투갈,이란,1.0
1022,2026,포르투갈,이탈리아,0.6666666666666666
1023,2026,포르투갈,코트디부아르,1.0
1024,2026,포르투갈,멕시코,1.0
1025,2026,포르투갈,모로코,0.5
1026,2026,포르투갈,네덜란드,0.75
1027,2026,포르투갈,나이지리아,1.0
1028,2026,포르투갈,노르웨이,0.6666666666666666
1029,2026,포르투갈,폴란드,0.75
1030,2026,포르투갈,카타르,1.0
1031,2026,포르투갈,사우디아라비아,1.0
1032,2026,포르투갈,세르비아,0.75
1033,2026,포르투갈,슬로베니아,0.0
1034,2026,포르투갈,남아프리카공화국,1.0
1035,2026,포르투갈,대한민국,0.0
1036,2026,포르투갈,스페인,0.25
1037,2026,포르투갈,스웨덴,0.8333333333333334
1038,2026,포르투갈,스위스,0.5714285714285714
1039,2026,포르투갈,미국,1.0
1040,2026,포르투갈,우루과이,0.5
1041,2026,카타르,알제리,0.3333333333333333
1042,2026,카타르,아르헨티나,0.0
1043,2026,카타르,호주,0.25
1044,2026,카타르,벨기에,0.0
1045,2026,카타르,브라질,0.0
1046,2026,카타르,캐나다,0.0
1047,2026,카타르,콜롬비아,0.0
1048,2026,카타르,크로아티아,0.0
1049,2026,카타르,체코,0.0
1050,2026,카타르,에콰도르,0.5
1051,2026,카타르,이집트,0.6666666666666666
1052,2026,카타르,가나,0.0
1053,2026,카타르,온두라스,1.0
1054,2026,카타르,이란,0.25
1055,2026,카타르,코트디부아르,0.0
1056,2026,카타르,일본,0.3333333333333333
1057,2026,카타르,멕시코,1.0
1058,2026,카타르,네덜란드,0.0
1059,2026,카타르,파라과이,1.0
1060,2026,카타르,포르투갈,0.0
1061,2026,카타르,사우디아라비아,0.6666666666666666
1062,2026,카타르,세네갈,0.0
1063,2026,카타르,세르비아,0.3333333333333333
1064,2026,카타르,슬로베니아,0.5
1065,2026,카타르,대한민국,0.3333333333333333
1066,2026,카타르,스위스,1.0
1067,2026,카타르,미국,0.0
1068,2026,사우디아라비아,알제리,1.0
1069,2026,사우디아라비아,아르헨티나,1.0
1070,2026,사우디아라비아,호주,0.1666666666666666
1071,2026,사우디아라비아,벨기에,0.0
1072,2026,사우디아라비아,브라질,0.0
1073,2026,사우디아라비아,콜롬비아,0.0
1074,2026,사우디아라비아,코스타리카,0.0
1075,2026,사우디아라비아,크로아티아,0.0
1076,2026,사우디아라비아,체코,0.0
1077,2026,사우디아라비아,이집트,1.0
1078,2026,사우디아라비아,독일,0.0
1079,2026,사우디아라비아,가나,0.5
1080,2026,사우디아라비아,그리스,1.0
1081,2026,사우디아라비아,이란,1.0
1082,2026,사우디아라비아,이탈리아,0.0
1083,2026,사우디아라비아,일본,0.4
1084,2026,사우디아라비아,멕시코,0.0
1085,2026,사우디아라비아,모로코,0.5
1086,2026,사우디아라비아,폴란드,0.0
1087,2026,사우디아라비아,포르투갈,0.0
1088,2026,사우디아라비아,카타르,0.3333333333333333
1089,2026,사우디아라비아,대한민국,0.0
1090,2026,사우디아라비아,스페인,0.0
1091,2026,사우디아라비아,튀니지,1.0
1092,2026,사우디아라비아,미국,0.0
1093,2026,사우디아라비아,우루과이,0.0
1094,2026,세네갈,알제리,0.1428571428571428
1095,2026,세네갈,앙골라,0.0
1096,2026,세네갈,브라질,1.0
1097,2026,세네갈,카메룬,1.0
1098,2026,세네갈,콜롬비아,0.0
1099,2026,세네갈,크로아티아,0.0
1100,2026,세네갈,덴마크,0.0
1101,2026,세네갈,에콰도르,1.0
1102,2026,세네갈,이집트,0.6
1103,2026,세네갈,잉글랜드,0.5
1104,2026,세네갈,가나,0.6666666666666666
1105,2026,세네갈,그리스,1.0
1106,2026,세네갈,코트디부아르,0.25
1107,2026,세네갈,일본,1.0
1108,2026,세네갈,멕시코,0.0
1109,2026,세네갈,모로코,0.25
1110,2026,세네갈,네덜란드,0.0
1111,2026,세네갈,나이지리아,0.3333333333333333
1112,2026,세네갈,노르웨이,1.0
1113,2026,세네갈,폴란드,1.0
1114,2026,세네갈,카타르,1.0
1115,2026,세네갈,남아프리카공화국,0.6666666666666666
1116,2026,세네갈,대한민국,0.5
1117,2026,세네갈,튀니지,0.6666666666666666
1118,2026,세르비아,알제리,1.0
1119,2026,세르비아,아르헨티나,0.0
1120,2026,세르비아,호주,0.0
1121,2026,세르비아,오스트리아,0.6666666666666666
1122,2026,세르비아,벨기에,0.2
1123,2026,세르비아,브라질,0.0
1124,2026,세르비아,카메룬,1.0
1125,2026,세르비아,칠레,0.5
1126,2026,세르비아,콜롬비아,0.0
1127,2026,세르비아,코스타리카,1.0
1128,2026,세르비아,크로아티아,0.0
1129,2026,세르비아,체코,0.5
1130,2026,세르비아,덴마크,0.0
1131,2026,세르비아,잉글랜드,0.0
1132,2026,세르비아,프랑스,0.0
1133,2026,세르비아,독일,0.5
1134,2026,세르비아,가나,0.0
1135,2026,세르비아,그리스,0.5
1136,2026,세르비아,온두라스,0.0
1137,2026,세르비아,이탈리아,0.0
1138,2026,세르비아,코트디부아르,0.0
1139,2026,세르비아,일본,0.6666666666666666
1140,2026,세르비아,멕시코,0.0
1141,2026,세르비아,모로코,0.0
1142,2026,세르비아,네덜란드,0.0
1143,2026,세르비아,나이지리아,1.0
1144,2026,세르비아,노르웨이,0.6666666666666666
1145,2026,세르비아,파라과이,1.0
1146,2026,세르비아,폴란드,0.0
1147,2026,세르비아,포르투갈,0.25
1148,2026,세르비아,카타르,0.6666666666666666
1149,2026,세르비아,슬로베니아,0.5
1150,2026,세르비아,남아프리카공화국,1.0
1151,2026,세르비아,대한민국,0.5
1152,2026,세르비아,스페인,0.0
1153,2026,세르비아,스웨덴,0.8
1154,2026,세르비아,스위스,0.3333333333333333
1155,2026,세르비아,튀니지,1.0
1156,2026,세르비아,미국,1.0
1157,2026,슬로베니아,알제리,0.5
1158,2026,슬로베니아,아르헨티나,0.0
1159,2026,슬로베니아,호주,1.0
1160,2026,슬로베니아,오스트리아,0.0
1161,2026,슬로베니아,벨기에,0.0
1162,2026,슬로베니아,캐나다,1.0
1163,2026,슬로베니아,콜롬비아,0.0
1164,2026,슬로베니아,크로아티아,0.3333333333333333
1165,2026,슬로베니아,체코,0.0
1166,2026,슬로베니아,덴마크,0.0
1167,2026,슬로베니아,잉글랜드,0.0
1168,2026,슬로베니아,이탈리아,0.0
1169,2026,슬로베니아,코트디부아르,0.0
1170,2026,슬로베니아,네덜란드,0.0
1171,2026,슬로베니아,노르웨이,0.3333333333333333
1172,2026,슬로베니아,폴란드,0.6666666666666666
1173,2026,슬로베니아,포르투갈,1.0
1174,2026,슬로베니아,카타르,0.5
1175,2026,슬로베니아,세르비아,0.5
1176,2026,슬로베니아,스웨덴,0.0
1177,2026,슬로베니아,스위스,0.2
1178,2026,슬로베니아,미국,0.3333333333333333
1179,2026,남아프리카공화국,알제리,0.0
1180,2026,남아프리카공화국,앙골라,1.0
1181,2026,남아프리카공화국,브라질,0.0
1182,2026,남아프리카공화국,카메룬,1.0
1183,2026,남아프리카공화국,캐나다,1.0
1184,2026,남아프리카공화국,칠레,0.0
1185,2026,남아프리카공화국,콜롬비아,1.0
1186,2026,남아프리카공화국,덴마크,1.0
1187,2026,남아프리카공화국,이집트,0.8
1188,2026,남아프리카공화국,프랑스,0.5
1189,2026,남아프리카공화국,독일,0.0
1190,2026,남아프리카공화국,가나,0.5
1191,2026,남아프리카공화국,이탈리아,0.0
1192,2026,남아프리카공화국,코트디부아르,0.5
1193,2026,남아프리카공화국,멕시코,0.0
1194,2026,남아프리카공화국,모로코,0.5
1195,2026,남아프리카공화국,나이지리아,0.2
1196,2026,남아프리카공화국,노르웨이,0.3333333333333333
1197,2026,남아프리카공화국,파라과이,1.0
1198,2026,남아프리카공화국,폴란드,0.5
1199,2026,남아프리카공화국,포르투갈,0.0
1200,2026,남아프리카공화국,세네갈,0.3333333333333333
1201,2026,남아프리카공화국,세르비아,0.0
1202,2026,남아프리카공화국,스페인,0.3333333333333333
1203,2026,남아프리카공화국,튀니지,0.0
1204,2026,남아프리카공화국,미국,0.0
1205,2026,남아프리카공화국,우루과이,0.0
1206,2026,대한민국,알제리,0.0
1207,2026,대한민국,앙골라,1.0
1208,2026,대한민국,아르헨티나,0.0
1209,2026,대한민국,호주,0.6666666666666666
1210,2026,대한민국,벨기에,0.0
1211,2026,대한민국,브라질,0.0
1212,2026,대한민국,카메룬,1.0
1213,2026,대한민국,캐나다,1.0
1214,2026,대한민국,칠레,0.5
1215,2026,대한민국,콜롬비아,1.0
1216,2026,대한민국,코스타리카,0.5
1217,2026,대한민국,크로아티아,0.3333333333333333
1218,2026,대한민국,체코,1.0
1219,2026,대한민국,에콰도르,1.0
1220,2026,대한민국,이집트,1.0
1221,2026,대한민국,프랑스,1.0
1222,2026,대한민국,독일,1.0
1223,2026,대한민국,가나,0.2
1224,2026,대한민국,그리스,1.0
1225,2026,대한민국,온두라스,1.0
1226,2026,대한민국,이란,0.25
1227,2026,대한민국,코트디부아르,1.0
1228,2026,대한민국,일본,0.5
1229,2026,대한민국,멕시코,0.25
1230,2026,대한민국,모로코,0.0
1231,2026,대한민국,네덜란드,0.0
1232,2026,대한민국,나이지리아,1.0
1233,2026,대한민국,파라과이,1.0
1234,2026,대한민국,폴란드,0.0
1235,2026,대한민국,포르투갈,1.0
1236,2026,대한민국,카타르,0.6666666666666666
1237,2026,대한민국,사우디아라비아,1.0
1238,2026,대한민국,세네갈,0.5
1239,2026,대한민국,세르비아,0.5
1240,2026,대한민국,스페인,0.0
1241,2026,대한민국,스웨덴,0.0
1242,2026,대한민국,스위스,0.5
1243,2026,대한민국,튀니지,0.5
1244,2026,대한민국,미국,0.5
1245,2026,대한민국,우루과이,0.3333333333333333
1246,2026,스페인,아르헨티나,0.75
1247,2026,스페인,호주,1.0
1248,2026,스페인,오스트리아,1.0
1249,2026,스페인,벨기에,1.0
1250,2026,스페인,브라질,0.0
1251,2026,스페인,칠레,0.75
1252,2026,스페인,콜롬비아,0.5
1253,2026,스페인,코스타리카,1.0
1254,2026,스페인,크로아티아,0.7142857142857143
1255,2026,스페인,체코,1.0
1256,2026,스페인,덴마크,1.0
1257,2026,스페인,에콰도르,1.0
1258,2026,스페인,이집트,1.0
1259,2026,스페인,잉글랜드,0.7142857142857143
1260,2026,스페인,프랑스,0.7
1261,2026,스페인,독일,0.6666666666666666
1262,2026,스페인,그리스,1.0
1263,2026,스페인,온두라스,1.0
1264,2026,스페인,이란,1.0
1265,2026,스페인,이탈리아,0.7777777777777778
1266,2026,스페인,코트디부아르,1.0
1267,2026,스페인,일본,0.0
1268,2026,스페인,모로코,0.5
1269,2026,스페인,네덜란드,0.3333333333333333
1270,2026,스페인,나이지리아,1.0
1271,2026,스페인,노르웨이,1.0
1272,2026,스페인,파라과이,1.0
1273,2026,스페인,폴란드,1.0
1274,2026,스페인,포르투갈,0.75
1275,2026,스페인,사우디아라비아,1.0
1276,2026,스페인,세르비아,1.0
1277,2026,스페인,남아프리카공화국,0.6666666666666666
1278,2026,스페인,대한민국,1.0
1279,2026,스페인,스웨덴,0.6666666666666666
1280,2026,스페인,스위스,0.6666666666666666
1281,2026,스페인,튀니지,1.0
1282,2026,스페인,미국,0.6666666666666666
1283,2026,스페인,우루과이,1.0
1284,2026,스웨덴,알제리,1.0
1285,2026,스웨덴,아르헨티나,0.0
1286,2026,스웨덴,오스트리아,0.2857142857142857
1287,2026,스웨덴,벨기에,0.0
1288,2026,스웨덴,브라질,0.0
1289,2026,스웨덴,칠레,0.0
1290,2026,스웨덴,코스타리카,1.0
1291,2026,스웨덴,크로아티아,0.6666666666666666
1292,2026,스웨덴,체코,1.0
1293,2026,스웨덴,덴마크,0.3333333333333333
1294,2026,스웨덴,에콰도르,0.0
1295,2026,스웨덴,이집트,0.0
1296,2026,스웨덴,잉글랜드,0.2
1297,2026,스웨덴,프랑스,0.2857142857142857
1298,2026,스웨덴,독일,0.0
1299,2026,스웨덴,그리스,0.6666666666666666
1300,2026,스웨덴,이란,1.0
1301,2026,스웨덴,이탈리아,0.3333333333333333
1302,2026,스웨덴,코트디부아르,0.3333333333333333
1303,2026,스웨덴,멕시코,1.0
1304,2026,스웨덴,네덜란드,0.25
1305,2026,스웨덴,노르웨이,0.3333333333333333
1306,2026,스웨덴,파라과이,1.0
1307,2026,스웨덴,폴란드,0.5
1308,2026,스웨덴,포르투갈,0.1666666666666666
1309,2026,스웨덴,세르비아,0.2
1310,2026,스웨덴,슬로베니아,1.0
1311,2026,스웨덴,대한민국,1.0
1312,2026,스웨덴,스페인,0.3333333333333333
1313,2026,스웨덴,스위스,1.0
1314,2026,스웨덴,미국,0.3333333333333333
1315,2026,스위스,아르헨티나,0.0
1316,2026,스위스,오스트리아,0.75
1317,2026,스위스,벨기에,0.25
1318,2026,스위스,브라질,0.5
1319,2026,스위스,카메룬,1.0
1320,2026,스위스,칠레,0.5
1321,2026,스위스,콜롬비아,0.0
1322,2026,스위스,코스타리카,0.3333333333333333
1323,2026,스위스,크로아티아,0.5
1324,2026,스위스,체코,0.3333333333333333
1325,2026,스위스,덴마크,0.0
1326,2026,스위스,에콰도르,1.0
1327,2026,스위스,잉글랜드,0.0
1328,2026,스위스,프랑스,0.5
1329,2026,스위스,독일,0.3333333333333333
1330,2026,스위스,가나,0.0
1331,2026,스위스,그리스,1.0
1332,2026,스위스,온두라스,0.5
1333,2026,스위스,이탈리아,0.5
1334,2026,스위스,일본,0.5
1335,2026,스위스,멕시코,1.0
1336,2026,스위스,네덜란드,1.0
1337,2026,스위스,나이지리아,0.0
1338,2026,스위스,노르웨이,0.5
1339,2026,스위스,포르투갈,0.4285714285714285
1340,2026,스위스,카타르,0.0
1341,2026,스위스,세르비아,0.6666666666666666
1342,2026,스위스,슬로베니아,0.8
1343,2026,스위스,대한민국,0.5
1344,2026,스위스,스페인,0.3333333333333333
1345,2026,스위스,스웨덴,0.0
1346,2026,스위스,튀니지,1.0
1347,2026,스위스,미국,0.6666666666666666
1348,2026,스위스,우루과이,0.0
1349,2026,튀니지,알제리,0.3333333333333333
1350,2026,튀니지,호주,0.0
1351,2026,튀니지,벨기에,0.0
1352,2026,튀니지,브라질,0.0
1353,2026,튀니지,카메룬,0.0
1354,2026,튀니지,칠레,1.0
1355,2026,튀니지,코스타리카,1.0
1356,2026,튀니지,크로아티아,1.0
1357,2026,튀니지,덴마크,1.0
1358,2026,튀니지,이집트,0.75
1359,2026,튀니지,잉글랜드,0.0
1360,2026,튀니지,프랑스,0.5
1361,2026,튀니지,가나,0.3333333333333333
1362,2026,튀니지,이란,1.0
1363,2026,튀니지,코트디부아르,0.25
1364,2026,튀니지,일본,0.5
1365,2026,튀니지,모로코,0.25
1366,2026,튀니지,나이지리아,0.5
1367,2026,튀니지,사우디아라비아,0.0
1368,2026,튀니지,세네갈,0.3333333333333333
1369,2026,튀니지,세르비아,0.0
1370,2026,튀니지,남아프리카공화국,1.0
1371,2026,튀니지,대한민국,0.5
1372,2026,튀니지,스페인,0.0
1373,2026,튀니지,스위스,0.0
1374,2026,미국,알제리,1.0
1375,2026,미국,아르헨티나,0.0
1376,2026,미국,호주,1.0
1377,2026,미국,오스트리아,0.0
1378,2026,미국,벨기에,0.0
1379,2026,미국,브라질,0.0
1380,2026,미국,캐나다,0.5555555555555556
1381,2026,미국,칠레,0.0
1382,2026,미국,콜롬비아,0.0
1383,2026,미국,코스타리카,0.6
1384,2026,미국,체코,0.3333333333333333
1385,2026,미국,덴마크,0.0
1386,2026,미국,에콰도르,0.75
1387,2026,미국,이집트,1.0
1388,2026,미국,잉글랜드,0.5
1389,2026,미국,프랑스,0.0
1390,2026,미국,독일,0.4
1391,2026,미국,가나,0.6
1392,2026,미국,온두라스,0.8571428571428571
1393,2026,미국,이란,1.0
1394,2026,미국,이탈리아,0.5
1395,2026,미국,일본,0.6666666666666666
1396,2026,미국,멕시코,0.5714285714285714
1397,2026,미국,모로코,0.5
1398,2026,미국,네덜란드,0.3333333333333333
1399,2026,미국,나이지리아,1.0
1400,2026,미국,노르웨이,1.0
1401,2026,미국,파라과이,0.5
1402,2026,미국,폴란드,1.0
1403,2026,미국,포르투갈,0.0
1404,2026,미국,카타르,1.0
1405,2026,미국,사우디아라비아,1.0
1406,2026,미국,세르비아,0.0
1407,2026,미국,슬로베니아,0.6666666666666666
1408,2026,미국,남아프리카공화국,1.0
1409,2026,미국,대한민국,0.5
1410,2026,미국,스페인,0.3333333333333333
1411,2026,미국,스웨덴,0.6666666666666666
1412,2026,미국,스위스,0.3333333333333333
1413,2026,미국,우루과이,0.0
1414,2026,우루과이,알제리,0.0
1415,2026,우루과이,앙골라,1.0
1416,2026,우루과이,아르헨티나,0.1818181818181818
1417,2026,우루과이,호주,1.0
1418,2026,우루과이,오스트리아,0.0
1419,2026,우루과이,브라질,0.125
1420,2026,우루과이,캐나다,1.0
1421,2026,우루과이,칠레,0.6363636363636364
1422,2026,우루과이,콜롬비아,0.7
1423,2026,우루과이,코스타리카,0.6666666666666666
1424,2026,우루과이,체코,1.0
1425,2026,우루과이,에콰도르,0.5
1426,2026,우루과이,이집트,1.0
1427,2026,우루과이,잉글랜드,0.5
1428,2026,우루과이,프랑스,0.25
1429,2026,우루과이,독일,0.0
1430,2026,우루과이,가나,0.5
1431,2026,우루과이,이란,0.0
1432,2026,우루과이,이탈리아,0.6666666666666666
1433,2026,우루과이,코트디부아르,0.0
1434,2026,우루과이,일본,0.75
1435,2026,우루과이,멕시코,0.7142857142857143
1436,2026,우루과이,모로코,1.0
1437,2026,우루과이,네덜란드,0.0
1438,2026,우루과이,나이지리아,1.0
1439,2026,우루과이,파라과이,0.75
1440,2026,우루과이,폴란드,1.0
1441,2026,우루과이,포르투갈,0.5
1442,2026,우루과이,사우디아라비아,1.0
1443,2026,우루과이,남아프리카공화국,1.0
1444,2026,우루과이,대한민국,0.6666666666666666
1445,2026,우루과이,스페인,0.0
1446,2026,우루과이,스위스,1.0
1447,2026,우루과이,미국,1.0
