team,rank,wc_year,total_points,rank_diff,points_diff
Afghanistan,198.33,2006,54.33,,
Afghanistan,188.0,2010,29.33,-10.33,-25.0
Afghanistan,159.33,2014,139.67,-28.67,110.34
Afghanistan,145.67,2018,191.33,-13.66,51.66
Afghanistan,143.33,2022,1077.11,-2.34,885.78
Afghanistan,157.0,2026,1015.83,13.67,-61.28
Albania,88.0,2002,441.33,,
Albania,89.0,2006,488.33,1.0,47.0
Albania,91.0,2010,377.33,2.0,-111.0
Albania,66.67,2014,512.0,-24.33,134.67
Albania,43.67,2018,702.33,-23.0,190.33
Albania,65.33,2022,1363.91,21.66,661.58
Albania,65.0,2026,1378.68,-0.33,14.77
Algeria,77.33,2002,470.33,,
Algeria,72.0,2006,528.0,-5.33,57.67
Algeria,68.33,2010,508.33,-3.67,-19.67
Algeria,34.0,2014,700.33,-34.33,192.0
Algeria,33.75,2018,805.75,-0.25,105.42
Algeria,34.33,2022,1482.21,0.58,676.46
Algeria,37.67,2026,1498.76,3.34,16.55
American Samoa,200.33,2002,10.0,,
American Samoa,203.0,2006,17.67,2.67,7.67
American Samoa,201.0,2010,0.0,-2.0,-17.67
American Samoa,187.33,2014,42.67,-13.67,42.67
American Samoa,194.0,2018,39.67,6.67,-3.0
American Samoa,184.67,2022,983.62,-9.33,943.95
American Samoa,188.0,2026,883.17,3.33,-100.45
Andorra,147.0,2002,225.0,,
Andorra,137.67,2006,317.67,-9.33,92.67
Andorra,183.33,2010,36.67,45.66,-281.0
Andorra,200.0,2014,10.33,16.67,-26.34
Andorra,183.0,2018,69.33,-17.0,59.0
Andorra,138.0,2022,1075.5,-45.0,1006.17
Andorra,165.33,2026,986.99,27.33,-88.51
Angola,54.0,2002,535.33,,
Angola,77.33,2006,517.0,23.33,-18.33
Angola,73.0,2010,440.0,-4.33,-77.0
Angola,84.33,2014,413.33,11.33,-26.67
Angola,119.67,2018,282.33,35.34,-131.0
Angola,122.5,2022,1148.5,2.83,866.17
Angola,97.0,2026,1239.17,-25.5,90.67
Anguilla,197.0,2002,33.0,,
Anguilla,196.67,2006,60.0,-0.33,27.0
Anguilla,200.0,2010,1.33,3.33,-58.67
Anguilla,201.67,2014,5.0,1.67,3.67
Anguilla,206.33,2018,0.0,4.66,-5.0
Anguilla,191.25,2022,937.61,-15.08,937.61
Anguilla,207.5,2026,783.88,16.25,-153.73
Antigua and Barbuda,150.33,2002,213.67,,
Antigua and Barbuda,158.0,2006,233.0,7.67,19.33
Antigua and Barbuda,119.67,2010,260.67,-38.33,27.67
Antigua and Barbuda,104.33,2014,329.33,-15.34,68.66
Antigua and Barbuda,103.67,2018,320.33,-0.66,-9.0
Antigua and Barbuda,126.0,2022,1132.0,22.33,811.67
Antigua and Barbuda,150.0,2026,1038.8,24.0,-93.2
Argentina,4.33,2002,754.33,,
Argentina,3.67,2006,767.67,-0.66,13.34
Argentina,5.67,2010,1264.67,2.0,497.0
Argentina,6.33,2014,1136.0,0.66,-128.67
Argentina,1.75,2018,1463.75,-4.58,327.75
Argentina,8.33,2022,1654.1,6.58,190.35
Argentina,1.67,2026,1870.25,-6.66,216.15
Armenia,88.67,2002,438.33,,
Armenia,112.33,2006,408.0,23.66,-30.33
Armenia,103.33,2010,327.33,-9.0,-80.67
Armenia,50.67,2014,592.33,-52.66,265.0
Armenia,92.67,2018,375.0,42.0,-217.33
Armenia,95.33,2022,1239.8,2.66,864.8
Armenia,96.67,2026,1234.82,1.34,-4.98
Aruba,185.0,2002,81.33,,
Aruba,196.33,2006,66.33,11.33,-15.0
Aruba,197.0,2010,11.0,0.67,-55.33
Aruba,163.67,2014,113.33,-33.33,102.33
Aruba,158.67,2018,149.33,-5.0,36.0
Aruba,182.25,2022,966.02,23.58,816.69
Aruba,193.0,2026,862.69,10.75,-103.33
Australia,60.67,2002,520.0,,
Australia,57.0,2006,558.0,-3.67,38.0
Australia,33.67,2010,727.33,-23.33,169.33
Australia,32.33,2014,754.33,-1.34,27.0
Australia,52.0,2018,617.67,19.67,-136.66
Australia,39.0,2022,1464.0,-13.0,846.33
Australia,25.67,2026,1553.17,-13.33,89.17
Austria,39.33,2002,587.67,,
Austria,75.0,2006,521.0,35.67,-66.67
Austria,85.33,2010,407.33,10.33,-113.67
Austria,57.67,2014,559.67,-27.66,152.34
Austria,27.25,2018,886.75,-30.42,327.08
Austria,27.67,2022,1504.27,0.42,617.52
Austria,23.0,2026,1573.2,-4.67,68.93
Azerbaijan,107.67,2002,380.33,,
Azerbaijan,116.33,2006,401.0,8.66,20.67
Azerbaijan,130.67,2010,217.67,14.34,-183.33
Azerbaijan,103.67,2014,332.67,-27.0,115.0
Azerbaijan,111.67,2018,310.33,8.0,-22.34
Azerbaijan,112.67,2022,1176.15,1.0,865.82
Azerbaijan,119.33,2026,1156.31,6.66,-19.84
Bahamas,182.33,2002,87.67,,
Bahamas,190.67,2006,90.33,8.34,2.66
Bahamas,170.0,2010,71.67,-20.67,-18.66
Bahamas,174.0,2014,82.33,4.0,10.66
Bahamas,206.33,2018,0.0,32.33,-82.33
Bahamas,202.0,2022,867.5,-4.33,867.5
Bahamas,203.33,2026,822.15,1.33,-45.35
Bahrain,122.67,2002,312.67,,
Bahrain,69.0,2006,525.33,-53.67,212.66
Bahrain,76.0,2010,445.0,7.0,-80.33
Bahrain,111.67,2014,302.33,35.67,-142.67
Bahrain,118.67,2018,279.33,7.0,-23.0
Bahrain,98.33,2022,1227.44,-20.34,948.11
Bahrain,83.33,2026,1285.92,-15.0,58.48
Bangladesh,146.67,2002,224.67,,
Bangladesh,156.67,2006,238.33,10.0,13.66
Bangladesh,173.67,2010,64.33,17.0,-174.0
Bangladesh,157.67,2014,133.0,-16.0,68.67
Bangladesh,184.67,2018,68.33,27.0,-64.67
Bangladesh,165.33,2022,989.93,-19.34,921.6
Bangladesh,186.33,2026,896.73,21.0,-93.2
Barbados,106.67,2002,383.0,,
Barbados,111.0,2006,409.67,4.33,26.67
Barbados,115.33,2010,278.33,4.33,-131.34
Barbados,158.33,2014,128.67,43.0,-149.66
Barbados,157.0,2018,157.33,-1.33,28.66
Barbados,166.0,2022,995.0,9.0,837.67
Barbados,174.67,2026,944.66,8.67,-50.34
Belarus,94.0,2002,422.67,,
Belarus,77.67,2006,516.33,-16.33,93.66
Belarus,68.0,2010,461.0,-9.67,-55.33
Belarus,70.67,2014,485.0,2.67,24.0
Belarus,77.0,2018,454.0,6.33,-31.0
Belarus,86.33,2022,1276.94,9.33,822.94
Belarus,100.67,2026,1216.94,14.34,-60.0
Belgium,27.67,2002,613.0,,
Belgium,31.0,2006,649.0,3.33,36.0
Belgium,61.0,2010,506.0,30.0,-143.0
Belgium,26.67,2014,838.0,-34.33,332.0
Belgium,2.75,2018,1293.0,-23.92,455.0
Belgium,1.0,2022,1785.78,-1.75,492.78
Belgium,6.33,2026,1766.77,5.33,-19.01
Belize,180.0,2002,109.0,,
Belize,176.0,2006,158.0,-4.0,49.0
Belize,183.0,2010,42.67,7.0,-115.33
Belize,141.0,2014,189.0,-42.0,146.33
Belize,154.0,2018,162.0,13.0,-27.0
Belize,177.0,2022,986.76,23.0,824.76
Belize,181.0,2026,916.77,4.0,-69.99
Benin,145.0,2002,228.0,,
Benin,124.0,2006,376.33,-21.0,148.33
Benin,88.0,2010,390.67,-36.0,14.34
Benin,84.33,2014,412.0,-3.67,21.33
Benin,91.33,2018,384.0,7.0,-28.0
Benin,83.0,2022,1292.94,-8.33,908.94
Benin,92.0,2026,1253.48,9.0,-39.46
Bermuda,158.67,2002,185.0,,
Bermuda,166.67,2006,205.0,8.0,20.0
Bermuda,138.0,2010,186.0,-28.67,-19.0
Bermuda,148.67,2014,167.33,10.67,-18.67
Bermuda,166.0,2018,123.0,17.33,-44.33
Bermuda,159.5,2022,1035.2,-6.5,912.2
Bermuda,169.67,2026,973.51,10.17,-61.69
Bhutan,200.0,2002,14.5,,
Bhutan,189.33,2006,94.33,-10.67,79.83
Bhutan,193.0,2010,17.67,3.67,-76.66
Bhutan,203.67,2014,2.0,10.67,-15.67
Bhutan,175.67,2018,98.33,-28.0,96.33
Bhutan,171.67,2022,977.64,-4.0,879.31
Bhutan,184.67,2026,899.59,13.0,-78.05
Bolivia,67.67,2002,502.0,,
Bolivia,95.67,2006,461.67,28.0,-40.33
Bolivia,73.33,2010,455.33,-22.34,-6.34
Bolivia,68.67,2014,489.33,-4.66,34.0
Bolivia,62.67,2018,551.67,-6.0,62.34
Bolivia,76.67,2022,1311.55,14.0,759.88
Bolivia,81.0,2026,1304.62,4.33,-6.93
Bonaire,157.0,2022,1073.91,,
Bosnia and Herzegovina,79.67,2002,463.67,,
Bosnia and Herzegovina,65.0,2006,542.33,-14.67,78.66
Bosnia and Herzegovina,53.33,2010,601.0,-11.67,58.67
Bosnia and Herzegovina,23.33,2014,830.0,-30.0,229.0
Bosnia and Herzegovina,29.67,2018,811.67,6.34,-18.33
Bosnia and Herzegovina,51.0,2022,1423.1,21.33,611.43
Bosnia and Herzegovina,70.33,2026,1349.0,19.33,-74.1
Botswana,155.0,2002,194.0,,
Botswana,107.0,2006,430.33,-48.0,236.33
Botswana,114.0,2010,288.0,7.0,-142.33
Botswana,107.33,2014,321.67,-6.67,33.67
Botswana,120.33,2018,268.0,13.0,-53.67
Botswana,148.0,2022,1057.0,27.67,789.0
Botswana,145.0,2026,1062.7,-3.0,5.7
Brazil,1.33,2002,818.33,,
Brazil,1.0,2006,847.33,-0.33,29.0
Brazil,3.33,2010,1433.33,2.33,586.0
Brazil,9.0,2014,1065.0,5.67,-368.33
Brazil,4.0,2018,1332.75,-5.0,267.75
Brazil,2.67,2022,1747.58,-1.33,414.83
Brazil,4.67,2026,1790.41,2.0,42.83
British Virgin Islands,167.0,2002,159.33,,
British Virgin Islands,170.33,2006,184.33,3.33,25.0
British Virgin Islands,180.0,2010,47.33,9.67,-137.0
British Virgin Islands,191.67,2014,28.67,11.67,-18.66
British Virgin Islands,201.0,2018,14.67,9.33,-14.0
British Virgin Islands,205.5,2022,854.5,4.5,839.83
British Virgin Islands,206.5,2026,801.38,1.0,-53.12
Brunei,137.0,2022,1113.28,,
Brunei Darussalam,188.33,2002,69.33,,
Brunei Darussalam,195.0,2006,69.33,6.67,0.0
Brunei Darussalam,178.67,2010,44.33,-16.33,-25.0
Brunei Darussalam,193.33,2014,22.0,14.66,-22.33
Brunei Darussalam,188.33,2018,52.0,-5.0,30.0
Brunei Darussalam,191.0,2022,904.0,2.67,852.0
Brunei Darussalam,185.67,2026,898.34,-5.33,-5.66
Bulgaria,46.67,2002,559.33,,
Bulgaria,39.0,2006,611.67,-7.67,52.34
Bulgaria,23.33,2010,854.33,-15.67,242.66
Bulgaria,69.33,2014,498.33,46.0,-356.0
Bulgaria,60.0,2018,570.67,-9.33,72.34
Bulgaria,64.0,2022,1369.64,4.0,798.97
Bulgaria,81.67,2026,1291.65,17.67,-77.99
Burkina Faso,75.33,2002,474.33,,
Burkina Faso,80.33,2006,511.0,5.0,36.67
Burkina Faso,74.0,2010,467.0,-6.33,-44.0
Burkina Faso,59.0,2014,554.67,-15.0,87.67
Burkina Faso,63.0,2018,544.33,4.0,-10.34
Burkina Faso,60.67,2022,1385.27,-2.33,840.94
Burkina Faso,61.67,2026,1393.91,1.0,8.64
Burundi,134.0,2002,266.67,,
Burundi,145.0,2006,292.67,11.0,26.0
Burundi,120.33,2010,258.33,-24.67,-34.34
Burundi,132.67,2014,224.33,12.34,-34.0
Burundi,130.67,2018,247.0,-2.0,22.67
Burundi,146.5,2022,1058.5,15.83,811.5
Burundi,139.33,2026,1086.42,-7.17,27.92
Cabo Verde,77.5,2022,1316.1,,
Cabo Verde,68.67,2026,1359.89,-8.83,43.79
Cambodia,174.33,2002,130.33,,
Cambodia,180.67,2006,138.33,6.34,8.0
Cambodia,176.67,2010,50.33,-4.0,-88.0
Cambodia,186.33,2014,48.67,9.66,-1.66
Cambodia,175.0,2018,93.0,-11.33,44.33
Cambodia,153.67,2022,1031.64,-21.33,938.64
Cambodia,179.0,2026,926.18,25.33,-105.46
Cameroon,42.33,2002,567.67,,
Cameroon,17.33,2006,698.33,-25.0,130.66
Cameroon,22.67,2010,891.33,5.34,193.0
Cameroon,56.67,2014,554.67,34.0,-336.66
Cameroon,48.67,2018,641.67,-8.0,87.0
Cameroon,54.67,2022,1408.82,6.0,767.15
Cameroon,48.67,2026,1463.18,-6.0,54.36
Canada,78.67,2002,465.0,,
Canada,87.33,2006,490.67,8.66,25.67
Canada,67.0,2010,487.67,-20.33,-3.0
Canada,88.67,2014,391.0,21.67,-96.67
Canada,100.33,2018,338.67,11.66,-52.33
Canada,66.33,2022,1356.74,-34.0,1018.07
Canada,36.0,2026,1506.31,-30.33,149.57
Cape Verde Islands,164.67,2002,163.0,,
Cape Verde Islands,134.33,2006,336.67,-30.34,173.67
Cape Verde Islands,92.33,2010,371.0,-42.0,34.33
Cape Verde Islands,66.67,2014,507.33,-25.66,136.33
Cape Verde Islands,65.0,2018,537.33,-1.67,30.0
Cape Verde Islands,78.0,2022,1315.0,13.0,777.67
Cayman Islands,159.33,2002,179.33,,
Cayman Islands,178.33,2006,151.33,19.0,-28.0
Cayman Islands,184.33,2010,33.33,6.0,-118.0
Cayman Islands,181.67,2014,61.67,-2.66,28.34
Cayman Islands,196.0,2018,27.67,14.33,-34.0
Cayman Islands,177.67,2022,961.94,-18.33,934.27
Cayman Islands,195.67,2026,854.11,18.0,-107.83
Central African Republic,183.67,2002,83.33,,
Central African Republic,179.33,2006,154.0,-4.34,70.67
Central African Republic,196.33,2010,10.0,17.0,-144.0
Central African Republic,92.33,2014,373.0,-104.0,363.0
Central African Republic,139.0,2018,222.67,46.67,-150.33
Central African Republic,110.5,2022,1184.0,-28.5,961.33
Central African Republic,131.67,2026,1112.93,21.17,-71.07
Chad,173.67,2002,129.67,,
Chad,159.67,2006,227.0,-14.0,97.33
Chad,129.0,2010,218.67,-30.67,-8.33
Chad,144.67,2014,179.33,15.67,-39.34
Chad,143.0,2018,198.0,-1.67,18.67
Chad,177.0,2022,946.5,34.0,748.5
Chad,177.67,2026,929.49,0.67,-17.01
Chile,27.0,2002,625.0,,
Chile,66.67,2006,537.67,39.67,-87.33
Chile,36.0,2010,708.0,-30.67,170.33
Chile,14.67,2014,961.0,-21.33,253.0
Chile,7.75,2018,1194.25,-6.92,233.25
Chile,19.0,2022,1563.84,11.25,369.59
Chile,47.33,2026,1471.46,28.33,-92.38
China PR,64.0,2002,508.67,,
China PR,61.67,2006,547.67,-2.33,39.0
China PR,96.67,2010,355.0,35.0,-192.67
China PR,83.33,2014,422.67,-13.34,67.67
China PR,74.67,2018,467.33,-8.66,44.66
China PR,73.0,2022,1332.51,-1.67,865.18
China PR,88.33,2026,1266.69,15.33,-65.82
Chinese Taipei,168.0,2002,152.0,,
Chinese Taipei,156.33,2006,243.33,-11.67,91.33
Chinese Taipei,166.67,2010,83.0,10.34,-160.33
Chinese Taipei,173.67,2014,79.33,7.0,-3.67
Chinese Taipei,169.33,2018,114.67,-4.34,35.34
Chinese Taipei,135.0,2022,1097.49,-34.33,982.82
Chinese Taipei,164.33,2026,991.94,29.33,-105.55
Colombia,15.67,2002,668.67,,
Colombia,27.33,2006,653.33,11.66,-15.34
Colombia,33.67,2010,768.0,6.34,114.67
Colombia,19.67,2014,920.33,-14.0,152.33
Colombia,5.5,2018,1240.5,-14.17,320.17
Colombia,11.67,2022,1620.8,6.17,380.3
Colombia,12.67,2026,1686.81,1.0,66.01
Comoros,193.0,2010,15.67,,
Comoros,186.33,2014,49.0,-6.67,33.33
Comoros,161.0,2018,147.67,-25.33,98.67
Comoros,140.0,2022,1074.0,-21.0,926.33
Comoros,117.33,2026,1160.03,-22.67,86.03
Congo,93.33,2002,427.33,,
Congo,107.0,2006,430.67,13.67,3.34
Congo,93.33,2010,369.67,-13.67,-61.0
Congo,106.0,2014,326.0,12.67,-43.67
Congo,63.67,2018,544.67,-42.33,218.67
Congo,90.67,2022,1260.6,27.0,715.93
Congo,119.0,2026,1156.67,28.33,-103.93
Congo DR,68.5,2002,502.0,,
Congo DR,67.33,2006,538.0,-1.17,36.0
Congo DR,87.67,2010,385.0,20.34,-153.0
Congo DR,109.67,2014,309.33,22.0,-75.67
Congo DR,52.67,2018,609.0,-57.0,299.67
Congo DR,59.67,2022,1383.06,7.0,774.06
Congo DR,60.67,2026,1398.03,1.0,14.97
Cook Islands,174.67,2002,125.33,,
Cook Islands,190.0,2006,94.67,15.33,-30.66
Cook Islands,195.0,2010,12.0,5.0,-82.67
Cook Islands,197.67,2014,16.33,2.67,4.33
Cook Islands,196.0,2018,35.33,-1.67,19.0
Cook Islands,189.0,2026,884.8,,
Costa Rica,50.33,2002,542.67,,
Costa Rica,24.0,2006,674.33,-26.33,131.66
Costa Rica,56.0,2010,569.0,32.0,-105.33
Costa Rica,52.0,2014,589.67,-4.0,20.67
Costa Rica,26.0,2018,870.0,-26.0,280.33
Costa Rica,44.33,2022,1439.76,18.33,569.76
Costa Rica,47.67,2026,1466.44,3.34,26.68
Croatia,12.33,2002,692.0,,
Croatia,24.0,2006,664.67,11.67,-27.33
Croatia,8.0,2010,1172.67,-16.0,508.0
Croatia,9.33,2014,1042.67,1.33,-130.0
Croatia,15.0,2018,1027.5,5.67,-15.17
Croatia,11.0,2022,1620.42,-4.0,592.92
Croatia,9.0,2026,1720.54,-2.0,100.12
Cuba,77.33,2002,470.33,,
Cuba,68.33,2006,536.67,-9.0,66.34
Cuba,83.33,2010,406.0,15.0,-130.67
Cuba,111.33,2014,315.0,28.0,-91.0
Cuba,144.0,2018,199.0,32.67,-116.0
Cuba,178.5,2022,938.0,34.5,739.0
Cuba,167.0,2026,984.4,-11.5,46.4
Curacao,170.33,2014,92.0,,
Curacao,118.67,2018,294.0,-51.66,202.0
Curacao,76.0,2022,1320.0,-42.67,1026.0
Curaçao,79.5,2022,1311.7,,
Curaçao,87.33,2026,1267.73,7.83,-43.97
Cyprus,71.33,2002,488.33,,
Cyprus,97.67,2006,461.0,26.34,-27.33
Cyprus,69.67,2010,452.33,-28.0,-8.67
Cyprus,118.33,2014,285.0,48.66,-167.33
Cyprus,81.0,2018,419.0,-37.33,134.0
Cyprus,97.67,2022,1233.22,16.67,814.22
Cyprus,123.67,2026,1140.37,26.0,-92.85
Czech Republic,6.67,2002,740.67,,
Czech Republic,6.0,2006,757.67,-0.67,17.0
Czech Republic,12.33,2010,1028.67,6.33,271.0
Czech Republic,30.33,2014,754.33,18.0,-274.34
Czech Republic,32.75,2018,818.0,2.42,63.67
Czech Republic,40.0,2022,1460.59,7.25,642.59
Czechia,40.67,2026,1491.31,,
Côte d'Ivoire,47.0,2002,558.67,,
Côte d'Ivoire,56.33,2006,560.67,9.33,2.0
Côte d'Ivoire,23.33,2010,824.0,-33.0,263.33
Côte d'Ivoire,17.0,2014,908.0,-6.33,84.0
Côte d'Ivoire,36.33,2018,771.0,19.33,-137.0
Côte d'Ivoire,56.67,2022,1394.19,20.34,623.19
Côte d'Ivoire,42.33,2026,1476.97,-14.34,82.78
Denmark,17.33,2002,659.0,,
Denmark,14.33,2006,712.0,-3.0,53.0
Denmark,26.67,2010,794.0,12.34,82.0
Denmark,16.67,2014,908.0,-10.0,114.0
Denmark,31.33,2018,795.33,14.66,-112.67
Denmark,13.33,2022,1611.83,-18.0,816.5
Denmark,19.33,2026,1618.73,6.0,6.9
Djibouti,191.67,2002,53.0,,
Djibouti,198.33,2006,47.67,6.66,-5.33
Djibouti,190.0,2010,24.33,-8.33,-23.34
Djibouti,197.67,2014,15.67,7.67,-8.66
Djibouti,198.33,2018,22.67,0.66,7.0
Djibouti,185.0,2022,916.0,-13.33,893.33
Djibouti,191.67,2026,873.41,6.67,-42.59
Dominica,154.67,2002,192.0,,
Dominica,172.0,2006,181.33,17.33,-10.67
Dominica,191.33,2010,19.33,19.33,-162.0
Dominica,163.0,2014,116.67,-28.33,97.34
Dominica,171.0,2018,111.0,8.0,-5.67
Dominica,182.0,2022,925.5,11.0,814.5
Dominica,181.67,2026,909.81,-0.33,-15.69
Dominican Republic,156.0,2002,192.0,,
Dominican Republic,168.67,2006,194.0,12.67,2.0
Dominican Republic,166.0,2010,93.67,-2.67,-100.33
Dominican Republic,109.33,2014,313.0,-56.67,219.33
Dominican Republic,132.33,2018,234.33,23.0,-78.67
Dominican Republic,156.5,2022,1025.5,24.17,791.17
Dominican Republic,146.33,2026,1056.11,-10.17,30.61
Ecuador,55.33,2002,533.0,,
Ecuador,36.0,2006,626.0,-19.33,93.0
Ecuador,48.33,2010,610.67,12.33,-15.33
Ecuador,35.33,2014,740.67,-13.0,130.0
Ecuador,29.33,2018,816.0,-6.0,75.33
Ecuador,60.33,2022,1384.36,31.0,568.36
Ecuador,29.67,2026,1540.38,-30.66,156.02
Egypt,36.67,2002,585.0,,
Egypt,35.33,2006,635.0,-1.34,50.0
Egypt,32.0,2010,768.67,-3.33,133.67
Egypt,41.33,2014,652.67,9.33,-116.0
Egypt,44.0,2018,673.67,2.67,21.0
Egypt,49.33,2022,1428.54,5.33,754.87
Egypt,33.67,2026,1514.58,-15.66,86.04
El Salvador,91.0,2002,437.67,,
El Salvador,103.0,2006,438.0,12.0,0.33
El Salvador,117.67,2010,266.67,14.67,-171.33
El Salvador,82.67,2014,419.0,-35.0,152.33
El Salvador,115.33,2018,296.33,32.66,-122.67
El Salvador,68.67,2022,1347.58,-46.66,1051.25
El Salvador,82.0,2026,1293.93,13.33,-53.65
England,11.67,2002,692.33,,
England,8.0,2006,738.33,-3.67,46.0
England,10.33,2010,1094.33,2.33,356.0
England,9.33,2014,1103.33,-1.0,9.0
England,11.75,2018,1118.0,2.42,14.67
England,3.67,2022,1693.81,-8.08,575.81
England,4.0,2026,1810.69,0.33,116.88
Equatorial Guinea,190.0,2002,63.0,,
Equatorial Guinea,171.33,2006,183.33,-18.67,120.33
Equatorial Guinea,96.0,2010,350.33,-75.33,167.0
Equatorial Guinea,119.0,2014,276.0,23.0,-74.33
Equatorial Guinea,92.67,2018,398.0,-26.33,122.0
Equatorial Guinea,139.5,2022,1075.0,46.83,677.0
Equatorial Guinea,93.67,2026,1249.41,-45.83,174.41
Eritrea,167.0,2002,155.67,,
Eritrea,162.67,2006,217.0,-4.33,61.33
Eritrea,140.0,2010,180.33,-22.67,-36.67
Eritrea,189.33,2014,32.33,49.33,-148.0
Eritrea,204.0,2018,2.67,14.67,-29.66
Eritrea,206.0,2022,856.0,2.0,853.33
Estonia,77.33,2002,469.0,,
Estonia,75.67,2006,520.67,-1.66,51.67
Estonia,123.0,2010,253.0,47.33,-267.67
Estonia,67.0,2014,504.67,-56.0,251.67
Estonia,98.0,2018,364.0,31.0,-140.67
Estonia,107.0,2022,1191.48,9.0,827.48
Estonia,122.0,2026,1146.61,15.0,-44.87
Eswatini,131.33,2002,281.0,,
Eswatini,120.0,2006,383.33,-11.33,102.33
Eswatini,151.5,2022,1048.5,,
Eswatini,154.0,2026,1029.31,2.5,-19.19
Ethiopia,142.33,2002,233.33,,
Ethiopia,133.67,2006,337.67,-8.66,104.34
Ethiopia,119.0,2010,269.67,-14.67,-68.0
Ethiopia,113.0,2014,295.0,-6.0,25.33
Ethiopia,124.33,2018,262.67,11.33,-32.33
Ethiopia,148.5,2022,1057.5,24.17,794.83
Ethiopia,144.67,2026,1060.8,-3.83,3.3
FYR Macedonia,78.33,2002,469.0,,
FYR Macedonia,90.0,2006,481.0,11.67,12.0
FYR Macedonia,59.67,2010,514.67,-30.33,33.67
FYR Macedonia,88.67,2014,406.67,29.0,-108.0
FYR Macedonia,117.67,2018,281.33,29.0,-125.34
Faroe Islands,115.0,2002,351.33,,
Faroe Islands,131.67,2006,353.0,16.67,1.67
Faroe Islands,184.67,2010,40.0,53.0,-313.0
Faroe Islands,153.67,2014,147.67,-31.0,107.67
Faroe Islands,93.0,2018,387.33,-60.67,239.66
Faroe Islands,125.25,2022,1146.89,32.25,759.56
Faroe Islands,135.67,2026,1096.83,10.42,-50.06
Federated States of Micronesia,169.5,2022,1048.6,,
Fiji,129.33,2002,287.33,,
Fiji,138.33,2006,326.33,9.0,39.0
Fiji,121.33,2010,260.33,-17.0,-66.0
Fiji,162.67,2014,117.0,41.34,-143.33
Fiji,179.0,2018,84.0,16.33,-33.0
Fiji,153.33,2022,1037.21,-25.67,953.21
Fiji,157.33,2026,1017.96,4.0,-19.25
Finland,52.33,2002,539.33,,
Finland,44.0,2006,601.33,-8.33,62.0
Finland,49.0,2010,620.67,5.0,19.34
Finland,74.67,2014,475.67,25.67,-145.0
Finland,87.67,2018,388.0,13.0,-87.67
Finland,55.0,2022,1398.31,-32.67,1010.31
Finland,63.0,2026,1387.17,8.0,-11.14
France,2.0,2002,794.33,,
France,3.33,2006,800.33,1.33,6.0
France,9.0,2010,1093.0,5.67,292.67
France,17.33,2014,911.0,8.33,-182.0
France,13.33,2018,1096.33,-4.0,185.33
France,2.67,2022,1741.1,-10.66,644.77
France,2.0,2026,1854.53,-0.67,113.43
Gabon,88.0,2002,445.0,,
Gabon,117.33,2006,406.67,29.33,-38.33
Gabon,69.0,2010,517.0,-48.33,110.33
Gabon,64.67,2014,516.33,-4.33,-0.67
Gabon,83.33,2018,429.67,18.66,-86.66
Gabon,86.33,2022,1278.54,3.0,848.87
Gabon,83.67,2026,1292.5,-2.66,13.96
Gambia,152.0,2002,203.0,,
Gambia,149.33,2006,273.0,-2.67,70.0
Gambia,101.0,2010,338.33,-48.33,65.33
Gambia,129.67,2014,242.33,28.67,-96.0
Gambia,158.67,2018,149.67,29.0,-92.66
Gambia,162.5,2022,1001.5,3.83,851.83
Georgia,63.0,2002,511.0,,
Georgia,99.33,2006,454.67,36.33,-56.33
Georgia,97.67,2010,348.0,-1.66,-106.67
Georgia,82.33,2014,422.67,-15.34,74.67
Georgia,129.0,2018,249.33,46.67,-173.34
Georgia,92.0,2022,1259.62,-37.0,1010.29
Georgia,71.0,2026,1351.62,-21.0,92.0
Germany,8.67,2002,718.33,,
Germany,12.0,2006,722.67,3.33,4.34
Germany,3.67,2010,1281.67,-8.33,559.0
Germany,2.67,2014,1329.33,-1.0,47.66
Germany,2.5,2018,1362.25,-0.17,32.92
Germany,14.67,2022,1603.27,12.17,241.02
Germany,13.33,2026,1678.12,-1.34,74.85
Ghana,52.33,2002,541.67,,
Ghana,70.33,2006,531.33,18.0,-10.34
Ghana,32.33,2010,773.67,-38.0,242.34
Ghana,30.67,2014,743.0,-1.66,-30.67
Ghana,40.67,2018,710.33,10.0,-32.67
Ghana,50.0,2022,1426.43,9.33,716.1
Ghana,68.33,2026,1367.09,18.33,-59.34
Gibraltar,205.5,2018,0.0,,
Gibraltar,196.0,2022,887.5,-9.5,887.5
Gibraltar,198.67,2026,838.33,2.67,-49.17
Greece,43.67,2002,565.67,,
Greece,20.0,2006,680.33,-23.67,114.66
Greece,15.0,2010,944.0,-5.0,263.67
Greece,11.33,2014,1005.67,-3.67,61.67
Greece,46.33,2018,648.0,35.0,-357.67
Greece,53.0,2022,1410.14,6.67,762.14
Greece,46.33,2026,1467.05,-6.67,56.91
Greenland,177.5,2022,1032.54,,
Grenada,131.0,2002,280.67,,
Grenada,144.33,2006,295.67,13.33,15.0
Grenada,136.33,2010,195.67,-8.0,-100.0
Grenada,125.67,2014,246.33,-10.66,50.66
Grenada,157.67,2018,156.0,32.0,-90.33
Grenada,159.5,2022,1008.0,1.83,852.0
Grenada,171.33,2026,961.42,11.83,-46.58
Guadeloupe,145.0,2022,1097.21,,
Guam,199.33,2002,15.0,,
Guam,202.67,2006,19.0,3.34,4.0
Guam,195.33,2010,11.33,-7.34,-7.67
Guam,181.33,2014,50.33,-14.0,39.0
Guam,171.67,2018,107.67,-9.66,57.34
Guam,171.75,2022,988.04,0.08,880.37
Guam,202.33,2026,827.77,30.58,-160.27
Guatemala,65.67,2002,503.67,,
Guatemala,62.33,2006,544.67,-3.34,41.0
Guatemala,99.33,2010,346.67,37.0,-198.0
Guatemala,100.0,2014,340.33,0.67,-6.34
Guatemala,102.67,2018,337.0,2.67,-3.33
Guatemala,131.5,2022,1096.0,28.83,759.0
Guatemala,102.67,2026,1210.45,-28.83,114.45
Guinea,89.0,2002,442.67,,
Guinea,97.33,2006,465.33,8.33,22.66
Guinea,42.0,2010,658.67,-55.33,193.34
Guinea,73.67,2014,468.67,31.67,-190.0
Guinea,63.0,2018,546.0,-10.67,77.33
Guinea,74.67,2022,1326.36,11.67,780.36
Guinea,81.33,2026,1296.97,6.66,-29.39
Guinea-Bissau,175.33,2002,114.67,,
Guinea-Bissau,188.67,2006,97.67,13.34,-17.0
Guinea-Bissau,182.33,2010,42.67,-6.34,-55.0
Guinea-Bissau,171.0,2014,86.67,-11.33,44.0
Guinea-Bissau,103.0,2018,348.67,-68.0,262.0
Guinea-Bissau,124.75,2022,1144.97,21.75,796.3
Guinea-Bissau,117.0,2026,1161.24,-7.75,16.27
Guyana,176.33,2002,118.33,,
Guyana,180.67,2006,145.67,4.34,27.34
Guyana,112.33,2010,297.33,-68.34,151.66
Guyana,122.33,2014,262.67,10.0,-34.66
Guyana,142.67,2018,205.0,20.34,-57.67
Guyana,171.0,2022,974.0,28.33,769.0
Guyana,157.33,2026,1017.26,-13.67,43.26
Haiti,91.67,2002,429.33,,
Haiti,89.67,2006,486.33,-2.0,57.0
Haiti,103.0,2010,333.67,13.33,-152.66
Haiti,87.67,2014,405.0,-15.33,71.33
Haiti,76.0,2018,473.67,-11.67,68.67
Haiti,86.33,2022,1276.68,10.33,803.01
Haiti,86.67,2026,1272.85,0.34,-3.83
Honduras,47.0,2002,550.33,,
Honduras,43.67,2006,595.33,-3.33,45.0
Honduras,53.67,2010,576.67,10.0,-18.66
Honduras,55.0,2014,568.0,1.33,-8.67
Honduras,79.0,2018,430.67,24.0,-137.33
Honduras,64.0,2022,1369.2,-15.0,938.53
Honduras,73.0,2026,1333.69,9.0,-35.51
Hong Kong,133.33,2002,269.67,,
Hong Kong,132.67,2006,339.0,-0.66,69.33
Hong Kong,128.0,2010,224.33,-4.67,-114.67
Hong Kong,154.0,2014,143.67,26.0,-80.66
Hong Kong,146.67,2018,192.67,-7.33,49.0
Hong Kong,137.67,2022,1091.56,-9.0,898.89
Hong Kong,150.33,2026,1039.09,12.66,-52.47
Hungary,52.0,2002,542.33,,
Hungary,64.67,2006,543.0,12.67,0.67
Hungary,50.67,2010,591.33,-14.0,48.33
Hungary,31.33,2014,720.33,-19.34,129.0
Hungary,38.67,2018,760.67,7.34,40.34
Hungary,47.33,2022,1434.98,8.66,674.31
Hungary,35.0,2026,1506.99,-12.33,72.01
IR Iran,44.0,2002,567.67,,
IR Iran,28.0,2006,657.0,-16.0,89.33
IR Iran,48.67,2010,613.33,20.67,-43.67
IR Iran,50.67,2014,594.0,2.0,-19.33
IR Iran,34.0,2018,764.33,-16.67,170.33
IR Iran,25.0,2022,1516.36,-9.0,752.03
IR Iran,20.33,2026,1602.26,-4.67,85.9
Iceland,51.33,2002,547.67,,
Iceland,73.33,2006,521.33,22.0,-26.34
Iceland,94.33,2010,363.67,21.0,-157.66
Iceland,92.67,2014,399.33,-1.66,35.66
Iceland,24.0,2018,884.67,-68.67,485.34
Iceland,47.33,2022,1438.44,23.33,553.77
Iceland,70.67,2026,1350.26,23.34,-88.18
India,116.67,2002,344.67,,
India,135.0,2006,334.67,18.33,-10.0
India,148.33,2010,152.0,13.33,-182.67
India,162.33,2014,118.0,14.0,-34.0
India,136.67,2018,227.0,-25.66,109.0
India,106.67,2022,1191.82,-30.0,964.82
India,120.67,2026,1150.73,14.0,-41.09
Indonesia,97.67,2002,413.0,,
Indonesia,93.33,2006,471.0,-4.34,58.0
Indonesia,130.33,2010,218.33,37.0,-252.67
Indonesia,159.0,2014,131.67,28.67,-86.66
Indonesia,171.67,2018,108.67,12.67,-23.0
Indonesia,170.0,2022,975.5,-1.67,866.83
Indonesia,131.67,2026,1111.66,-38.33,136.16
Iraq,81.67,2002,456.33,,
Iraq,61.0,2006,552.67,-20.67,96.34
Iraq,78.33,2010,418.0,17.33,-134.67
Iraq,96.67,2014,356.33,18.34,-61.67
Iraq,99.33,2018,359.33,2.66,3.0
Iraq,73.67,2022,1335.61,-25.66,976.28
Iraq,60.67,2026,1401.83,-13.0,66.22
Israel,35.67,2002,595.0,,
Israel,52.0,2006,577.67,16.33,-17.33
Israel,24.67,2010,816.67,-27.33,239.0
Israel,60.67,2014,548.33,36.0,-268.34
Israel,75.33,2018,467.0,14.66,-81.33
Israel,86.33,2022,1284.11,11.0,817.11
Israel,75.67,2026,1327.18,-10.66,43.07
Italy,6.0,2002,725.33,,
Italy,11.33,2006,724.33,5.33,-1.0
Italy,2.33,2010,1337.67,-9.0,613.34
Italy,5.33,2014,1171.67,3.0,-166.0
Italy,15.5,2018,1045.75,10.17,-125.92
Italy,10.67,2022,1643.58,-4.83,597.83
Italy,9.67,2026,1721.25,-1.0,77.67
Jamaica,45.67,2002,559.67,,
Jamaica,46.67,2006,587.33,1.0,27.66
Jamaica,90.0,2010,392.33,43.33,-195.0
Jamaica,61.0,2014,530.67,-29.0,138.34
Jamaica,64.33,2018,546.33,3.33,15.66
Jamaica,51.33,2022,1425.13,-13.0,878.8
Jamaica,62.0,2026,1397.97,10.67,-27.16
Japan,43.0,2002,567.67,,
Japan,19.33,2006,682.67,-23.67,115.0
Japan,36.33,2010,724.0,17.0,41.33
Japan,26.67,2014,796.0,-9.66,72.0
Japan,51.33,2018,627.0,24.66,-169.0
Japan,28.33,2022,1503.49,-23.0,876.49
Japan,18.0,2026,1628.42,-10.33,124.93
Jordan,106.33,2002,379.67,,
Jordan,63.0,2006,550.0,-43.33,170.33
Jordan,113.67,2010,291.0,50.67,-259.0
Jordan,81.67,2014,434.0,-32.0,143.0
Jordan,95.67,2018,349.33,14.0,-84.67
Jordan,95.67,2022,1239.55,0.0,890.22
Jordan,71.33,2026,1351.74,-24.34,112.19
Kazakhstan,114.33,2002,350.0,,
Kazakhstan,140.67,2006,318.33,26.34,-31.67
Kazakhstan,125.33,2010,236.67,-15.34,-81.66
Kazakhstan,135.0,2014,207.0,9.67,-29.67
Kazakhstan,118.0,2018,283.0,-17.0,76.0
Kazakhstan,117.0,2022,1162.5,-1.0,879.5
Kazakhstan,109.0,2026,1186.07,-8.0,23.57
Kenya,105.67,2002,390.0,,
Kenya,82.0,2006,508.67,-23.67,118.67
Kenya,101.67,2010,333.0,19.67,-175.67
Kenya,124.33,2014,246.33,22.66,-86.67
Kenya,98.33,2018,348.67,-26.0,102.34
Kenya,105.0,2022,1201.71,6.67,853.04
Kenya,107.33,2026,1191.58,2.33,-10.13
Kiribati,186.0,2022,1015.38,,
Korea DPR,149.33,2002,223.0,,
Korea DPR,104.33,2006,441.33,-45.0,218.33
Korea DPR,112.33,2010,296.67,8.0,-144.66
Korea DPR,104.67,2014,328.0,-7.66,31.33
Korea DPR,122.67,2018,265.67,18.0,-62.33
Korea DPR,113.33,2022,1171.99,-9.34,906.32
Korea DPR,116.0,2026,1168.01,2.67,-3.98
Korea Republic,42.0,2002,573.0,,
Korea Republic,29.67,2006,656.67,-12.33,83.67
Korea Republic,50.0,2010,601.33,20.33,-55.34
Korea Republic,38.0,2014,695.33,-12.0,94.0
Korea Republic,51.67,2018,622.33,13.67,-73.0
Korea Republic,37.33,2022,1471.14,-14.34,848.81
Korea Republic,24.0,2026,1566.27,-13.33,95.13
Kosovo,176.0,2018,101.0,,
Kosovo,114.67,2022,1169.09,-61.33,1068.09
Kosovo,102.0,2026,1216.66,-12.67,47.57
Kuwait,68.33,2002,500.67,,
Kuwait,65.0,2006,540.67,-3.33,40.0
Kuwait,111.33,2010,302.33,46.33,-238.34
Kuwait,102.67,2014,335.67,-8.66,33.34
Kuwait,155.67,2018,155.33,53.0,-180.34
Kuwait,151.5,2022,1044.5,-4.17,889.17
Kuwait,134.67,2026,1101.79,-16.83,57.29
Kyrgyz Republic,165.33,2002,159.67,,
Kyrgyz Republic,160.33,2006,232.33,-5.0,72.66
Kyrgyz Republic,138.67,2010,181.33,-21.66,-51.0
Kyrgyz Republic,172.33,2014,93.67,33.66,-87.66
Kyrgyz Republic,128.33,2018,248.0,-44.0,154.33
Kyrgyz Republic,96.67,2022,1235.87,-31.66,987.87
Kyrgyz Republic,102.67,2026,1210.31,6.0,-25.56
Laos,162.0,2002,176.0,,
Laos,165.67,2006,205.0,3.67,29.0
Laos,176.67,2010,51.33,11.0,-153.67
Laos,181.67,2014,64.33,5.0,13.0
Laos,172.0,2018,105.67,-9.67,41.34
Laos,170.33,2022,979.89,-1.67,874.22
Laos,186.0,2026,893.18,15.67,-86.71
Latvia,81.0,2002,464.0,,
Latvia,65.33,2006,542.0,-15.67,78.0
Latvia,71.67,2010,466.0,6.34,-76.0
Latvia,94.33,2014,374.33,22.66,-91.67
Latvia,111.0,2018,301.67,16.67,-72.66
Latvia,138.0,2022,1075.5,27.0,773.83
Latvia,136.67,2026,1092.26,-1.33,16.76
Lebanon,104.67,2002,387.67,,
Lebanon,112.0,2006,410.67,7.33,23.0
Lebanon,147.0,2010,154.67,35.0,-256.0
Lebanon,129.67,2014,233.0,-17.33,78.33
Lebanon,130.33,2018,239.0,0.66,6.0
Lebanon,93.67,2022,1251.87,-36.66,1012.87
Lebanon,109.33,2026,1181.78,15.66,-70.09
Lesotho,139.0,2002,253.67,,
Lesotho,133.0,2006,343.33,-6.0,89.66
Lesotho,156.33,2010,114.67,23.33,-228.66
Lesotho,154.33,2014,141.33,-2.0,26.66
Lesotho,140.33,2018,206.67,-14.0,65.34
Lesotho,138.0,2022,1076.0,-2.33,869.33
Lesotho,152.67,2026,1034.1,14.67,-41.9
Liberia,88.0,2002,439.67,,
Liberia,116.67,2006,392.33,28.67,-47.34
Liberia,138.67,2010,188.0,22.0,-204.33
Liberia,117.33,2014,278.33,-21.34,90.33
Liberia,132.0,2018,237.67,14.67,-40.66
Liberia,152.0,2022,1050.0,20.0,812.33
Liberia,145.67,2026,1059.48,-6.33,9.48
Libya,125.67,2002,298.67,,
Libya,82.0,2006,502.0,-43.67,203.33
Libya,88.0,2010,388.67,6.0,-113.33
Libya,56.0,2014,568.33,-32.0,179.66
Libya,85.0,2018,407.0,29.0,-161.33
Libya,104.33,2022,1200.65,19.33,793.65
Libya,119.67,2026,1155.71,15.34,-44.94
Liechtenstein,141.0,2002,249.0,,
Liechtenstein,139.33,2006,311.0,-1.67,62.0
Liechtenstein,141.0,2010,172.0,1.67,-139.0
Liechtenstein,140.67,2014,193.33,-0.33,21.33
Liechtenstein,173.0,2018,104.33,32.33,-89.0
Liechtenstein,162.67,2022,998.61,-10.33,894.28
Liechtenstein,202.0,2026,826.43,39.33,-172.18
Lithuania,69.0,2002,497.0,,
Lithuania,101.33,2006,446.0,32.33,-51.0
Lithuania,66.67,2010,491.33,-34.66,45.33
Lithuania,101.0,2014,349.33,34.33,-142.0
Lithuania,115.33,2018,290.33,14.33,-59.0
Lithuania,129.0,2022,1108.44,13.67,818.11
Lithuania,142.33,2026,1076.15,13.33,-32.29
Luxembourg,135.67,2002,261.0,,
Luxembourg,154.33,2006,252.0,18.66,-9.0
Luxembourg,148.0,2010,157.0,-6.33,-95.0
Luxembourg,115.0,2014,285.67,-33.0,128.67
Luxembourg,129.0,2018,250.0,14.0,-35.67
Luxembourg,118.5,2022,1186.12,-10.5,936.12
Luxembourg,89.33,2026,1259.37,-29.17,73.25
Macau,177.0,2002,107.33,,
Macau,187.33,2006,105.0,10.33,-2.33
Macau,192.33,2010,19.67,5.0,-85.33
Macau,197.0,2014,17.0,4.67,-2.67
Macau,188.0,2018,55.0,-9.0,38.0
Macau,165.67,2022,990.16,-22.33,935.16
Macau,189.67,2026,880.23,24.0,-109.93
Madagascar,123.33,2002,314.67,,
Madagascar,132.33,2006,340.67,9.0,26.0
Madagascar,145.33,2010,161.33,13.0,-179.34
Madagascar,166.33,2014,99.67,21.0,-61.66
Madagascar,117.67,2018,287.67,-48.66,188.0
Madagascar,95.67,2022,1242.4,-22.0,954.73
Madagascar,108.0,2026,1190.65,12.33,-51.75
Malawi,115.67,2002,352.67,,
Malawi,104.0,2006,430.67,-11.67,78.0
Malawi,112.0,2010,295.67,8.0,-135.0
Malawi,96.67,2014,362.33,-15.33,66.66
Malawi,103.67,2018,318.67,7.0,-43.66
Malawi,120.67,2022,1146.94,17.0,828.27
Malawi,127.33,2026,1131.77,6.66,-15.17
Malaysia,110.33,2002,360.67,,
Malaysia,115.67,2006,402.0,5.34,41.33
Malaysia,157.33,2010,108.67,41.66,-293.33
Malaysia,154.67,2014,140.67,-2.66,32.0
Malaysia,164.33,2018,133.0,9.66,-7.67
Malaysia,156.0,2022,1027.5,-8.33,894.5
Malaysia,129.67,2026,1120.26,-26.33,92.76
Maldives,154.0,2002,201.33,,
Maldives,144.67,2006,296.33,-9.33,95.0
Maldives,158.33,2010,111.67,13.66,-184.66
Maldives,158.33,2014,128.0,0.0,16.33
Maldives,165.33,2018,128.33,7.0,0.33
Maldives,149.0,2022,1064.77,-16.33,936.44
Maldives,163.0,2026,997.97,14.0,-66.8
Mali,91.67,2002,426.0,,
Mali,54.67,2006,562.33,-37.0,136.33
Mali,49.67,2010,603.33,-5.0,41.0
Mali,44.0,2014,644.33,-5.67,41.0
Mali,63.67,2018,531.33,19.67,-113.0
Mali,58.33,2022,1392.17,-5.34,860.84
Mali,53.0,2026,1447.57,-5.33,55.4
Malta,123.67,2002,309.0,,
Malta,128.67,2006,356.0,5.0,47.0
Malta,132.33,2010,208.33,3.66,-147.67
Malta,144.67,2014,181.0,12.34,-27.33
Malta,175.67,2018,99.0,31.0,-82.0
Malta,161.0,2022,1000.1,-14.67,901.1
Malta,169.33,2026,975.45,8.33,-24.65
Martinique,146.0,2022,1095.64,,
Mauritania,161.33,2002,172.0,,
Mauritania,174.67,2006,171.33,13.34,-0.67
Mauritania,147.0,2010,154.33,-27.67,-17.0
Mauritania,181.67,2014,64.67,34.67,-89.66
Mauritania,102.67,2018,329.0,-79.0,264.33
Mauritania,103.0,2022,1209.87,0.33,880.87
Mauritania,107.0,2026,1189.9,4.0,-19.97
Mauritius,121.67,2002,318.0,,
Mauritius,133.33,2006,345.0,11.66,27.0
Mauritius,168.67,2010,81.0,35.34,-264.0
Mauritius,187.67,2014,36.0,19.0,-45.0
Mauritius,166.33,2018,125.33,-21.34,89.33
Mauritius,155.0,2022,1029.3,-11.33,903.97
Mauritius,178.33,2026,927.48,23.33,-101.82
Mexico,11.0,2002,704.33,,
Mexico,6.0,2006,748.33,-5.0,44.0
Mexico,20.33,2010,889.33,14.33,141.0
Mexico,20.67,2014,849.33,0.34,-40.0
Mexico,18.33,2018,996.67,-2.34,147.34
Mexico,10.67,2022,1630.06,-7.66,633.39
Mexico,14.33,2026,1661.83,3.66,31.77
Moldova,97.33,2002,420.33,,
Moldova,102.67,2006,435.0,5.34,14.67
Moldova,72.33,2010,458.67,-30.34,23.67
Moldova,130.33,2014,232.0,58.0,-226.67
Moldova,147.0,2018,182.33,16.67,-49.67
Moldova,173.5,2022,968.5,26.5,786.17
Moldova,154.67,2026,1024.04,-18.83,55.54
Mongolia,193.33,2002,44.0,,
Mongolia,182.0,2006,137.0,-11.33,93.0
Mongolia,180.67,2010,43.0,-1.33,-94.0
Mongolia,176.67,2014,70.0,-4.0,27.0
Mongolia,200.33,2018,16.33,23.66,-53.67
Mongolia,186.5,2022,914.5,-13.83,898.17
Mongolia,186.33,2026,890.68,-0.17,-23.82
Montenegro,149.25,2010,155.0,,
Montenegro,33.67,2014,716.33,-115.58,561.33
Montenegro,73.0,2018,501.67,39.33,-214.66
Montenegro,95.5,2022,1281.75,22.5,780.08
Montenegro,74.0,2026,1332.02,-21.5,50.27
Montserrat,201.67,2002,8.0,,
Montserrat,203.75,2006,13.25,2.08,5.25
Montserrat,201.0,2010,0.0,-2.75,-13.25
Montserrat,200.0,2014,11.0,-1.0,11.0
Montserrat,192.0,2018,41.33,-8.0,30.33
Montserrat,168.67,2022,1016.52,-23.33,975.19
Montserrat,178.67,2026,926.92,10.0,-89.6
Morocco,26.33,2002,615.33,,
Morocco,35.0,2006,635.67,8.67,20.34
Morocco,44.0,2010,639.67,9.0,4.0
Morocco,67.0,2014,501.33,23.0,-138.34
Morocco,66.33,2018,532.0,-0.67,30.67
Morocco,38.33,2022,1470.74,-28.0,938.74
Morocco,12.67,2026,1680.24,-25.66,209.5
Mozambique,108.33,2002,372.33,,
Mozambique,128.0,2006,363.0,19.67,-9.33
Mozambique,87.0,2010,394.0,-41.0,31.0
Mozambique,113.0,2014,291.67,26.0,-102.33
Mozambique,97.33,2018,343.33,-15.67,51.66
Mozambique,111.0,2022,1179.86,13.67,836.53
Mozambique,103.0,2026,1213.03,-8.0,33.17
Myanmar,132.0,2002,275.67,,
Myanmar,142.33,2006,300.0,10.33,24.33
Myanmar,151.0,2010,133.0,8.67,-167.0
Myanmar,170.33,2014,91.33,19.33,-41.67
Myanmar,155.67,2018,166.0,-14.66,74.67
Myanmar,140.67,2022,1082.87,-15.0,916.87
Myanmar,162.67,2026,999.2,22.0,-83.67
Namibia,88.0,2002,444.33,,
Namibia,148.33,2006,273.0,60.33,-171.33
Namibia,110.0,2010,302.0,-38.33,29.0
Namibia,120.0,2014,269.0,10.0,-33.0
Namibia,121.33,2018,272.67,1.33,3.67
Namibia,114.33,2022,1169.04,-7.0,896.37
Namibia,109.33,2026,1185.84,-5.0,16.8
Nauru,187.25,2022,1012.69,,
Nepal,160.67,2002,175.67,,
Nepal,172.33,2006,180.67,11.66,5.0
Nepal,179.0,2010,49.33,6.67,-131.34
Nepal,154.33,2014,144.67,-24.67,95.34
Nepal,182.0,2018,77.0,27.67,-67.67
Nepal,158.0,2022,1024.83,-24.0,947.83
Nepal,175.67,2026,937.6,17.67,-87.23
Netherlands,10.67,2002,698.33,,
Netherlands,5.0,2006,758.33,-5.67,60.0
Netherlands,4.0,2010,1305.67,-1.0,547.34
Netherlands,6.33,2014,1224.33,2.33,-81.34
Netherlands,19.25,2018,947.0,12.92,-277.33
Netherlands,12.33,2022,1612.4,-6.92,665.4
Netherlands,7.0,2026,1752.42,-5.33,140.02
Netherlands Antilles,164.33,2010,97.0,,
New Caledonia,185.0,2006,115.0,,
New Caledonia,117.67,2010,272.33,-67.33,157.33
New Caledonia,125.67,2014,257.33,8.0,-15.0
New Caledonia,156.67,2018,156.0,31.0,-101.33
New Caledonia,153.33,2022,1052.39,-3.34,896.39
New Caledonia,157.67,2026,1014.68,4.34,-37.71
New Zealand,94.0,2002,427.67,,
New Zealand,89.0,2006,479.0,-5.0,51.33
New Zealand,122.33,2010,254.33,33.33,-224.67
New Zealand,83.67,2014,424.0,-38.66,169.67
New Zealand,112.33,2018,293.33,28.66,-130.67
New Zealand,122.0,2022,1148.97,9.67,855.64
New Zealand,94.0,2026,1243.35,-28.0,94.38
Nicaragua,188.67,2002,67.0,,
Nicaragua,161.67,2006,219.33,-27.0,152.33
Nicaragua,159.67,2010,102.0,-2.0,-117.33
Nicaragua,151.0,2014,154.33,-8.67,52.33
Nicaragua,116.67,2018,278.33,-34.33,124.0
Nicaragua,149.5,2022,1055.0,32.83,776.67
Nicaragua,133.67,2026,1109.28,-15.83,54.28
Niger,173.33,2002,123.0,,
Niger,171.0,2006,182.33,-2.33,59.33
Niger,152.67,2010,131.0,-18.33,-51.33
Niger,107.0,2014,322.67,-45.67,191.67
Niger,109.67,2018,316.67,2.67,-6.0
Niger,109.5,2022,1190.0,-0.17,873.33
Niger,124.0,2026,1137.58,14.5,-52.42
Nigeria,56.67,2002,528.0,,
Nigeria,26.33,2006,663.67,-30.34,135.67
Nigeria,28.0,2010,810.33,1.67,146.66
Nigeria,45.67,2014,614.33,17.67,-196.0
Nigeria,53.67,2018,609.67,8.0,-4.66
Nigeria,32.33,2022,1489.12,-21.34,879.45
Nigeria,41.33,2026,1490.25,9.0,1.13
North Macedonia,69.67,2022,1345.16,,
North Macedonia,67.0,2026,1367.54,-2.67,22.38
Northern Ireland,88.0,2002,442.33,,
Northern Ireland,107.0,2006,432.0,19.0,-10.33
Northern Ireland,33.0,2010,754.33,-74.0,322.33
Northern Ireland,95.0,2014,388.33,62.0,-366.0
Northern Ireland,30.33,2018,810.0,-64.67,421.67
Northern Ireland,39.33,2022,1463.69,9.0,653.69
Northern Ireland,73.0,2026,1342.94,33.67,-120.75
Norway,14.33,2002,686.67,,
Norway,33.33,2006,630.67,19.0,-56.0
Norway,35.33,2010,735.0,2.0,104.33
Norway,32.0,2014,738.67,-3.33,3.67
Norway,70.67,2018,485.0,38.67,-253.67
Norway,43.33,2022,1449.59,-27.34,964.59
Norway,40.33,2026,1489.76,-3.0,40.17
Oman,96.67,2002,413.67,,
Oman,76.67,2006,507.33,-20.0,93.66
Oman,81.67,2010,410.33,5.0,-97.0
Oman,98.0,2014,359.0,16.33,-51.33
Oman,107.33,2018,314.67,9.33,-44.33
Oman,81.33,2022,1302.27,-26.0,987.6
Oman,76.33,2026,1321.33,-5.0,19.06
Pakistan,184.0,2002,87.0,,
Pakistan,168.0,2006,195.0,-16.0,108.0
Pakistan,171.67,2010,68.33,3.67,-126.67
Pakistan,171.67,2014,88.67,0.0,20.34
Pakistan,188.0,2018,57.0,16.33,-31.67
Pakistan,201.5,2022,867.0,13.5,810.0
Pakistan,197.67,2026,839.89,-3.83,-27.11
Palau,184.0,2022,1019.35,,
Palestine,161.67,2002,172.67,,
Palestine,138.0,2006,323.67,-23.67,151.0
Palestine,167.67,2010,77.0,29.67,-246.67
Palestine,153.67,2014,147.0,-14.0,70.0
Palestine,109.33,2018,315.67,-44.34,168.67
Palestine,101.0,2022,1212.77,-8.33,897.1
Palestine,98.0,2026,1227.86,-3.0,15.09
Panama,125.0,2002,299.33,,
Panama,100.67,2006,450.0,-24.33,150.67
Panama,79.0,2010,422.0,-21.67,-28.0
Panama,46.0,2014,627.33,-33.0,205.33
Panama,60.33,2018,569.33,14.33,-58.0
Panama,75.33,2022,1326.59,15.0,757.26
Panama,37.0,2026,1494.84,-38.33,168.25
Papua New Guinea,187.67,2002,68.33,,
Papua New Guinea,165.33,2006,205.33,-22.34,137.0
Papua New Guinea,195.0,2010,10.0,29.67,-195.33
Papua New Guinea,191.67,2014,31.0,-3.33,21.0
Papua New Guinea,177.33,2018,95.33,-14.34,64.33
Papua New Guinea,165.0,2022,991.0,-12.33,895.67
Papua New Guinea,166.67,2026,985.56,1.67,-5.44
Paraguay,15.0,2002,676.33,,
Paraguay,26.0,2006,663.67,11.0,-12.66
Paraguay,26.33,2010,797.67,0.33,134.0
Paraguay,31.33,2014,742.0,5.0,-55.67
Paraguay,43.33,2018,683.33,12.0,-58.67
Paraguay,38.33,2022,1469.1,-5.0,785.77
Paraguay,48.67,2026,1452.36,10.34,-16.74
Peru,43.0,2002,568.33,,
Peru,65.0,2006,541.33,22.0,-27.0
Peru,72.0,2010,454.67,7.0,-86.66
Peru,40.0,2014,681.0,-32.0,226.33
Peru,28.33,2018,857.33,-11.67,176.33
Peru,20.67,2022,1547.93,-7.66,690.6
Peru,37.67,2026,1501.47,17.0,-46.46
Philippines,180.0,2002,107.67,,
Philippines,188.33,2006,103.0,8.33,-4.67
Philippines,165.0,2010,85.0,-23.33,-18.0
Philippines,151.67,2014,157.33,-13.33,72.33
Philippines,124.33,2018,265.67,-27.34,108.34
Philippines,131.67,2022,1121.79,7.34,856.12
Philippines,141.0,2026,1071.89,9.33,-49.9
Poland,30.67,2002,599.0,,
Poland,25.67,2006,659.67,-5.0,60.67
Poland,27.33,2010,818.0,1.66,158.33
Poland,62.0,2014,527.33,34.67,-290.67
Poland,19.0,2018,999.33,-43.0,472.0
Poland,21.67,2022,1540.61,2.67,541.28
Poland,32.0,2026,1522.33,10.33,-18.28
Portugal,8.33,2002,709.0,,
Portugal,12.33,2006,714.67,4.0,5.67
Portugal,11.33,2010,1056.33,-1.0,341.66
Portugal,6.67,2014,1139.67,-4.66,83.34
Portugal,5.5,2018,1246.5,-1.17,106.83
Portugal,5.67,2022,1656.97,0.17,410.47
Portugal,7.0,2026,1753.42,1.33,96.45
Puerto Rico,190.33,2002,58.67,,
Puerto Rico,198.0,2006,49.67,7.67,-9.0
Puerto Rico,168.67,2010,92.33,-29.33,42.66
Puerto Rico,147.0,2014,170.67,-21.67,78.34
Puerto Rico,151.0,2018,177.33,4.0,6.66
Puerto Rico,169.0,2022,987.25,18.0,809.92
Puerto Rico,156.33,2026,1016.76,-12.67,29.51
Qatar,86.67,2002,449.33,,
Qatar,72.0,2006,525.67,-14.67,76.34
Qatar,85.0,2010,395.33,13.0,-130.34
Qatar,100.0,2014,346.33,15.0,-49.0
Qatar,88.0,2018,380.67,-12.0,34.34
Qatar,53.33,2022,1406.28,-34.67,1025.61
Qatar,52.67,2026,1443.64,-0.66,37.36
Republic of Ireland,31.33,2002,598.0,,
Republic of Ireland,17.0,2006,699.67,-14.33,101.67
Republic of Ireland,36.0,2010,712.67,19.0,13.0
Republic of Ireland,38.0,2014,695.67,2.0,-17.0
Republic of Ireland,38.67,2018,716.0,0.67,20.33
Republic of Ireland,38.33,2022,1463.23,-0.34,747.23
Republic of Ireland,59.33,2026,1402.82,21.0,-60.41
Romania,12.67,2002,700.67,,
Romania,28.0,2006,655.67,15.33,-45.0
Romania,17.0,2010,957.0,-11.0,301.33
Romania,45.67,2014,621.67,28.67,-335.33
Romania,21.75,2018,959.75,-23.92,338.08
Romania,35.67,2022,1474.93,13.92,515.18
Romania,47.67,2026,1464.09,12.0,-10.84
Russia,22.33,2002,638.33,,
Russia,28.0,2006,652.33,5.67,14.0
Russia,14.67,2010,997.67,-13.33,345.34
Russia,13.67,2014,970.67,-1.0,-27.0
Russia,44.67,2018,674.33,31.0,-296.34
Russia,37.0,2022,1471.81,-7.67,797.48
Russia,35.33,2026,1508.67,-1.67,36.86
Rwanda,145.67,2002,228.67,,
Rwanda,105.0,2006,443.67,-40.67,215.0
Rwanda,106.67,2010,315.33,1.67,-128.34
Rwanda,131.0,2014,229.67,24.33,-85.66
Rwanda,101.0,2018,341.33,-30.0,111.66
Rwanda,131.0,2022,1096.5,30.0,755.17
Rwanda,132.0,2026,1114.62,1.0,18.12
Saint Kitts and Nevis,175.5,2022,1036.34,,
Saint Lucia,153.0,2022,1081.16,,
Saint Vincent and the Grenadines,164.0,2022,1059.54,,
Samoa,174.67,2002,126.0,,
Samoa,175.33,2006,166.0,0.66,40.0
Samoa,169.33,2010,81.33,-6.0,-84.67
Samoa,180.67,2014,62.0,11.34,-19.33
Samoa,193.0,2018,42.33,12.33,-19.67
Samoa,188.2,2022,968.85,-4.8,926.52
Samoa,187.5,2026,888.6,-0.7,-80.25
San Marino,167.75,2002,142.25,,
San Marino,162.33,2006,218.67,-5.42,76.42
San Marino,199.67,2010,2.0,37.34,-216.67
San Marino,204.67,2014,0.0,5.0,-2.0
San Marino,199.33,2018,22.33,-5.34,22.33
San Marino,210.0,2022,823.0,10.67,800.67
San Marino,208.5,2026,748.16,-1.5,-74.84
Sao Tome e Principe,185.67,2002,77.67,,
Sao Tome e Principe,194.33,2006,76.67,8.66,-1.0
Sao Tome e Principe,205.33,2010,0.0,11.0,-76.67
Sao Tome e Principe,167.33,2014,120.0,-38.0,120.0
Sao Tome e Principe,172.33,2018,114.33,5.0,-5.67
Sao Tome e Principe,190.0,2022,905.0,17.67,790.67
Saudi Arabia,45.67,2002,562.33,,
Saudi Arabia,34.67,2006,628.33,-11.0,66.0
Saudi Arabia,54.67,2010,552.33,20.0,-76.0
Saudi Arabia,103.67,2014,331.33,49.0,-221.0
Saudi Arabia,66.0,2018,526.33,-37.67,195.0
Saudi Arabia,64.0,2022,1364.45,-2.0,838.12
Saudi Arabia,57.33,2026,1422.21,-6.67,57.76
Scotland,33.0,2002,607.67,,
Scotland,65.0,2006,540.67,32.0,-67.0
Scotland,20.0,2010,935.0,-45.0,394.33
Scotland,54.0,2014,577.67,34.0,-357.33
Scotland,39.33,2018,714.33,-14.67,136.66
Scotland,48.67,2022,1426.21,9.34,711.88
Scotland,42.0,2026,1489.83,-6.67,63.62
Senegal,79.0,2002,470.33,,
Senegal,31.0,2006,643.0,-48.0,172.67
Senegal,55.0,2010,572.67,24.0,-70.33
Senegal,56.67,2014,552.0,1.67,-20.67
Senegal,36.67,2018,730.67,-20.0,178.67
Senegal,20.0,2022,1552.12,-16.67,821.45
Senegal,19.67,2026,1621.04,-0.33,68.92
Serbia,22.67,2010,846.33,,
Serbia,35.33,2014,715.0,12.66,-131.33
Serbia,49.33,2018,639.67,14.0,-75.33
Serbia,31.33,2022,1492.66,-18.0,852.99
Serbia,32.33,2026,1518.49,1.0,25.83
Serbia and Montenegro,45.0,2006,596.33,,
Seychelles,189.0,2002,67.33,,
Seychelles,170.33,2006,181.67,-18.67,114.34
Seychelles,163.0,2010,97.0,-7.33,-84.67
Seychelles,187.0,2014,48.0,24.0,-49.0
Seychelles,190.0,2018,54.33,3.0,6.33
Seychelles,186.0,2022,941.76,-4.0,887.43
Seychelles,199.67,2026,832.34,13.67,-109.42
Sierra Leone,127.0,2002,296.67,,
Sierra Leone,150.33,2006,262.0,23.33,-34.67
Sierra Leone,146.0,2010,157.67,-4.33,-104.33
Sierra Leone,66.33,2014,501.0,-79.67,343.33
Sierra Leone,98.33,2018,347.33,32.0,-153.67
Sierra Leone,114.67,2022,1166.57,16.34,819.24
Sierra Leone,123.67,2026,1142.84,9.0,-23.73
Singapore,105.33,2002,385.33,,
Singapore,105.0,2006,433.0,-0.33,47.67
Singapore,131.33,2010,210.0,26.33,-223.0
Singapore,151.67,2014,149.33,20.34,-60.67
Singapore,158.0,2018,156.33,6.33,7.0
Singapore,147.67,2022,1056.43,-10.33,900.1
Singapore,158.67,2026,1012.69,11.0,-43.74
Slovakia,30.67,2002,607.33,,
Slovakia,56.33,2006,563.67,25.66,-43.66
Slovakia,52.67,2010,608.0,-3.66,44.33
Slovakia,48.0,2014,613.33,-4.67,5.33
Slovakia,19.25,2018,953.25,-28.75,339.92
Slovakia,34.33,2022,1478.2,15.08,524.95
Slovakia,44.0,2026,1473.53,9.67,-4.67
Slovenia,40.0,2002,570.67,,
Slovenia,43.67,2006,598.33,3.67,27.66
Slovenia,69.33,2010,473.33,25.66,-125.0
Slovenia,28.67,2014,756.67,-40.66,283.34
Slovenia,55.67,2018,597.0,27.0,-159.67
Slovenia,62.0,2022,1376.15,6.33,779.15
Slovenia,53.33,2026,1443.55,-8.67,67.4
Solomon Islands,135.33,2002,263.33,,
Solomon Islands,138.33,2006,323.0,3.0,59.67
Solomon Islands,145.33,2010,165.0,7.0,-158.0
Solomon Islands,166.0,2014,110.0,20.67,-55.0
Solomon Islands,176.0,2018,92.0,10.0,-18.0
Solomon Islands,174.0,2022,1028.58,-2.0,936.58
Solomon Islands,141.67,2026,1069.1,-32.33,40.52
Somalia,195.33,2002,35.67,,
Somalia,190.67,2006,89.33,-4.66,53.66
Somalia,186.67,2010,34.33,-4.0,-55.0
Somalia,193.0,2014,26.67,6.33,-7.66
Somalia,204.33,2018,2.0,11.33,-24.67
Somalia,198.0,2022,879.0,-6.33,877.0
Somalia,199.0,2026,836.43,1.0,-42.57
South Africa,28.0,2002,616.67,,
South Africa,39.0,2006,615.67,11.0,-1.0
South Africa,72.0,2010,443.0,33.0,-172.67
South Africa,64.33,2014,516.67,-7.67,73.67
South Africa,71.33,2018,477.0,7.0,-39.67
South Africa,71.67,2022,1337.87,0.34,860.87
South Africa,59.67,2026,1410.66,-12.0,72.79
South Sudan,201.0,2014,15.0,,
South Sudan,171.67,2018,112.33,-29.33,97.33
South Sudan,170.5,2022,980.0,-1.17,867.67
South Sudan,169.33,2026,976.98,-1.17,-3.02
Spain,5.0,2002,742.33,,
Spain,4.67,2006,768.33,-0.33,26.0
Spain,3.33,2010,1443.67,-1.34,675.34
Spain,1.0,2014,1578.67,-2.33,135.0
Spain,11.0,2018,1142.25,10.0,-436.42
Spain,7.33,2022,1648.89,-3.67,506.64
Spain,4.67,2026,1807.5,-2.66,158.61
Sri Lanka,149.67,2002,214.0,,
Sri Lanka,140.67,2006,308.67,-9.0,94.67
Sri Lanka,163.0,2010,92.0,22.33,-216.67
Sri Lanka,173.67,2014,86.33,10.67,-5.67
Sri Lanka,191.67,2018,46.67,18.0,-39.66
Sri Lanka,180.33,2022,948.83,-11.34,902.16
Sri Lanka,199.67,2026,836.31,19.34,-112.52
St Kitts and Nevis,145.33,2026,1055.95,,
St Lucia,164.67,2026,992.07,,
St Vincent and the Grenadines,174.0,2026,953.94,,
St. Kitts and Nevis,137.0,2002,263.67,,
St. Kitts and Nevis,119.67,2006,389.0,-17.33,125.33
St. Kitts and Nevis,152.33,2010,127.33,32.66,-261.67
St. Kitts and Nevis,124.0,2014,256.67,-28.33,129.34
St. Kitts and Nevis,103.33,2018,333.0,-20.67,76.33
St. Kitts and Nevis,137.5,2022,1077.5,34.17,744.5
St. Lucia,135.0,2002,265.33,,
St. Lucia,122.33,2006,382.0,-12.67,116.67
St. Lucia,171.0,2010,75.67,48.67,-306.33
St. Lucia,168.33,2014,102.0,-2.67,26.33
St. Lucia,160.0,2018,144.33,-8.33,42.33
St. Lucia,175.0,2022,961.0,15.0,816.67
St. Pierre and Miquelon,192.0,2022,1003.16,,
St. Vincent / Grenadines,130.67,2010,223.33,,
St. Vincent / Grenadines,138.67,2014,201.0,8.0,-22.33
St. Vincent / Grenadines,151.0,2018,174.33,12.33,-26.67
St. Vincent and the Grenadines,129.67,2002,282.33,,
St. Vincent and the Grenadines,144.33,2006,286.0,14.66,3.67
St. Vincent and the Grenadines,170.5,2022,977.5,,
Sudan,122.0,2002,317.33,,
Sudan,104.67,2006,441.0,-17.33,123.67
Sudan,109.0,2010,319.5,4.33,-121.5
Sudan,115.33,2014,289.33,6.33,-30.17
Sudan,119.33,2018,283.67,4.0,-5.66
Sudan,128.0,2022,1111.5,8.67,827.83
Sudan,122.0,2026,1142.43,-6.0,30.93
Suriname,156.0,2002,193.0,,
Suriname,150.0,2006,271.67,-6.0,78.67
Suriname,115.33,2010,279.0,-34.67,7.33
Suriname,128.33,2014,238.67,13.0,-40.33
Suriname,150.67,2018,174.33,22.34,-64.34
Suriname,141.5,2022,1071.0,-9.17,896.67
Suriname,138.0,2026,1094.22,-3.5,23.22
Swaziland,148.67,2010,145.0,,
Swaziland,181.0,2014,61.0,32.33,-84.0
Swaziland,124.67,2018,254.67,-56.33,193.67
Sweden,17.67,2002,659.67,,
Sweden,16.67,2006,703.33,-1.0,43.66
Sweden,30.67,2010,794.67,14.0,91.34
Sweden,21.67,2014,834.33,-9.0,39.66
Sweden,33.33,2018,783.67,11.66,-50.66
Sweden,18.0,2022,1577.68,-15.33,794.01
Sweden,27.67,2026,1530.55,9.67,-47.13
Switzerland,56.67,2002,530.0,,
Switzerland,43.67,2006,597.67,-13.0,67.67
Switzerland,33.33,2010,741.67,-10.34,144.0
Switzerland,17.33,2014,908.33,-16.0,166.66
Switzerland,14.25,2018,1063.0,-3.08,154.67
Switzerland,13.67,2022,1608.91,-0.58,545.91
Switzerland,15.33,2026,1647.8,1.66,38.89
Syria,99.33,2002,407.67,,
Syria,95.33,2006,464.67,-4.0,57.0
Syria,105.0,2010,323.33,9.67,-141.34
Syria,133.33,2014,221.33,28.33,-102.0
Syria,103.33,2018,343.67,-30.0,122.34
Syria,81.67,2022,1296.92,-21.66,953.25
Syria,92.33,2026,1252.68,10.66,-44.24
São Tomé and Príncipe,181.0,2022,923.0,,
São Tomé and Príncipe,191.0,2026,876.85,10.0,-46.15
Tahiti,130.0,2002,283.67,,
Tahiti,129.0,2006,361.0,-1.0,77.33
Tahiti,179.0,2010,52.67,50.0,-308.33
Tahiti,149.0,2014,177.33,-30.0,124.66
Tahiti,167.67,2018,119.33,18.67,-58.0
Tahiti,160.0,2022,1014.0,-7.67,894.67
Tahiti,159.67,2026,1010.33,-0.33,-3.67
Tajikistan,136.33,2002,259.67,,
Tajikistan,151.67,2006,268.33,15.34,8.66
Tajikistan,159.0,2010,109.33,7.33,-159.0
Tajikistan,127.33,2014,242.33,-31.67,133.0
Tajikistan,147.33,2018,194.33,20.0,-48.0
Tajikistan,118.5,2022,1161.0,-28.83,966.67
Tajikistan,105.67,2026,1199.06,-12.83,38.06
Tanzania,139.33,2002,249.33,,
Tanzania,166.0,2006,197.67,26.67,-51.66
Tanzania,105.67,2010,323.0,-60.33,125.33
Tanzania,128.33,2014,240.67,22.66,-82.33
Tanzania,132.33,2018,238.33,4.0,-2.34
Tanzania,134.5,2022,1084.5,2.17,846.17
Tanzania,113.0,2026,1178.05,-21.5,93.55
Thailand,62.0,2002,512.0,,
Thailand,76.33,2006,513.0,14.33,1.0
Thailand,115.33,2010,292.0,39.0,-221.0
Thailand,128.67,2014,241.33,13.34,-50.67
Thailand,136.33,2018,222.0,7.66,-19.33
Thailand,119.33,2022,1160.31,-17.0,938.31
Thailand,104.33,2026,1208.82,-15.0,48.51
The Gambia,122.67,2026,1145.18,,
Timor-Leste,199.67,2010,3.0,,
Timor-Leste,195.33,2014,19.0,-4.34,16.0
Timor-Leste,179.33,2018,83.33,-16.0,64.33
Timor-Leste,178.0,2022,956.56,-1.33,873.23
Timor-Leste,194.0,2026,853.52,16.0,-103.04
Togo,81.67,2002,461.67,,
Togo,80.0,2006,506.67,-1.67,45.0
Togo,70.67,2010,452.33,-9.33,-54.34
Togo,90.33,2014,402.0,19.66,-50.33
Togo,100.0,2018,338.33,9.67,-63.67
Togo,125.0,2022,1133.5,25.0,795.17
Togo,119.33,2026,1156.04,-5.67,22.54
Tokelau,187.0,2022,1013.44,,
Tonga,178.0,2002,112.0,,
Tonga,182.33,2006,135.67,4.33,23.67
Tonga,182.33,2010,45.67,0.0,-90.0
Tonga,186.33,2014,44.33,4.0,-1.34
Tonga,203.33,2018,5.67,17.0,-38.66
Tonga,193.67,2022,961.27,-9.66,955.6
Tonga,198.5,2026,835.64,4.83,-125.63
Trinidad and Tobago,35.67,2002,588.67,,
Trinidad and Tobago,59.67,2006,551.0,24.0,-37.67
Trinidad and Tobago,69.0,2010,469.33,9.33,-81.67
Trinidad and Tobago,82.33,2014,422.0,13.33,-47.33
Trinidad and Tobago,74.0,2018,481.67,-8.33,59.67
Trinidad and Tobago,101.67,2022,1211.65,27.67,729.98
Trinidad and Tobago,100.33,2026,1217.16,-1.34,5.51
Tunisia,27.33,2002,614.33,,
Tunisia,33.67,2006,635.33,6.34,21.0
Tunisia,43.67,2010,649.67,10.0,14.34
Tunisia,49.33,2014,598.0,5.66,-51.67
Tunisia,35.33,2018,748.67,-14.0,150.67
Tunisia,26.67,2022,1508.62,-8.66,759.95
Tunisia,37.0,2026,1504.37,10.33,-4.25
Turkey,33.0,2002,593.33,,
Turkey,11.0,2006,728.33,-22.0,135.0
Turkey,19.33,2010,914.0,8.33,185.67
Turkey,37.0,2014,681.67,17.67,-232.33
Turkey,31.33,2018,787.33,-5.67,105.66
Turkey,36.33,2022,1471.81,5.0,684.48
Turkmenistan,120.67,2002,322.33,,
Turkmenistan,115.0,2006,398.0,-5.67,75.67
Turkmenistan,159.67,2010,102.67,44.67,-295.33
Turkmenistan,131.0,2014,233.0,-28.67,130.33
Turkmenistan,133.67,2018,235.0,2.67,2.0
Turkmenistan,130.0,2022,1100.5,-3.67,865.5
Turkmenistan,140.0,2026,1079.83,10.0,-20.67
Turks and Caicos Islands,196.67,2002,20.67,,
Turks and Caicos Islands,202.33,2006,22.33,5.66,1.66
Turks and Caicos Islands,174.33,2010,59.67,-28.0,37.34
Turks and Caicos Islands,202.0,2014,4.33,27.67,-55.34
Turks and Caicos Islands,198.67,2018,22.0,-3.33,17.67
Turks and Caicos Islands,191.25,2022,946.3,-7.42,924.3
Turks and Caicos Islands,205.0,2026,810.57,13.75,-135.73
Türkiye,31.67,2026,1523.21,,
US Virgin Islands,194.33,2002,37.67,,
US Virgin Islands,197.67,2006,52.33,3.34,14.66
US Virgin Islands,198.0,2010,8.33,0.33,-44.0
US Virgin Islands,172.67,2014,85.33,-25.33,77.0
US Virgin Islands,190.0,2018,52.67,17.33,-32.66
US Virgin Islands,204.0,2022,859.5,14.0,806.83
US Virgin Islands,206.0,2026,796.36,2.0,-63.14
USA,19.33,2002,642.33,,
USA,9.33,2006,738.67,-10.0,96.34
USA,19.0,2010,886.33,9.67,147.66
USA,25.67,2014,811.33,6.67,-75.0
USA,26.0,2018,841.67,0.33,30.34
USA,19.0,2022,1576.7,-7.0,735.03
USA,15.0,2026,1660.31,-4.0,83.61
Uganda,108.67,2002,376.33,,
Uganda,104.33,2006,431.67,-4.34,55.34
Uganda,86.33,2010,395.0,-18.0,-36.67
Uganda,83.67,2014,423.0,-2.66,28.0
Uganda,69.0,2018,491.0,-14.67,68.0
Uganda,81.0,2022,1301.95,12.0,810.95
Uganda,87.0,2026,1268.41,6.0,-33.54
Ukraine,33.67,2002,599.0,,
Ukraine,57.67,2006,568.0,24.0,-31.0
Ukraine,22.67,2010,842.67,-35.0,274.67
Ukraine,41.67,2014,652.67,19.0,-190.0
Ukraine,27.33,2018,833.0,-14.34,180.33
Ukraine,25.33,2022,1525.02,-2.0,692.02
Ukraine,25.33,2026,1543.26,0.0,18.24
United Arab Emirates,63.33,2002,510.33,,
United Arab Emirates,90.0,2006,480.0,26.67,-30.33
United Arab Emirates,111.33,2010,299.67,21.33,-180.33
United Arab Emirates,104.33,2014,340.33,-7.0,40.66
United Arab Emirates,69.33,2018,489.33,-35.0,149.0
United Arab Emirates,68.67,2022,1352.28,-0.66,862.95
United Arab Emirates,68.67,2026,1366.5,0.0,14.22
Uruguay,31.33,2002,597.67,,
Uruguay,22.0,2006,673.33,-9.33,75.66
Uruguay,23.0,2010,842.0,1.0,168.67
Uruguay,5.33,2014,1175.67,-17.67,333.67
Uruguay,15.25,2018,1055.0,9.92,-120.67
Uruguay,8.0,2022,1643.14,-7.25,588.14
Uruguay,14.33,2026,1667.17,6.33,24.03
Uzbekistan,72.33,2002,487.67,,
Uzbekistan,72.67,2006,514.67,0.34,27.0
Uzbekistan,68.67,2010,464.67,-4.0,-50.0
Uzbekistan,68.67,2014,490.0,0.0,25.33
Uzbekistan,64.67,2018,528.33,-4.0,38.33
Uzbekistan,85.67,2022,1281.42,21.0,753.09
Uzbekistan,63.0,2026,1398.24,-22.67,116.82
Vanuatu,172.67,2002,134.0,,
Vanuatu,147.67,2006,281.33,-25.0,147.33
Vanuatu,140.33,2010,186.0,-7.34,-95.33
Vanuatu,173.0,2014,84.67,32.67,-101.33
Vanuatu,186.0,2018,59.0,13.0,-25.67
Vanuatu,158.33,2022,1027.09,-27.67,968.09
Vanuatu,164.33,2026,994.51,6.0,-32.58
Venezuela,107.33,2002,383.33,,
Venezuela,58.67,2006,551.67,-48.66,168.34
Venezuela,56.67,2010,540.33,-2.0,-11.34
Venezuela,45.0,2014,629.67,-11.67,89.34
Venezuela,59.33,2018,566.67,14.33,-63.0
Venezuela,33.33,2022,1485.71,-26.0,919.04
Venezuela,47.33,2026,1458.8,14.0,-26.91
Vietnam,106.0,2002,389.33,,
Vietnam,101.33,2006,441.67,-4.67,52.34
Vietnam,147.33,2010,153.0,46.0,-288.67
Vietnam,142.67,2014,178.67,-4.66,25.67
Vietnam,141.0,2018,210.67,-1.67,32.0
Vietnam,96.0,2022,1244.36,-45.0,1033.69
Vietnam,108.33,2026,1191.48,12.33,-52.88
Wales,98.67,2002,410.67,,
Wales,64.0,2006,540.67,-34.67,130.0
Wales,57.67,2010,527.0,-6.33,-13.67
Wales,62.33,2014,532.0,4.66,5.0
Wales,10.25,2018,1135.5,-52.08,603.5
Wales,21.0,2022,1545.2,10.75,409.7
Wales,30.67,2026,1522.05,9.67,-23.15
Yemen,149.0,2002,217.33,,
Yemen,137.67,2006,324.33,-11.33,107.0
Yemen,139.67,2010,176.67,2.0,-147.66
Yemen,153.67,2014,139.67,14.0,-37.0
Yemen,150.0,2018,182.33,-3.67,42.66
Yemen,140.5,2022,1074.5,-9.5,892.17
Yemen,155.0,2026,1020.95,14.5,-53.55
Yugoslavia,12.67,2002,691.67,,
Zaire,61.0,2002,496.0,,
Zambia,45.33,2002,563.33,,
Zambia,69.33,2006,535.0,24.0,-28.33
Zambia,70.33,2010,456.33,1.0,-78.67
Zambia,65.33,2014,516.0,-5.0,59.67
Zambia,81.33,2018,429.67,16.0,-86.33
Zambia,84.67,2022,1286.06,3.34,856.39
Zambia,86.67,2026,1271.81,2.0,-14.25
Zimbabwe,66.67,2002,500.0,,
Zimbabwe,47.67,2006,577.0,-19.0,77.0
Zimbabwe,98.67,2010,344.67,51.0,-232.33
Zimbabwe,88.33,2014,393.67,-10.34,49.0
Zimbabwe,108.67,2018,313.33,20.34,-80.34
Zimbabwe,114.0,2022,1168.64,5.33,855.31
Zimbabwe,124.67,2026,1135.77,10.67,-32.87
