wc_year,country,home_goals,home_conceded,away_goals,away_conceded,total_goals,total_conceded,home_gd_ratio,away_gd_ratio,total_gd_ratio
2026,Algeria,29,9,29,12,58,21,3.2222222222222223,2.4166666666666665,2.761904761904762
2026,Greece,34,13,17,7,51,20,2.6153846153846154,2.4285714285714284,2.55
2026,Mexico,12,2,59,42,71,44,6.0,1.4047619047619047,1.6136363636363635
2026,Malawi,9,15,12,16,21,31,0.6,0.75,0.6774193548387096
2026,Eswatini,0,0,14,31,14,31,,0.45161290322580644,0.45161290322580644
2026,Botswana,12,14,8,16,20,30,0.8571428571428571,0.5,0.6666666666666666
2026,Kuwait,8,11,28,32,36,43,0.7272727272727273,0.875,0.8372093023255814
2026,France,38,9,30,18,68,27,4.222222222222222,1.6666666666666667,2.5185185185185186
2026,Liberia,4,11,12,19,16,30,0.36363636363636365,0.631578947368421,0.5333333333333333
2026,Nigeria,14,4,25,18,39,22,3.5,1.3888888888888888,1.7727272727272727
2026,United Arab Emirates,25,7,25,12,50,19,3.5714285714285716,2.0833333333333335,2.6315789473684212
2026,Ivory Coast,37,13,11,7,48,20,2.8461538461538463,1.5714285714285714,2.4
2026,Thailand,26,14,34,39,60,53,1.8571428571428572,0.8717948717948718,1.1320754716981132
2026,Colombia,16,7,46,22,62,29,2.2857142857142856,2.090909090909091,2.1379310344827585
2026,Indonesia,29,15,23,47,52,62,1.9333333333333333,0.48936170212765956,0.8387096774193549
2026,Iran,26,5,48,19,74,24,5.2,2.526315789473684,3.0833333333333335
2026,United States,80,44,9,5,89,49,1.8181818181818181,1.8,1.816326530612245
2026,Costa Rica,18,6,42,41,60,47,3.0,1.024390243902439,1.2765957446808511
2026,South Korea,30,11,41,15,71,26,2.727272727272727,2.7333333333333334,2.730769230769231
2026,Malta,10,15,5,31,15,46,0.6666666666666666,0.16129032258064516,0.32608695652173914
2026,Uganda,12,2,14,24,26,26,6.0,0.5833333333333334,1.0
2026,Togo,9,11,10,15,19,26,0.8181818181818182,0.6666666666666666,0.7307692307692307
2026,Bermuda,17,18,12,23,29,41,0.9444444444444444,0.5217391304347826,0.7073170731707317
2026,Egypt,25,4,25,10,50,14,6.25,2.5,3.5714285714285716
2026,Iraq,13,6,23,16,36,22,2.1666666666666665,1.4375,1.6363636363636365
2026,Belgium,32,8,30,18,62,26,4.0,1.6666666666666667,2.3846153846153846
2026,Gambia,0,0,32,33,32,33,,0.9696969696969697,0.9696969696969697
2026,Morocco,40,4,15,7,55,11,10.0,2.142857142857143,5.0
2026,Netherlands,46,16,30,22,76,38,2.875,1.3636363636363635,2.0
2026,Spain,37,10,52,20,89,30,3.7,2.6,2.966666666666667
2026,Oman,17,9,15,19,32,28,1.8888888888888888,0.7894736842105263,1.1428571428571428
2026,Qatar,48,27,14,26,62,53,1.7777777777777777,0.5384615384615384,1.169811320754717
2026,Bahrain,17,16,12,23,29,39,1.0625,0.5217391304347826,0.7435897435897436
2026,Cameroon,22,4,16,19,38,23,5.5,0.8421052631578947,1.6521739130434783
2026,Senegal,20,4,31,10,51,14,5.0,3.1,3.642857142857143
2026,Mozambique,11,9,27,34,38,43,1.2222222222222223,0.7941176470588235,0.8837209302325582
2026,Zambia,13,8,21,22,34,30,1.625,0.9545454545454546,1.1333333333333333
2026,Lesotho,0,0,15,38,15,38,,0.39473684210526316,0.39473684210526316
2026,Angola,11,7,23,17,34,24,1.5714285714285714,1.3529411764705883,1.4166666666666667
2026,Jamaica,10,7,42,40,52,47,1.4285714285714286,1.05,1.1063829787234043
2026,Hungary,22,13,16,27,38,40,1.6923076923076923,0.5925925925925926,0.95
2026,Sint Maarten,0,0,23,44,23,44,,0.5227272727272727,0.5227272727272727
2026,Saint Kitts and Nevis,11,9,21,41,32,50,1.2222222222222223,0.5121951219512195,0.64
2026,Saint Martin,3,2,29,17,32,19,1.5,1.7058823529411764,1.6842105263157894
2026,Northern Ireland,16,4,17,30,33,34,4.0,0.5666666666666667,0.9705882352941176
2026,England,36,10,33,11,69,21,3.6,3.0,3.2857142857142856
2026,Republic of Ireland,16,18,10,19,26,37,0.8888888888888888,0.5263157894736842,0.7027027027027027
2026,Luxembourg,13,19,6,24,19,43,0.6842105263157895,0.25,0.4418604651162791
2026,Poland,31,14,14,25,45,39,2.2142857142857144,0.56,1.1538461538461537
2026,Russia,28,2,19,6,47,8,14.0,3.1666666666666665,5.875
2026,Scotland,17,18,23,25,40,43,0.9444444444444444,0.92,0.9302325581395349
2026,Switzerland,31,15,30,19,61,34,2.066666666666667,1.5789473684210527,1.7941176470588236
2026,Austria,35,12,27,15,62,27,2.9166666666666665,1.8,2.2962962962962963
2026,Denmark,33,8,15,19,48,27,4.125,0.7894736842105263,1.7777777777777777
2026,Barbados,15,22,20,29,35,51,0.6818181818181818,0.6896551724137931,0.6862745098039216
2026,Grenada,14,25,8,21,22,46,0.56,0.38095238095238093,0.4782608695652174
2026,Martinique,5,5,15,18,20,23,1.0,0.8333333333333334,0.8695652173913043
2026,Saint Vincent and the Grenadines,19,15,22,25,41,40,1.2666666666666666,0.88,1.025
2026,Germany,47,30,14,13,61,43,1.5666666666666667,1.0769230769230769,1.4186046511627908
2026,Israel,4,2,33,40,37,42,2.0,0.825,0.8809523809523809
2026,Sweden,36,16,27,23,63,39,2.25,1.173913043478261,1.6153846153846154
2026,Gabon,11,5,19,19,30,24,2.2,1.0,1.25
2026,Suriname,16,7,13,14,29,21,2.2857142857142856,0.9285714285714286,1.380952380952381
2026,Guadeloupe,14,2,32,23,46,25,7.0,1.391304347826087,1.84
2026,Brazil,18,5,26,27,44,32,3.6,0.9629629629629629,1.375
2026,Cayman Islands,6,13,6,17,12,30,0.46153846153846156,0.35294117647058826,0.4
2026,Canada,19,7,32,28,51,35,2.7142857142857144,1.1428571428571428,1.457142857142857
2026,Dominica,2,3,15,29,17,32,0.6666666666666666,0.5172413793103449,0.53125
2026,Saint Lucia,11,13,17,20,28,33,0.8461538461538461,0.85,0.8484848484848485
2026,Mauritania,6,8,13,23,19,31,0.75,0.5652173913043478,0.6129032258064516
2026,Zimbabwe,0,0,10,15,10,15,,0.6666666666666666,0.6666666666666666
2026,Guyana,10,11,34,27,44,38,0.9090909090909091,1.2592592592592593,1.1578947368421053
2026,Wales,25,10,13,16,38,26,2.5,0.8125,1.4615384615384615
2026,Romania,20,9,28,18,48,27,2.2222222222222223,1.5555555555555556,1.7777777777777777
2026,Turkey,14,11,35,36,49,47,1.2727272727272727,0.9722222222222222,1.0425531914893618
2026,Antigua and Barbuda,8,16,6,30,14,46,0.5,0.2,0.30434782608695654
2026,Curaçao,17,10,15,18,32,28,1.7,0.8333333333333334,1.1428571428571428
2026,Georgia,42,19,17,20,59,39,2.210526315789474,0.85,1.5128205128205128
2026,Burkina Faso,0,0,44,29,44,29,,1.5172413793103448,1.5172413793103448
2026,French Guiana,3,7,20,17,23,24,0.42857142857142855,1.1764705882352942,0.9583333333333334
2026,Iceland,18,10,31,38,49,48,1.8,0.8157894736842105,1.0208333333333333
2026,Italy,28,13,29,26,57,39,2.1538461538461537,1.1153846153846154,1.4615384615384615
2026,Liechtenstein,2,31,4,36,6,67,0.06451612903225806,0.1111111111111111,0.08955223880597014
2026,Jordan,24,9,39,34,63,43,2.6666666666666665,1.1470588235294117,1.4651162790697674
2026,Tunisia,21,1,12,13,33,14,21.0,0.9230769230769231,2.357142857142857
2026,Norway,44,10,24,18,68,28,4.4,1.3333333333333333,2.4285714285714284
2026,Namibia,0,0,19,27,19,27,,0.7037037037037037,0.7037037037037037
2026,Argentina,29,4,35,9,64,13,7.25,3.888888888888889,4.923076923076923
2026,Uruguay,22,5,25,17,47,22,4.4,1.4705882352941178,2.1363636363636362
2026,China PR,20,17,8,21,28,38,1.1764705882352942,0.38095238095238093,0.7368421052631579
2026,Japan,48,6,50,16,98,22,8.0,3.125,4.454545454545454
2026,Trinidad and Tobago,20,9,29,39,49,48,2.2222222222222223,0.7435897435897436,1.0208333333333333
2026,Faroe Islands,7,15,8,15,15,30,0.4666666666666667,0.5333333333333333,0.5
2026,New Zealand,32,2,22,12,54,14,16.0,1.8333333333333333,3.857142857142857
2026,Sudan,1,0,14,14,15,14,,1.0,1.0714285714285714
2026,Guinea,0,0,32,26,32,26,,1.2307692307692308,1.2307692307692308
2026,DR Congo,10,3,30,15,40,18,3.3333333333333335,2.0,2.2222222222222223
2026,Madagascar,0,3,20,19,20,22,0.0,1.0526315789473684,0.9090909090909091
2026,Mauritius,3,5,6,17,9,22,0.6,0.35294117647058826,0.4090909090909091
2026,Mali,20,7,20,8,40,15,2.857142857142857,2.5,2.6666666666666665
2026,Finland,19,14,14,32,33,46,1.3571428571428572,0.4375,0.717391304347826
2026,Portugal,48,13,36,13,84,26,3.6923076923076925,2.769230769230769,3.230769230769231
2026,Seychelles,0,0,5,49,5,49,,0.10204081632653061,0.10204081632653061
2026,Sierra Leone,0,0,26,31,26,31,,0.8387096774193549,0.8387096774193549
2026,Tanzania,1,6,8,12,9,18,0.16666666666666666,0.6666666666666666,0.5
2026,Ghana,17,6,14,21,31,27,2.8333333333333335,0.6666666666666666,1.1481481481481481
2026,Congo,4,6,6,20,10,26,0.6666666666666666,0.3,0.38461538461538464
2026,Chad,1,1,6,25,7,26,1.0,0.24,0.2692307692307692
2026,Malaysia,42,15,16,28,58,43,2.8,0.5714285714285714,1.3488372093023255
2026,Singapore,24,34,13,23,37,57,0.7058823529411765,0.5652173913043478,0.6491228070175439
2026,Yemen,0,0,11,11,11,11,,1.0,1.0
2026,Saudi Arabia,13,11,27,21,40,32,1.1818181818181819,1.2857142857142858,1.25
2026,Pakistan,2,12,0,27,2,39,0.16666666666666666,0.0,0.05128205128205128
2026,Hong Kong,39,12,5,26,44,38,3.25,0.19230769230769232,1.1578947368421053
2026,Bangladesh,10,11,10,24,20,35,0.9090909090909091,0.4166666666666667,0.5714285714285714
2026,North Korea,0,0,22,28,22,28,,0.7857142857142857,0.7857142857142857
2026,Aruba,12,12,11,18,23,30,1.0,0.6111111111111112,0.7666666666666667
2026,Benin,2,2,24,24,26,26,1.0,1.0,1.0
2026,Niger,0,0,22,28,22,28,,0.7857142857142857,0.7857142857142857
2026,Croatia,25,5,27,19,52,24,5.0,1.4210526315789473,2.1666666666666665
2026,Fiji,17,6,23,21,40,27,2.8333333333333335,1.0952380952380953,1.4814814814814814
2026,Vanuatu,7,9,12,19,19,28,0.7777777777777778,0.631578947368421,0.6785714285714286
2026,New Caledonia,0,0,31,11,31,11,,2.8181818181818183,2.8181818181818183
2026,Solomon Islands,18,5,10,14,28,19,3.6,0.7142857142857143,1.4736842105263157
2026,Bulgaria,8,15,7,25,15,40,0.5333333333333333,0.28,0.375
2026,Cyprus,10,24,14,36,24,60,0.4166666666666667,0.3888888888888889,0.4
2026,San Marino,7,33,5,36,12,69,0.21212121212121213,0.1388888888888889,0.17391304347826086
2026,Albania,14,3,19,20,33,23,4.666666666666667,0.95,1.434782608695652
2026,Ethiopia,4,3,12,26,16,29,1.3333333333333333,0.46153846153846156,0.5517241379310345
2026,Guatemala,18,2,30,40,48,42,9.0,0.75,1.1428571428571428
2026,Kenya,7,6,20,18,27,24,1.1666666666666667,1.1111111111111112,1.125
2026,Central African Republic,0,0,20,34,20,34,,0.5882352941176471,0.5882352941176471
2026,India,13,8,3,12,16,20,1.625,0.25,0.8
2026,Australia,32,6,23,12,55,18,5.333333333333333,1.9166666666666667,3.0555555555555554
2026,Guinea-Bissau,9,6,9,24,18,30,1.5,0.375,0.6
2026,Nicaragua,19,9,21,16,40,25,2.111111111111111,1.3125,1.6
2026,Puerto Rico,29,15,24,20,53,35,1.9333333333333333,1.2,1.5142857142857142
2026,Dominican Republic,30,6,28,25,58,31,5.0,1.12,1.8709677419354838
2026,Panama,16,6,46,46,62,52,2.6666666666666665,1.0,1.1923076923076923
2026,Anguilla,1,15,6,29,7,44,0.06666666666666667,0.20689655172413793,0.1590909090909091
2026,Honduras,22,3,28,43,50,46,7.333333333333333,0.6511627906976745,1.0869565217391304
2026,Chile,28,10,6,24,34,34,2.8,0.25,1.0
2026,Peru,12,8,3,23,15,31,1.5,0.13043478260869565,0.4838709677419355
2026,Bolivia,14,9,8,47,22,56,1.5555555555555556,0.1702127659574468,0.39285714285714285
2026,Paraguay,11,3,11,21,22,24,3.6666666666666665,0.5238095238095238,0.9166666666666666
2026,Ecuador,11,2,22,17,33,19,5.5,1.2941176470588236,1.736842105263158
2026,Slovenia,27,14,16,16,43,30,1.9285714285714286,1.0,1.4333333333333333
2026,Philippines,17,20,8,21,25,41,0.85,0.38095238095238093,0.6097560975609756
2026,Moldova,15,22,8,28,23,50,0.6818181818181818,0.2857142857142857,0.46
2026,Guam,0,1,3,8,3,9,0.0,0.375,0.3333333333333333
2026,Papua New Guinea,4,5,14,25,18,30,0.8,0.56,0.6
2026,Lithuania,14,19,5,19,19,38,0.7368421052631579,0.2631578947368421,0.5
2026,Estonia,5,22,11,38,16,60,0.22727272727272727,0.2894736842105263,0.26666666666666666
2026,Cape Verde,9,4,24,24,33,28,2.25,1.0,1.1785714285714286
2026,El Salvador,4,3,23,38,27,41,1.3333333333333333,0.6052631578947368,0.6585365853658537
2026,Sri Lanka,5,6,6,13,11,19,0.8333333333333334,0.46153846153846156,0.5789473684210527
2026,Maldives,2,1,12,20,14,21,2.0,0.6,0.6666666666666666
2026,Ukraine,0,0,37,35,37,35,,1.0571428571428572,1.0571428571428572
2026,Cuba,13,5,8,38,21,43,2.6,0.21052631578947367,0.4883720930232558
2026,Haiti,0,0,55,24,55,24,,2.2916666666666665,2.2916666666666665
2026,Kazakhstan,8,11,19,41,27,52,0.7272727272727273,0.4634146341463415,0.5192307692307693
2026,Macau,0,3,2,18,2,21,0.0,0.1111111111111111,0.09523809523809523
2026,Tajikistan,13,8,21,22,34,30,1.625,0.9545454545454546,1.1333333333333333
2026,Uzbekistan,24,5,30,19,54,24,4.8,1.5789473684210527,2.25
2026,South Africa,31,13,17,11,48,24,2.3846153846153846,1.5454545454545454,2.0
2026,Latvia,7,14,8,29,15,43,0.5,0.27586206896551724,0.3488372093023256
2026,Turkmenistan,4,5,7,22,11,27,0.8,0.3181818181818182,0.4074074074074074
2026,Libya,8,6,19,17,27,23,1.3333333333333333,1.1176470588235294,1.173913043478261
2026,Burundi,0,0,24,33,24,33,,0.7272727272727273,0.7272727272727273
2026,Syria,0,0,27,33,27,33,,0.8181818181818182,0.8181818181818182
2026,Tahiti,14,4,19,15,33,19,3.5,1.2666666666666666,1.736842105263158
2026,Kyrgyzstan,17,15,16,27,33,42,1.1333333333333333,0.5925925925925926,0.7857142857142857
2026,Armenia,14,22,17,31,31,53,0.6363636363636364,0.5483870967741935,0.5849056603773585
2026,Belarus,5,9,20,31,25,40,0.5555555555555556,0.6451612903225806,0.625
2026,Venezuela,12,8,20,29,32,37,1.5,0.6896551724137931,0.8648648648648649
2026,Lebanon,4,0,26,27,30,27,,0.9629629629629629,1.1111111111111112
2026,Slovakia,20,7,24,20,44,27,2.857142857142857,1.2,1.6296296296296295
2026,Vietnam,34,17,18,33,52,50,2.0,0.5454545454545454,1.04
2026,Mongolia,4,2,2,20,6,22,2.0,0.1,0.2727272727272727
2026,Azerbaijan,10,18,8,35,18,53,0.5555555555555556,0.22857142857142856,0.33962264150943394
2026,Laos,5,9,8,16,13,25,0.5555555555555556,0.5,0.52
2026,Myanmar,18,20,7,33,25,53,0.9,0.21212121212121213,0.4716981132075472
2026,Taiwan,11,11,17,32,28,43,1.0,0.53125,0.6511627906976745
2026,Gibraltar,5,5,3,67,8,72,1.0,0.04477611940298507,0.1111111111111111
2026,Tonga,1,5,11,18,12,23,0.2,0.6111111111111112,0.5217391304347826
2026,Nepal,1,3,9,33,10,36,0.3333333333333333,0.2727272727272727,0.2777777777777778
2026,North Macedonia,21,9,17,24,38,33,2.3333333333333335,0.7083333333333334,1.1515151515151516
2026,Czech Republic,24,9,30,23,54,32,2.6666666666666665,1.3043478260869565,1.6875
2026,Samoa,4,1,22,32,26,33,4.0,0.6875,0.7878787878787878
2026,Somalia,0,0,5,26,5,26,,0.19230769230769232,0.19230769230769232
2026,Montserrat,6,7,8,28,14,35,0.8571428571428571,0.2857142857142857,0.4
2026,Serbia,15,10,21,19,36,29,1.5,1.105263157894737,1.2413793103448276
2026,Cook Islands,0,0,5,31,5,31,,0.16129032258064516,0.16129032258064516
2026,Bosnia and Herzegovina,13,20,13,28,26,48,0.65,0.4642857142857143,0.5416666666666666
2026,Belize,13,18,12,17,25,35,0.7222222222222222,0.7058823529411765,0.7142857142857143
2026,Rwanda,7,8,4,10,11,18,0.875,0.4,0.6111111111111112
2026,Cambodia,18,13,6,16,24,29,1.3846153846153846,0.375,0.8275862068965517
2026,Brunei,7,8,2,24,9,32,0.875,0.08333333333333333,0.28125
2026,Andorra,3,12,2,30,5,42,0.25,0.06666666666666667,0.11904761904761904
2026,British Virgin Islands,5,9,6,16,11,25,0.5555555555555556,0.375,0.44
2026,Palestine,0,0,25,35,25,35,,0.7142857142857143,0.7142857142857143
2026,United States Virgin Islands,8,15,3,14,11,29,0.5333333333333333,0.21428571428571427,0.3793103448275862
2026,Equatorial Guinea,11,4,22,17,33,21,2.75,1.2941176470588236,1.5714285714285714
2026,São Tomé and Príncipe,0,0,7,32,7,32,,0.21875,0.21875
2026,Bahamas,2,13,17,33,19,46,0.15384615384615385,0.5151515151515151,0.41304347826086957
2026,Bhutan,3,1,4,17,7,18,3.0,0.23529411764705882,0.3888888888888889
2026,Djibouti,0,0,5,31,5,31,,0.16129032258064516,0.16129032258064516
2026,American Samoa,0,0,2,33,2,33,,0.06060606060606061,0.06060606060606061
2026,Afghanistan,0,0,10,33,10,33,,0.30303030303030304,0.30303030303030304
2026,Tuvalu,0,0,8,10,8,10,,0.8,0.8
2026,Comoros,6,5,24,23,30,28,1.2,1.0434782608695652,1.0714285714285714
2026,Turks and Caicos Islands,4,12,5,10,9,22,0.3333333333333333,0.5,0.4090909090909091
2026,Timor-Leste,0,0,9,33,9,33,,0.2727272727272727,0.2727272727272727
2026,Kosovo,21,12,16,17,37,29,1.75,0.9411764705882353,1.2758620689655173
2026,Montenegro,19,22,8,20,27,42,0.8636363636363636,0.4,0.6428571428571429
2026,Northern Mariana Islands,0,0,5,19,5,19,,0.2631578947368421,0.2631578947368421
2026,Bonaire,5,9,8,20,13,29,0.5555555555555556,0.4,0.4482758620689655
2026,Raetia,5,1,0,0,5,1,5.0,,5.0
2026,South Sudan,4,12,8,22,12,34,0.3333333333333333,0.36363636363636365,0.35294117647058826
2026,Saint Barthélemy,5,1,2,3,7,4,5.0,0.6666666666666666,1.75
2026,Ticino,0,0,1,5,1,5,,0.2,0.2
