wc_year,country,home_win,home_loss,home_draw,away_win,away_loss,away_draw,home_win_rate,away_win_rate,total_win_rate
2002,Scotland,10,12,5,9,10,9,0.37,0.32,0.35
2006,Scotland,12,10,8,8,11,5,0.4,0.33,0.37
2010,Scotland,12,4,6,7,15,2,0.55,0.29,0.41
2014,Scotland,11,4,6,10,13,4,0.52,0.37,0.44
2018,Scotland,14,7,6,9,13,3,0.52,0.36,0.44
2022,Scotland,16,8,7,13,14,7,0.52,0.38,0.45
2002,England,17,7,8,13,7,12,0.53,0.41,0.47
2006,England,23,5,5,18,10,6,0.7,0.53,0.61
2010,England,21,5,6,18,7,5,0.66,0.6,0.63
2014,England,24,4,5,17,4,12,0.73,0.52,0.62
2018,England,25,3,4,15,6,8,0.78,0.52,0.66
2022,England,28,5,6,18,6,7,0.72,0.58,0.66
2002,Wales,6,7,8,6,9,7,0.29,0.27,0.28
2006,Wales,11,8,9,10,14,5,0.39,0.34,0.37
2010,Wales,11,12,3,10,14,2,0.42,0.38,0.4
2014,Wales,11,8,7,6,14,3,0.42,0.26,0.35
2018,Wales,13,4,7,11,14,6,0.54,0.35,0.44
2022,Wales,19,3,12,9,11,9,0.56,0.31,0.44
2002,Northern Ireland,2,14,7,8,9,8,0.09,0.32,0.21
2006,Northern Ireland,10,11,6,6,12,9,0.37,0.22,0.3
2010,Northern Ireland,8,7,9,4,14,6,0.33,0.17,0.25
2014,Northern Ireland,10,6,6,5,14,8,0.45,0.19,0.31
2018,Northern Ireland,15,9,4,8,12,9,0.54,0.28,0.4
2022,Northern Ireland,10,10,6,10,16,6,0.38,0.31,0.34
2002,United States,36,6,10,7,10,7,0.69,0.29,0.57
2006,United States,44,5,11,14,10,4,0.73,0.5,0.66
2010,United States,35,12,10,16,14,4,0.61,0.47,0.56
2014,United States,38,15,7,15,12,6,0.63,0.45,0.57
2018,United States,37,14,9,6,10,7,0.62,0.26,0.52
2022,United States,45,11,11,5,9,6,0.67,0.25,0.57
2002,Uruguay,14,4,4,15,21,10,0.64,0.33,0.43
2006,Uruguay,11,2,5,19,19,16,0.61,0.35,0.42
2010,Uruguay,9,2,8,21,14,12,0.47,0.45,0.45
2014,Uruguay,15,0,6,15,18,9,0.71,0.36,0.48
2018,Uruguay,12,2,1,10,18,7,0.8,0.29,0.44
2022,Uruguay,14,2,4,14,13,13,0.7,0.35,0.47
2002,Austria,12,9,6,4,11,6,0.44,0.19,0.33
2006,Austria,11,15,11,4,8,6,0.3,0.22,0.27
2010,Austria,14,20,9,1,9,7,0.33,0.06,0.25
2014,Austria,15,11,8,10,9,4,0.44,0.43,0.44
2018,Austria,18,7,7,15,7,3,0.56,0.6,0.58
2022,Austria,18,7,6,20,12,5,0.58,0.54,0.56
2002,Hungary,10,10,11,9,11,6,0.32,0.35,0.33
2006,Hungary,13,10,5,11,19,1,0.46,0.35,0.41
2010,Hungary,14,9,8,13,14,0,0.45,0.48,0.47
2014,Hungary,14,7,11,13,6,5,0.44,0.54,0.48
2018,Hungary,15,9,5,9,12,6,0.52,0.33,0.43
2022,Hungary,18,8,9,14,10,7,0.51,0.45,0.48
2002,Argentina,14,0,5,27,12,9,0.74,0.56,0.61
2006,Argentina,10,0,6,27,21,9,0.62,0.47,0.51
2010,Argentina,21,1,8,19,21,9,0.7,0.39,0.51
2014,Argentina,16,2,7,14,21,12,0.64,0.3,0.42
2018,Argentina,10,2,4,16,18,8,0.62,0.38,0.45
2022,Argentina,14,1,3,19,21,5,0.78,0.42,0.52
2002,Belgium,11,10,7,12,8,7,0.39,0.44,0.42
2006,Belgium,12,9,5,6,12,8,0.46,0.23,0.35
2010,Belgium,14,7,6,6,16,7,0.52,0.21,0.36
2014,Belgium,21,3,9,18,7,6,0.64,0.58,0.61
2018,Belgium,25,1,6,22,6,2,0.78,0.73,0.76
2022,Belgium,22,3,4,21,10,8,0.76,0.54,0.63
2002,France,21,3,9,21,7,6,0.64,0.62,0.63
2006,France,25,4,11,17,6,8,0.62,0.55,0.59
2010,France,23,7,10,19,6,9,0.57,0.56,0.57
2014,France,31,6,9,15,7,7,0.67,0.52,0.61
2018,France,32,6,7,15,5,3,0.71,0.65,0.69
2022,France,22,5,6,20,6,8,0.67,0.59,0.63
2002,Guernsey,0,0,0,1,0,0,,1.0,1.0
2006,Guernsey,0,0,0,0,0,1,,0.0,0.0
2010,Guernsey,0,0,0,0,0,1,,0.0,0.0
2002,Jersey,0,2,0,0,1,0,0.0,0.0,0.0
2006,Jersey,1,1,0,0,2,0,0.5,0.0,0.25
2010,Jersey,1,0,0,0,0,0,1.0,,1.0
2014,Jersey,0,0,0,1,0,0,,1.0,1.0
2018,Jersey,0,1,0,1,0,0,0.0,1.0,0.5
2002,Netherlands,20,4,12,13,8,11,0.56,0.41,0.49
2006,Netherlands,25,4,9,19,11,8,0.66,0.5,0.58
2010,Netherlands,26,2,6,20,11,7,0.76,0.53,0.64
2014,Netherlands,17,8,7,18,9,6,0.53,0.55,0.54
2018,Netherlands,14,11,3,17,5,9,0.5,0.55,0.53
2022,Netherlands,25,6,4,18,6,7,0.71,0.58,0.65
2002,Guyana,1,1,1,1,5,0,0.33,0.17,0.22
2006,Guyana,6,3,1,1,7,1,0.6,0.11,0.37
2010,Guyana,6,5,2,7,15,4,0.46,0.27,0.33
2014,Guyana,8,3,1,5,7,5,0.67,0.29,0.45
2018,Guyana,6,1,2,3,6,4,0.67,0.23,0.41
2022,Guyana,6,4,0,9,18,4,0.6,0.29,0.37
2010,Alderney,0,0,1,0,0,0,0.0,,0.0
2014,Alderney,0,0,1,0,2,0,0.0,0.0,0.0
2018,Alderney,0,0,0,0,1,0,,0.0,0.0
2002,Switzerland,11,9,6,12,8,9,0.42,0.41,0.42
2006,Switzerland,18,10,8,11,10,5,0.5,0.42,0.47
2010,Switzerland,15,12,8,12,6,6,0.43,0.5,0.46
2014,Switzerland,17,5,4,15,6,9,0.65,0.5,0.57
2018,Switzerland,19,4,5,13,11,5,0.68,0.45,0.56
2022,Switzerland,16,3,11,10,15,12,0.53,0.27,0.39
2002,Sweden,14,6,6,17,9,13,0.54,0.44,0.48
2006,Sweden,16,7,6,17,17,11,0.55,0.38,0.45
2010,Sweden,20,4,4,22,19,6,0.71,0.47,0.56
2014,Sweden,20,6,5,17,17,7,0.65,0.41,0.51
2018,Sweden,15,5,8,14,18,9,0.54,0.34,0.42
2022,Sweden,22,7,3,13,21,5,0.69,0.33,0.49
2002,Germany,22,7,5,16,10,9,0.65,0.46,0.55
2006,Germany,24,6,7,21,9,8,0.65,0.55,0.6
2010,Germany,24,8,6,24,6,8,0.63,0.63,0.63
2014,Germany,22,7,7,21,10,5,0.61,0.58,0.6
2018,Germany,19,5,10,14,9,4,0.56,0.52,0.54
2022,Germany,23,9,10,14,4,8,0.55,0.54,0.54
2002,Italy,20,4,7,13,11,9,0.65,0.39,0.52
2006,Italy,22,1,6,16,9,10,0.76,0.46,0.59
2010,Italy,19,3,3,19,9,12,0.76,0.48,0.58
2014,Italy,16,5,9,18,9,11,0.53,0.47,0.5
2018,Italy,16,1,13,18,12,5,0.53,0.51,0.52
2022,Italy,23,4,7,21,8,8,0.68,0.57,0.62
2002,Chile,12,7,7,8,28,7,0.46,0.19,0.29
2006,Chile,16,4,8,14,19,11,0.57,0.32,0.42
2010,Chile,20,4,5,22,23,10,0.69,0.4,0.5
2014,Chile,22,4,3,13,22,11,0.76,0.28,0.47
2018,Chile,16,3,4,13,19,10,0.7,0.31,0.45
2022,Chile,11,6,4,10,20,15,0.52,0.22,0.32
2002,Norway,15,7,11,18,9,9,0.45,0.5,0.48
2006,Norway,10,8,13,16,15,8,0.32,0.41,0.37
2010,Norway,15,6,6,13,11,5,0.56,0.45,0.5
2014,Norway,13,10,7,11,16,5,0.43,0.34,0.39
2018,Norway,16,5,7,8,14,5,0.57,0.3,0.44
2022,Norway,17,6,8,13,8,7,0.55,0.46,0.51
2002,Russia,14,1,11,12,11,6,0.54,0.41,0.47
2006,Russia,15,2,7,10,16,10,0.62,0.28,0.42
2010,Russia,17,4,6,16,12,8,0.63,0.44,0.52
2014,Russia,21,3,6,11,10,10,0.7,0.35,0.52
2018,Russia,15,9,9,11,9,3,0.45,0.48,0.46
2022,Russia,16,3,3,11,6,7,0.73,0.46,0.59
2002,Finland,11,6,2,14,17,9,0.58,0.35,0.42
2006,Finland,12,8,6,13,16,10,0.46,0.33,0.38
2010,Finland,10,6,5,10,17,9,0.48,0.28,0.35
2014,Finland,4,8,5,11,18,10,0.24,0.28,0.27
2018,Finland,13,6,4,11,21,5,0.57,0.3,0.4
2022,Finland,12,10,4,15,21,4,0.46,0.38,0.41
2002,Luxembourg,0,26,5,0,18,0,0.0,0.0,0.0
2006,Luxembourg,1,25,7,3,20,0,0.03,0.13,0.07
2010,Luxembourg,4,22,8,2,16,2,0.12,0.1,0.11
2014,Luxembourg,7,22,4,0,15,5,0.21,0.0,0.13
2018,Luxembourg,10,18,5,4,15,4,0.3,0.17,0.25
2022,Luxembourg,7,17,7,8,16,6,0.23,0.27,0.25
2002,Denmark,15,4,11,17,8,6,0.5,0.55,0.52
2006,Denmark,14,7,7,17,7,9,0.5,0.52,0.51
2010,Denmark,15,10,6,14,8,9,0.48,0.45,0.47
2014,Denmark,17,8,5,11,11,7,0.57,0.38,0.47
2018,Denmark,19,3,9,9,7,9,0.61,0.36,0.5
2022,Denmark,27,5,3,13,9,9,0.77,0.42,0.61
2002,Catalonia,5,3,0,0,0,0,0.62,,0.62
2006,Catalonia,3,3,2,0,0,1,0.38,0.0,0.33
2010,Catalonia,3,1,1,0,0,1,0.6,0.0,0.5
2014,Catalonia,1,1,3,0,0,1,0.2,0.0,0.17
2018,Catalonia,1,1,1,0,0,0,0.33,,0.33
2022,Catalonia,1,0,0,0,0,0,1.0,,1.0
2002,Philippines,0,0,1,4,21,0,0.0,0.16,0.15
2006,Philippines,4,1,1,3,9,2,0.67,0.21,0.35
2010,Philippines,10,1,4,8,21,10,0.67,0.21,0.33
2014,Philippines,18,8,7,12,24,8,0.55,0.27,0.39
2018,Philippines,8,7,6,9,11,6,0.38,0.35,0.36
2022,Philippines,4,5,4,9,21,2,0.31,0.28,0.29
2002,Basque Country,5,0,1,0,0,0,0.83,,0.83
2006,Basque Country,3,2,1,1,0,1,0.5,0.5,0.5
2010,Basque Country,2,1,1,2,0,0,0.5,1.0,0.67
2014,Basque Country,3,1,1,2,0,1,0.6,0.67,0.62
2018,Basque Country,3,0,0,1,0,2,1.0,0.33,0.67
2022,Basque Country,1,0,0,0,0,1,1.0,0.0,0.5
2002,China PR,24,4,7,14,14,6,0.69,0.41,0.55
2006,China PR,21,8,11,8,21,8,0.52,0.22,0.38
2010,China PR,26,9,11,12,17,9,0.57,0.32,0.45
2014,China PR,24,8,15,7,16,5,0.51,0.25,0.41
2018,China PR,14,8,9,10,16,5,0.45,0.32,0.39
2022,China PR,10,5,2,11,19,5,0.59,0.31,0.4
2002,Brazil,17,1,5,22,23,16,0.74,0.36,0.46
2006,Brazil,11,0,5,24,20,19,0.69,0.38,0.44
2010,Brazil,9,0,5,27,22,6,0.64,0.49,0.52
2014,Brazil,14,0,4,24,19,4,0.78,0.51,0.58
2018,Brazil,19,0,3,21,9,5,0.86,0.6,0.7
2022,Brazil,22,2,5,16,8,7,0.76,0.52,0.63
2002,Japan,10,6,10,16,12,3,0.38,0.52,0.46
2006,Japan,28,6,6,23,9,8,0.7,0.57,0.64
2010,Japan,29,5,8,21,6,7,0.69,0.62,0.66
2014,Japan,24,3,4,19,10,6,0.77,0.54,0.65
2018,Japan,11,3,1,18,15,6,0.73,0.46,0.54
2022,Japan,20,3,4,23,14,2,0.74,0.59,0.65
2002,Paraguay,15,3,6,16,16,16,0.62,0.33,0.43
2006,Paraguay,12,1,3,15,22,17,0.75,0.28,0.39
2010,Paraguay,15,3,5,16,27,12,0.65,0.29,0.4
2014,Paraguay,11,6,6,8,23,12,0.48,0.19,0.29
2018,Paraguay,4,4,6,8,19,11,0.29,0.21,0.23
2022,Paraguay,8,4,6,8,21,14,0.44,0.19,0.26
2002,Greece,20,7,9,13,11,10,0.56,0.38,0.47
2006,Greece,17,4,2,24,12,9,0.74,0.53,0.6
2010,Greece,15,4,8,25,6,9,0.56,0.62,0.6
2014,Greece,11,8,6,18,7,11,0.44,0.5,0.48
2018,Greece,10,8,6,10,13,8,0.42,0.32,0.36
2022,Greece,15,5,7,14,13,7,0.56,0.41,0.48
2002,Spain,27,3,4,15,5,11,0.79,0.48,0.65
2006,Spain,33,2,4,17,6,11,0.85,0.5,0.68
2010,Spain,26,0,1,30,13,5,0.96,0.62,0.75
2014,Spain,20,2,2,22,19,6,0.83,0.47,0.59
2018,Spain,21,2,2,16,9,12,0.84,0.43,0.6
2022,Spain,24,1,6,20,10,11,0.77,0.49,0.61
2002,Egypt,30,6,7,11,16,12,0.7,0.28,0.5
2006,Egypt,32,6,5,10,14,9,0.74,0.3,0.55
2010,Egypt,17,2,6,13,29,8,0.68,0.26,0.4
2014,Egypt,19,4,3,10,22,5,0.73,0.27,0.46
2018,Egypt,25,2,2,5,12,8,0.86,0.2,0.56
2022,Egypt,25,2,1,8,9,11,0.89,0.29,0.59
2002,Suriname,4,1,3,3,4,1,0.5,0.38,0.44
2006,Suriname,3,3,3,3,5,1,0.33,0.33,0.33
2010,Suriname,5,4,3,4,5,3,0.42,0.33,0.38
2014,Suriname,3,3,1,3,4,2,0.43,0.33,0.38
2018,Suriname,4,2,0,3,3,2,0.67,0.38,0.5
2022,Suriname,10,3,3,6,10,2,0.62,0.33,0.47
2002,Canada,8,5,3,13,18,6,0.5,0.35,0.4
2006,Canada,4,4,4,15,22,5,0.33,0.36,0.35
2010,Canada,6,2,7,14,20,7,0.4,0.34,0.36
2014,Canada,8,2,5,10,19,9,0.53,0.26,0.34
2018,Canada,10,1,1,11,15,5,0.83,0.35,0.49
2022,Canada,13,1,2,19,22,9,0.81,0.38,0.48
2002,Estonia,12,12,8,10,19,10,0.38,0.26,0.31
2006,Estonia,12,15,9,6,24,6,0.33,0.17,0.25
2010,Estonia,13,14,10,9,25,4,0.35,0.24,0.29
2014,Estonia,15,11,8,10,24,4,0.44,0.26,0.35
2018,Estonia,8,14,6,9,18,8,0.29,0.26,0.27
2022,Estonia,4,15,4,6,24,7,0.17,0.16,0.17
2002,Costa Rica,17,3,6,12,26,8,0.65,0.26,0.4
2006,Costa Rica,18,4,4,10,29,14,0.69,0.19,0.35
2010,Costa Rica,16,7,7,15,20,17,0.53,0.29,0.38
2014,Costa Rica,12,4,5,18,21,11,0.57,0.36,0.42
2018,Costa Rica,8,3,5,12,26,6,0.5,0.27,0.33
2022,Costa Rica,12,7,4,10,26,16,0.52,0.19,0.29
2002,Guatemala,9,7,5,16,16,12,0.43,0.36,0.38
2006,Guatemala,11,5,2,18,23,14,0.61,0.33,0.4
2010,Guatemala,10,3,3,13,24,7,0.62,0.3,0.38
2014,Guatemala,11,4,4,9,19,3,0.58,0.29,0.4
2018,Guatemala,10,1,1,7,11,5,0.83,0.3,0.49
2022,Guatemala,16,0,3,17,17,7,0.84,0.41,0.55
2006,Brittany,1,0,0,0,0,0,1.0,,1.0
2010,Brittany,1,1,0,0,0,0,0.5,,0.5
2014,Brittany,1,1,0,0,0,0,0.5,,0.5
2002,Poland,14,9,9,18,12,8,0.44,0.47,0.46
2006,Poland,20,10,5,24,14,11,0.57,0.49,0.52
2010,Poland,17,10,11,13,13,15,0.45,0.32,0.38
2014,Poland,20,8,13,12,8,10,0.49,0.4,0.45
2018,Poland,21,7,8,9,6,7,0.58,0.41,0.52
2022,Poland,20,6,8,14,11,6,0.59,0.45,0.52
2002,Yugoslavia,0,0,0,0,1,0,,0.0,0.0
2002,New Zealand,9,2,1,5,17,3,0.75,0.2,0.38
2006,New Zealand,4,0,0,6,13,3,1.0,0.27,0.38
2010,New Zealand,5,2,1,11,12,7,0.62,0.37,0.42
2014,New Zealand,4,2,1,10,11,9,0.57,0.33,0.38
2018,New Zealand,3,0,1,3,11,4,0.75,0.17,0.27
2022,New Zealand,4,1,1,6,16,3,0.67,0.24,0.32
2002,Romania,15,6,7,16,10,6,0.54,0.5,0.52
2006,Romania,21,3,3,14,9,5,0.78,0.5,0.64
2010,Romania,15,5,6,14,16,7,0.58,0.38,0.46
2014,Romania,12,3,11,15,11,7,0.46,0.45,0.46
2018,Romania,14,5,9,10,9,8,0.5,0.37,0.44
2022,Romania,15,8,8,12,12,9,0.48,0.36,0.42
2002,Latvia,5,13,8,11,13,3,0.19,0.41,0.3
2006,Latvia,8,9,7,9,20,3,0.33,0.28,0.3
2010,Latvia,6,8,4,10,20,2,0.33,0.31,0.32
2014,Latvia,5,10,3,4,16,9,0.28,0.14,0.19
2018,Latvia,3,15,4,5,13,12,0.14,0.17,0.15
2022,Latvia,6,15,2,6,15,9,0.26,0.2,0.23
2006,Galicia,2,0,2,0,0,0,0.5,,0.5
2010,Galicia,1,0,1,0,0,0,0.5,,0.5
2014,Galicia,0,1,1,0,0,0,0.0,,0.0
2018,Galicia,0,0,1,0,0,0,0.0,,0.0
2002,Portugal,27,5,9,13,6,8,0.66,0.48,0.59
2006,Portugal,26,5,9,14,9,10,0.65,0.42,0.55
2010,Portugal,19,2,10,17,12,9,0.61,0.45,0.52
2014,Portugal,20,6,6,19,12,6,0.62,0.51,0.57
2018,Portugal,22,5,7,19,6,5,0.65,0.63,0.64
2022,Portugal,27,4,3,17,8,7,0.79,0.53,0.67
2002,Andalusia,5,0,2,0,0,0,0.71,,0.71
2006,Andalusia,3,0,1,0,0,0,0.75,,0.75
2010,Andalusia,1,0,0,0,0,0,1.0,,1.0
2014,Andalusia,0,0,0,1,0,0,,1.0,1.0
2002,Australia,12,2,4,6,16,1,0.67,0.26,0.44
2006,Australia,16,5,2,12,11,6,0.7,0.41,0.54
2010,Australia,16,4,3,24,14,11,0.7,0.49,0.56
2014,Australia,19,2,5,18,19,10,0.73,0.38,0.51
2018,Australia,18,3,2,12,8,7,0.78,0.44,0.6
2022,Australia,9,3,2,15,14,6,0.64,0.43,0.49
2002,Lithuania,3,10,2,5,18,4,0.2,0.19,0.19
2006,Lithuania,11,7,2,11,17,6,0.55,0.32,0.41
2010,Lithuania,11,7,3,8,18,3,0.52,0.28,0.38
2014,Lithuania,7,7,3,2,19,8,0.41,0.07,0.2
2018,Lithuania,4,12,4,5,20,5,0.2,0.17,0.18
2022,Lithuania,4,13,8,6,22,2,0.16,0.2,0.18
2002,Turkey,10,6,7,18,7,13,0.43,0.47,0.46
2006,Turkey,10,3,9,22,15,12,0.45,0.45,0.45
2010,Turkey,15,6,5,13,20,9,0.58,0.31,0.41
2014,Turkey,16,8,8,18,10,6,0.5,0.53,0.52
2018,Turkey,18,5,9,13,8,10,0.56,0.42,0.49
2022,Turkey,18,3,10,18,15,7,0.58,0.45,0.51
2002,Mexico,21,2,4,24,27,5,0.78,0.43,0.54
2006,Mexico,23,1,4,23,36,4,0.82,0.37,0.51
2010,Mexico,19,4,3,24,45,6,0.73,0.32,0.43
2014,Mexico,10,3,4,25,33,10,0.59,0.37,0.41
2018,Mexico,12,1,2,25,28,8,0.8,0.41,0.49
2022,Mexico,12,0,4,30,32,3,0.75,0.46,0.52
2002,Aruba,1,3,0,0,4,1,0.25,0.0,0.11
2006,Aruba,0,2,0,0,3,0,0.0,0.0,0.0
2010,Aruba,1,2,0,0,2,0,0.33,0.0,0.2
2014,Aruba,3,1,1,1,2,0,0.6,0.33,0.5
2018,Aruba,1,1,0,5,6,1,0.5,0.42,0.43
2022,Aruba,2,3,0,10,11,2,0.4,0.43,0.43
2002,Republic of Ireland,24,5,7,8,4,9,0.67,0.38,0.56
2006,Republic of Ireland,17,6,10,8,5,11,0.52,0.33,0.44
2010,Republic of Ireland,11,10,10,13,5,13,0.35,0.42,0.39
2014,Republic of Ireland,17,7,10,13,10,12,0.5,0.37,0.43
2018,Republic of Ireland,13,6,13,6,11,10,0.41,0.22,0.32
2022,Republic of Ireland,12,10,10,7,14,6,0.38,0.26,0.32
2002,Haiti,5,2,3,12,18,7,0.5,0.32,0.36
2006,Haiti,3,3,7,10,21,9,0.23,0.25,0.25
2010,Haiti,3,1,9,12,18,7,0.23,0.32,0.3
2014,Haiti,3,2,2,13,12,4,0.43,0.45,0.44
2018,Haiti,3,2,3,10,14,3,0.38,0.37,0.37
2022,Haiti,3,1,2,15,21,4,0.5,0.38,0.39
2002,Bulgaria,15,4,4,14,16,11,0.65,0.34,0.45
2006,Bulgaria,14,3,6,12,10,12,0.61,0.35,0.46
2010,Bulgaria,10,6,6,9,13,9,0.45,0.29,0.36
2014,Bulgaria,7,6,5,9,13,4,0.39,0.35,0.36
2018,Bulgaria,9,9,4,4,15,5,0.41,0.17,0.28
2022,Bulgaria,7,12,7,3,15,15,0.27,0.09,0.17
2002,Jamaica,16,6,11,18,24,12,0.48,0.33,0.39
2006,Jamaica,17,4,8,10,17,9,0.59,0.28,0.42
2010,Jamaica,17,3,4,14,18,8,0.71,0.35,0.48
2014,Jamaica,7,8,5,13,26,4,0.35,0.3,0.32
2018,Jamaica,6,3,3,18,21,4,0.5,0.42,0.44
2022,Jamaica,7,6,9,19,22,10,0.32,0.37,0.36
2002,Kenya,15,5,9,14,23,16,0.52,0.26,0.35
2006,Kenya,14,3,5,8,18,14,0.64,0.2,0.35
2010,Kenya,14,8,2,9,32,10,0.58,0.18,0.31
2014,Kenya,16,5,7,8,22,10,0.57,0.2,0.35
2018,Kenya,14,4,10,3,12,9,0.5,0.12,0.33
2022,Kenya,5,3,5,6,8,3,0.38,0.35,0.37
2002,Bolivia,9,2,8,4,26,7,0.47,0.11,0.23
2006,Bolivia,10,4,5,4,21,5,0.53,0.13,0.29
2010,Bolivia,10,7,7,6,20,8,0.42,0.18,0.28
2014,Bolivia,7,8,7,5,24,8,0.32,0.14,0.2
2018,Bolivia,6,5,3,6,25,7,0.43,0.16,0.23
2022,Bolivia,9,7,4,9,29,2,0.45,0.22,0.3
2002,Peru,10,11,7,6,21,11,0.36,0.16,0.24
2006,Peru,10,7,12,6,24,8,0.34,0.16,0.24
2010,Peru,11,5,7,8,26,8,0.48,0.19,0.29
2014,Peru,14,5,6,14,25,11,0.56,0.28,0.37
2018,Peru,10,7,5,14,20,11,0.45,0.31,0.36
2022,Peru,11,6,8,14,23,7,0.44,0.32,0.36
2002,Honduras,14,5,8,20,17,8,0.52,0.44,0.47
2006,Honduras,12,3,8,16,22,9,0.52,0.34,0.4
2010,Honduras,20,5,1,19,25,13,0.77,0.33,0.47
2014,Honduras,13,5,3,17,17,11,0.62,0.38,0.45
2018,Honduras,13,3,4,8,17,9,0.65,0.24,0.39
2022,Honduras,11,8,2,9,25,13,0.52,0.19,0.29
2002,Uganda,14,8,8,12,26,14,0.47,0.23,0.32
2006,Uganda,12,4,8,9,24,14,0.5,0.19,0.3
2010,Uganda,21,0,6,13,18,13,0.78,0.3,0.48
2014,Uganda,21,2,8,12,27,9,0.68,0.25,0.42
2018,Uganda,10,1,7,13,19,13,0.56,0.29,0.37
2022,Uganda,6,1,4,14,16,9,0.55,0.36,0.4
2002,Belarus,8,7,2,7,14,7,0.47,0.25,0.33
2006,Belarus,9,8,6,9,14,6,0.39,0.31,0.35
2010,Belarus,8,8,7,12,13,7,0.35,0.38,0.36
2014,Belarus,8,6,7,12,15,6,0.38,0.36,0.37
2018,Belarus,7,7,6,11,20,5,0.35,0.31,0.32
2022,Belarus,4,6,2,12,23,6,0.33,0.29,0.3
2002,El Salvador,7,5,2,15,20,4,0.5,0.38,0.42
2006,El Salvador,7,6,4,12,20,7,0.41,0.31,0.34
2010,El Salvador,11,6,5,20,26,7,0.5,0.38,0.41
2014,El Salvador,7,4,2,15,16,5,0.54,0.42,0.45
2018,El Salvador,8,1,1,11,17,4,0.8,0.34,0.45
2022,El Salvador,11,4,6,20,24,8,0.52,0.38,0.42
2002,Barbados,7,5,7,7,7,1,0.37,0.47,0.41
2006,Barbados,7,4,6,4,6,1,0.41,0.36,0.39
2010,Barbados,4,4,2,0,10,1,0.4,0.0,0.19
2014,Barbados,1,5,1,2,6,0,0.14,0.25,0.2
2018,Barbados,5,5,4,6,10,1,0.36,0.35,0.35
2022,Barbados,5,7,0,9,15,3,0.42,0.33,0.36
2002,Trinidad and Tobago,20,9,4,16,24,12,0.61,0.31,0.42
2006,Trinidad and Tobago,29,8,7,11,28,10,0.66,0.22,0.43
2010,Trinidad and Tobago,18,6,5,8,17,8,0.62,0.24,0.42
2014,Trinidad and Tobago,6,4,2,9,18,2,0.5,0.31,0.37
2018,Trinidad and Tobago,6,7,4,5,24,2,0.35,0.16,0.23
2022,Trinidad and Tobago,11,2,6,7,21,8,0.58,0.19,0.33
2002,Cuba,7,3,9,10,11,9,0.37,0.33,0.35
2006,Cuba,6,2,5,9,15,4,0.46,0.32,0.37
2010,Cuba,4,6,3,4,15,2,0.31,0.19,0.24
2014,Cuba,1,5,4,3,23,1,0.1,0.11,0.11
2018,Cuba,3,1,1,8,16,4,0.6,0.29,0.33
2022,Cuba,7,0,2,14,20,4,0.78,0.37,0.45
2002,Curaçao,4,0,0,1,6,2,1.0,0.11,0.38
2006,Curaçao,4,1,0,3,5,2,0.8,0.3,0.47
2010,Curaçao,2,3,0,4,7,4,0.4,0.27,0.3
2014,Curaçao,3,3,1,1,5,4,0.43,0.1,0.24
2018,Curaçao,6,2,4,6,5,5,0.5,0.38,0.43
2022,Curaçao,5,4,4,8,13,4,0.38,0.32,0.34
2002,Dominica,3,1,0,5,9,1,0.75,0.33,0.42
2006,Dominica,0,2,1,4,8,2,0.0,0.29,0.24
2010,Dominica,1,3,1,1,5,1,0.2,0.14,0.17
2014,Dominica,2,4,1,0,5,0,0.29,0.0,0.17
2018,Dominica,3,3,1,1,6,1,0.43,0.12,0.27
2022,Dominica,4,4,0,4,12,3,0.5,0.21,0.3
2006,Silesia,0,0,1,0,0,0,0.0,,0.0
2002,Guadeloupe,2,0,0,5,5,0,1.0,0.5,0.58
2006,Guadeloupe,3,0,2,6,6,1,0.6,0.46,0.5
2010,Guadeloupe,2,2,2,8,9,2,0.33,0.42,0.4
2014,Guadeloupe,1,2,1,2,4,1,0.25,0.29,0.27
2018,Guadeloupe,2,2,3,4,3,0,0.29,0.57,0.43
2022,Guadeloupe,9,3,1,11,8,2,0.69,0.52,0.59
2002,Israel,14,2,6,11,17,3,0.64,0.35,0.47
2006,Israel,10,2,10,10,10,8,0.45,0.36,0.4
2010,Israel,14,7,5,9,11,6,0.54,0.35,0.44
2014,Israel,7,10,3,11,9,4,0.35,0.46,0.41
2018,Israel,8,10,4,5,14,3,0.36,0.23,0.3
2022,Israel,10,4,7,12,18,5,0.48,0.34,0.39
2002,French Guiana,0,1,1,1,2,1,0.0,0.25,0.17
2006,French Guiana,0,1,0,1,4,1,0.0,0.17,0.14
2010,French Guiana,2,4,1,4,3,0,0.29,0.57,0.43
2014,French Guiana,3,4,1,0,3,0,0.38,0.0,0.27
2018,French Guiana,5,2,1,3,6,2,0.62,0.27,0.42
2022,French Guiana,4,3,2,3,10,6,0.44,0.16,0.25
2002,Panama,12,2,9,5,16,7,0.52,0.18,0.33
2006,Panama,9,6,6,8,23,11,0.43,0.19,0.27
2010,Panama,18,5,3,11,21,7,0.69,0.28,0.45
2014,Panama,17,6,7,13,23,10,0.57,0.28,0.39
2018,Panama,6,5,6,11,27,11,0.35,0.22,0.26
2022,Panama,14,3,6,22,27,11,0.61,0.37,0.43
2002,Colombia,13,5,5,17,20,16,0.57,0.32,0.39
2006,Colombia,11,5,4,17,22,18,0.55,0.3,0.36
2010,Colombia,15,5,3,15,21,11,0.65,0.32,0.43
2014,Colombia,10,2,4,22,15,7,0.62,0.5,0.53
2018,Colombia,6,3,3,19,14,9,0.5,0.45,0.46
2022,Colombia,8,3,5,16,22,13,0.5,0.31,0.36
2002,Venezuela,16,9,6,6,29,3,0.52,0.16,0.32
2006,Venezuela,21,12,12,7,23,4,0.47,0.21,0.35
2010,Venezuela,20,13,11,13,22,14,0.45,0.27,0.35
2014,Venezuela,8,9,6,11,24,12,0.35,0.23,0.27
2018,Venezuela,4,6,5,13,16,9,0.27,0.34,0.32
2022,Venezuela,7,5,5,15,18,7,0.41,0.38,0.39
2002,Ecuador,16,3,4,13,27,13,0.7,0.25,0.38
2006,Ecuador,21,1,4,10,32,9,0.81,0.2,0.4
2010,Ecuador,17,2,4,9,25,10,0.74,0.2,0.39
2014,Ecuador,17,2,2,9,17,14,0.81,0.22,0.43
2018,Ecuador,12,4,1,12,17,6,0.71,0.34,0.46
2022,Ecuador,12,1,5,12,22,14,0.67,0.25,0.36
2002,Saint Kitts and Nevis,9,6,1,3,8,0,0.56,0.27,0.44
2006,Saint Kitts and Nevis,6,4,1,4,7,0,0.55,0.36,0.45
2010,Saint Kitts and Nevis,3,2,7,4,6,1,0.25,0.36,0.3
2014,Saint Kitts and Nevis,2,0,6,5,3,1,0.25,0.56,0.41
2018,Saint Kitts and Nevis,5,3,4,5,8,2,0.42,0.33,0.37
2022,Saint Kitts and Nevis,6,4,5,7,15,2,0.4,0.29,0.33
2002,Slovakia,11,5,9,10,14,10,0.44,0.29,0.36
2006,Slovakia,13,7,9,10,11,8,0.45,0.34,0.4
2010,Slovakia,11,12,4,11,13,6,0.41,0.37,0.39
2014,Slovakia,14,7,5,13,12,9,0.54,0.38,0.45
2018,Slovakia,16,6,7,10,15,4,0.55,0.34,0.45
2022,Slovakia,12,8,8,17,12,7,0.43,0.47,0.45
2002,Croatia,13,3,15,13,8,8,0.42,0.45,0.43
2006,Croatia,19,3,8,22,7,8,0.63,0.59,0.61
2010,Croatia,21,4,4,20,5,10,0.72,0.57,0.64
2014,Croatia,20,4,3,17,8,12,0.74,0.46,0.58
2018,Croatia,19,3,4,13,12,10,0.73,0.37,0.52
2022,Croatia,16,5,5,16,12,5,0.62,0.48,0.54
2002,Nicaragua,2,2,2,1,10,1,0.33,0.08,0.17
2006,Nicaragua,2,1,2,0,6,1,0.4,0.0,0.17
2010,Nicaragua,3,2,0,2,8,2,0.6,0.17,0.29
2014,Nicaragua,8,4,0,4,5,2,0.67,0.36,0.52
2018,Nicaragua,7,8,4,7,13,3,0.37,0.3,0.33
2022,Nicaragua,13,6,5,10,15,7,0.54,0.31,0.41
2002,Afghanistan,0,1,0,3,3,0,0.0,0.5,0.43
2006,Afghanistan,0,1,0,9,8,4,0.0,0.43,0.41
2010,Afghanistan,0,0,0,11,9,5,,0.44,0.44
2014,Afghanistan,1,0,0,13,25,7,1.0,0.29,0.3
2018,Afghanistan,0,0,0,7,23,4,,0.21,0.21
2022,Afghanistan,0,0,0,7,14,6,,0.26,0.26
2002,India,8,2,3,12,13,4,0.62,0.41,0.48
2006,India,8,5,5,9,19,5,0.44,0.27,0.33
2010,India,12,4,7,8,18,2,0.52,0.29,0.39
2014,India,14,6,6,9,19,4,0.54,0.28,0.4
2018,India,12,4,4,7,12,4,0.6,0.3,0.44
2022,India,5,3,6,9,11,6,0.36,0.35,0.35
2002,Martinique,6,2,1,6,5,5,0.67,0.38,0.48
2006,Martinique,4,2,2,1,4,4,0.5,0.11,0.29
2010,Martinique,2,2,2,3,1,3,0.33,0.43,0.38
2014,Martinique,1,2,1,6,2,2,0.25,0.6,0.5
2018,Martinique,5,1,3,4,6,3,0.56,0.31,0.41
2022,Martinique,2,1,4,7,11,4,0.29,0.32,0.31
2002,Zimbabwe,23,6,7,20,14,7,0.64,0.49,0.56
2006,Zimbabwe,15,2,11,17,19,11,0.54,0.36,0.43
2010,Zimbabwe,13,2,9,4,21,8,0.54,0.12,0.3
2014,Zimbabwe,12,2,3,6,23,7,0.71,0.17,0.34
2018,Zimbabwe,8,1,5,11,12,14,0.57,0.3,0.37
2022,Zimbabwe,2,2,4,5,14,10,0.25,0.17,0.19
2002,Iceland,10,6,3,8,16,6,0.53,0.27,0.37
2006,Iceland,7,9,6,7,16,5,0.32,0.25,0.28
2010,Iceland,10,9,7,5,18,5,0.38,0.18,0.28
2014,Iceland,13,3,3,13,22,8,0.68,0.3,0.42
2018,Iceland,12,7,3,19,22,8,0.55,0.39,0.44
2022,Iceland,9,9,6,13,24,7,0.38,0.3,0.32
2002,Albania,11,6,4,2,19,3,0.52,0.08,0.29
2006,Albania,13,8,5,4,16,7,0.5,0.15,0.32
2010,Albania,13,9,9,3,13,8,0.42,0.12,0.29
2014,Albania,10,10,6,11,15,6,0.38,0.34,0.36
2018,Albania,11,11,4,13,11,5,0.42,0.45,0.44
2022,Albania,13,9,6,12,14,8,0.46,0.35,0.4
2002,Madagascar,9,6,4,4,16,4,0.47,0.17,0.3
2006,Madagascar,4,3,5,7,15,2,0.33,0.29,0.31
2010,Madagascar,5,5,6,5,12,2,0.31,0.26,0.29
2014,Madagascar,3,3,5,3,13,1,0.27,0.18,0.21
2018,Madagascar,4,2,6,12,17,6,0.33,0.34,0.34
2022,Madagascar,2,2,5,6,19,3,0.22,0.21,0.22
2002,Zambia,15,5,13,19,18,15,0.45,0.37,0.4
2006,Zambia,16,3,7,21,19,18,0.62,0.36,0.44
2010,Zambia,10,2,2,23,31,13,0.71,0.34,0.41
2014,Zambia,15,1,10,19,25,13,0.58,0.33,0.41
2018,Zambia,8,4,7,17,18,11,0.42,0.37,0.38
2022,Zambia,9,3,3,19,20,7,0.6,0.41,0.46
2002,Mauritius,5,5,4,5,13,3,0.36,0.24,0.29
2006,Mauritius,3,8,4,5,13,2,0.2,0.25,0.23
2010,Mauritius,0,9,2,3,10,2,0.0,0.2,0.12
2014,Mauritius,2,5,2,3,12,1,0.22,0.19,0.2
2018,Mauritius,2,4,3,7,18,5,0.22,0.23,0.23
2022,Mauritius,2,3,3,5,12,1,0.25,0.28,0.27
2002,Tanzania,5,8,8,5,17,1,0.24,0.22,0.23
2006,Tanzania,11,4,12,11,15,2,0.41,0.39,0.4
2010,Tanzania,17,14,14,10,21,5,0.38,0.28,0.33
2014,Tanzania,13,9,9,9,21,10,0.42,0.22,0.31
2018,Tanzania,7,2,7,7,20,9,0.44,0.19,0.27
2022,Tanzania,7,8,4,6,12,9,0.37,0.22,0.28
2002,Iran,24,4,5,20,18,16,0.73,0.37,0.51
2006,Iran,32,3,5,15,13,12,0.8,0.38,0.59
2010,Iran,25,2,9,22,20,14,0.69,0.39,0.51
2014,Iran,21,2,3,17,13,11,0.81,0.41,0.57
2018,Iran,16,1,2,19,13,8,0.84,0.48,0.59
2022,Iran,16,0,3,24,12,3,0.84,0.62,0.69
2002,Djibouti,0,1,1,1,9,0,0.0,0.1,0.08
2006,Djibouti,1,4,0,7,7,0,0.2,0.5,0.42
2010,Djibouti,1,5,0,4,12,0,0.17,0.25,0.23
2014,Djibouti,0,5,0,1,10,0,0.0,0.09,0.06
2018,Djibouti,2,4,1,1,9,2,0.29,0.08,0.16
2022,Djibouti,2,0,1,6,6,4,0.67,0.38,0.42
2002,DR Congo,14,4,2,11,13,13,0.7,0.3,0.44
2006,DR Congo,12,2,4,7,17,18,0.67,0.17,0.32
2010,DR Congo,9,4,1,10,13,9,0.64,0.31,0.41
2014,DR Congo,12,5,2,15,14,12,0.63,0.37,0.45
2018,DR Congo,8,3,3,14,17,16,0.57,0.3,0.36
2022,DR Congo,9,2,4,9,16,13,0.6,0.24,0.34
2002,Vietnam,8,4,2,14,17,4,0.57,0.4,0.45
2006,Vietnam,8,7,5,4,13,3,0.4,0.2,0.3
2010,Vietnam,10,7,8,7,14,4,0.4,0.28,0.34
2014,Vietnam,13,5,5,10,11,1,0.57,0.45,0.51
2018,Vietnam,11,1,8,11,6,7,0.55,0.46,0.5
2022,Vietnam,17,8,3,12,18,9,0.61,0.31,0.43
2002,Macau,1,4,0,5,8,0,0.2,0.38,0.33
2006,Macau,0,6,2,4,10,1,0.0,0.27,0.17
2010,Macau,2,5,1,4,13,1,0.25,0.22,0.23
2014,Macau,1,1,2,5,12,3,0.25,0.25,0.25
2018,Macau,2,5,1,2,10,3,0.25,0.13,0.17
2022,Macau,1,3,1,2,4,0,0.2,0.33,0.27
2002,Ethiopia,10,3,3,4,14,3,0.62,0.19,0.38
2006,Ethiopia,14,4,2,4,9,1,0.7,0.29,0.53
2010,Ethiopia,7,5,3,5,14,4,0.47,0.22,0.32
2014,Ethiopia,13,8,9,8,19,8,0.43,0.23,0.32
2018,Ethiopia,6,5,10,3,9,3,0.29,0.2,0.25
2022,Ethiopia,8,3,6,6,13,6,0.47,0.24,0.33
2002,Puerto Rico,0,1,1,0,3,0,0.0,0.0,0.0
2006,Puerto Rico,1,1,2,2,1,0,0.25,0.67,0.43
2010,Puerto Rico,4,2,4,2,3,2,0.4,0.29,0.35
2014,Puerto Rico,4,3,2,0,5,2,0.44,0.0,0.25
2018,Puerto Rico,2,4,0,1,7,1,0.33,0.11,0.2
2022,Puerto Rico,8,5,1,7,10,3,0.57,0.35,0.44
2002,Réunion,0,0,0,0,0,2,,0.0,0.0
2006,Réunion,1,2,0,0,1,3,0.33,0.0,0.14
2010,Réunion,0,1,0,2,1,1,0.0,0.5,0.4
2014,Réunion,0,0,0,2,0,0,,1.0,1.0
2002,Sierra Leone,6,2,4,1,10,1,0.5,0.08,0.29
2006,Sierra Leone,7,3,3,0,10,2,0.54,0.0,0.28
2010,Sierra Leone,7,3,2,0,12,6,0.58,0.0,0.23
2014,Sierra Leone,9,0,2,0,17,6,0.82,0.0,0.26
2018,Sierra Leone,3,0,2,0,9,3,0.6,0.0,0.18
2022,Sierra Leone,1,0,2,9,16,7,0.33,0.28,0.29
2002,Zanzibar,0,1,0,2,9,4,0.0,0.13,0.12
2006,Zanzibar,1,1,0,4,9,4,0.5,0.24,0.26
2010,Zanzibar,1,0,0,6,8,8,1.0,0.27,0.3
2014,Zanzibar,0,0,0,3,8,2,,0.23,0.23
2018,Zanzibar,0,0,0,3,4,2,,0.33,0.33
2002,South Korea,20,9,11,16,11,8,0.5,0.46,0.48
2006,South Korea,24,12,11,16,12,13,0.51,0.39,0.45
2010,South Korea,22,5,6,18,12,14,0.67,0.41,0.52
2014,South Korea,25,8,5,16,20,8,0.66,0.36,0.5
2018,South Korea,21,1,6,18,20,8,0.75,0.39,0.53
2022,South Korea,23,3,8,15,15,7,0.68,0.41,0.54
2002,Ghana,16,5,6,6,15,11,0.59,0.19,0.37
2006,Ghana,17,2,5,12,16,9,0.71,0.32,0.48
2010,Ghana,17,1,3,15,26,8,0.81,0.31,0.46
2014,Ghana,14,0,4,18,27,10,0.78,0.33,0.44
2018,Ghana,9,0,5,15,15,7,0.64,0.41,0.47
2022,Ghana,14,1,4,7,14,11,0.74,0.22,0.41
2002,South Africa,25,4,5,14,22,15,0.74,0.27,0.46
2006,South Africa,22,9,8,14,22,9,0.56,0.31,0.43
2010,South Africa,31,9,11,6,16,10,0.61,0.19,0.45
2014,South Africa,18,5,17,13,10,14,0.45,0.35,0.4
2018,South Africa,16,5,16,10,10,8,0.43,0.36,0.4
2022,South Africa,24,2,16,7,11,7,0.57,0.28,0.46
2002,New Caledonia,2,0,0,8,11,1,1.0,0.4,0.45
2006,New Caledonia,3,2,0,7,7,3,0.6,0.41,0.45
2010,New Caledonia,10,6,0,8,7,3,0.62,0.44,0.53
2014,New Caledonia,8,5,1,7,8,3,0.57,0.39,0.47
2018,New Caledonia,1,1,2,7,11,5,0.25,0.3,0.3
2022,New Caledonia,0,0,0,8,9,2,,0.42,0.42
2002,Fiji,11,1,2,7,8,1,0.79,0.44,0.6
2006,Fiji,10,1,2,5,10,2,0.77,0.29,0.5
2010,Fiji,4,2,1,4,10,3,0.57,0.24,0.33
2014,Fiji,4,1,1,5,6,3,0.67,0.36,0.45
2018,Fiji,5,2,4,4,12,6,0.45,0.18,0.27
2022,Fiji,6,2,0,7,8,3,0.75,0.39,0.5
2002,Nigeria,19,1,6,16,14,12,0.73,0.38,0.51
2006,Nigeria,12,1,2,18,18,6,0.8,0.43,0.53
2010,Nigeria,17,0,4,13,17,13,0.81,0.3,0.47
2014,Nigeria,17,2,6,15,10,17,0.68,0.36,0.48
2018,Nigeria,10,2,5,13,15,9,0.59,0.35,0.43
2022,Nigeria,9,2,6,17,20,7,0.53,0.39,0.43
2002,Myanmar,0,0,2,12,20,4,0.0,0.33,0.32
2006,Myanmar,3,0,1,12,20,4,0.75,0.33,0.38
2010,Myanmar,7,3,4,9,21,4,0.5,0.26,0.33
2014,Myanmar,9,9,7,8,21,5,0.36,0.24,0.29
2018,Myanmar,8,9,6,7,18,3,0.35,0.25,0.29
2022,Myanmar,6,7,5,5,23,3,0.33,0.16,0.22
2002,Sri Lanka,7,2,7,8,20,7,0.44,0.23,0.29
2006,Sri Lanka,5,3,3,5,19,4,0.45,0.18,0.26
2010,Sri Lanka,4,5,5,4,14,2,0.29,0.2,0.24
2014,Sri Lanka,0,2,2,6,20,2,0.0,0.21,0.19
2018,Sri Lanka,1,5,0,3,15,2,0.17,0.15,0.15
2022,Sri Lanka,1,3,2,4,16,4,0.17,0.17,0.17
2002,Tahiti,0,1,0,8,14,1,0.0,0.35,0.33
2006,Tahiti,0,0,0,6,9,2,,0.35,0.35
2010,Tahiti,1,1,0,8,9,1,0.5,0.44,0.45
2014,Tahiti,1,1,0,5,14,1,0.5,0.25,0.27
2018,Tahiti,1,1,1,5,5,2,0.33,0.42,0.4
2022,Tahiti,3,1,0,6,12,3,0.75,0.29,0.36
2002,Gambia,5,3,6,1,7,1,0.36,0.11,0.26
2006,Gambia,7,2,2,1,8,4,0.64,0.08,0.33
2010,Gambia,6,2,3,2,11,6,0.55,0.11,0.27
2014,Gambia,3,5,6,1,11,3,0.21,0.07,0.14
2018,Gambia,3,4,8,5,6,5,0.2,0.31,0.26
2022,Gambia,2,1,2,13,18,5,0.4,0.36,0.37
2002,Hong Kong,9,6,4,5,12,2,0.47,0.26,0.37
2006,Hong Kong,10,4,5,9,14,3,0.53,0.35,0.42
2010,Hong Kong,7,8,3,5,13,1,0.39,0.26,0.32
2014,Hong Kong,16,11,2,3,10,8,0.55,0.14,0.38
2018,Hong Kong,12,7,4,6,9,7,0.52,0.27,0.4
2022,Hong Kong,10,5,4,6,20,3,0.53,0.21,0.33
2002,Singapore,16,15,6,7,20,6,0.43,0.21,0.33
2006,Singapore,17,13,9,10,18,10,0.44,0.26,0.35
2010,Singapore,16,12,7,6,22,11,0.46,0.15,0.3
2014,Singapore,20,10,4,8,25,7,0.59,0.2,0.38
2018,Singapore,12,8,6,7,17,5,0.46,0.24,0.35
2022,Singapore,13,10,6,7,14,5,0.45,0.27,0.36
2002,Malaysia,15,9,6,12,25,4,0.5,0.29,0.38
2006,Malaysia,7,11,8,3,17,4,0.27,0.12,0.2
2010,Malaysia,14,9,10,2,20,10,0.42,0.06,0.25
2014,Malaysia,14,9,11,9,22,8,0.41,0.23,0.32
2018,Malaysia,17,8,8,9,15,5,0.52,0.31,0.42
2022,Malaysia,24,4,1,8,16,7,0.83,0.26,0.53
2002,Indonesia,12,3,5,12,19,7,0.6,0.32,0.41
2006,Indonesia,11,9,2,8,16,5,0.5,0.28,0.37
2010,Indonesia,21,12,4,1,14,6,0.57,0.05,0.38
2014,Indonesia,13,9,4,2,16,8,0.5,0.08,0.29
2018,Indonesia,11,8,5,3,8,3,0.46,0.21,0.37
2022,Indonesia,12,7,8,21,15,6,0.44,0.5,0.48
2002,Guinea-Bissau,0,1,1,0,2,0,0.0,0.0,0.0
2006,Guinea-Bissau,0,1,1,0,2,0,0.0,0.0,0.0
2010,Guinea-Bissau,1,3,2,1,8,0,0.17,0.11,0.13
2014,Guinea-Bissau,3,5,2,2,7,3,0.3,0.17,0.23
2018,Guinea-Bissau,6,4,1,4,9,7,0.55,0.2,0.32
2022,Guinea-Bissau,6,2,4,9,16,6,0.5,0.29,0.35
2002,Vanuatu,0,2,0,16,14,4,0.0,0.47,0.44
2006,Vanuatu,1,3,1,15,8,4,0.2,0.56,0.5
2010,Vanuatu,2,1,3,11,11,1,0.33,0.48,0.45
2014,Vanuatu,2,0,3,7,6,1,0.4,0.5,0.47
2018,Vanuatu,6,2,4,5,3,0,0.5,0.62,0.55
2022,Vanuatu,4,2,1,6,7,0,0.57,0.46,0.5
2002,Kernow,1,1,0,2,0,0,0.5,1.0,0.75
2006,Kernow,2,0,1,1,0,0,0.67,1.0,0.75
2010,Kernow,0,0,1,0,0,0,0.0,,0.0
2018,Kernow,1,0,0,0,0,0,1.0,,1.0
2022,Kernow,1,0,0,0,0,0,1.0,,1.0
2002,Taiwan,1,3,0,7,14,0,0.25,0.33,0.32
2006,Taiwan,2,4,1,5,12,3,0.29,0.25,0.26
2010,Taiwan,2,1,1,1,10,4,0.5,0.07,0.16
2014,Taiwan,2,4,0,3,16,1,0.33,0.15,0.19
2018,Taiwan,10,10,1,4,10,2,0.48,0.25,0.38
2022,Taiwan,3,7,3,5,13,1,0.23,0.26,0.25
2002,Cambodia,0,4,1,4,19,2,0.0,0.16,0.13
2006,Cambodia,3,4,1,3,13,1,0.38,0.18,0.24
2010,Cambodia,5,3,2,6,14,2,0.5,0.27,0.34
2014,Cambodia,12,6,2,6,26,1,0.6,0.18,0.34
2018,Cambodia,13,16,4,3,19,1,0.39,0.13,0.29
2022,Cambodia,8,5,6,5,17,2,0.42,0.21,0.3
2002,Lebanon,9,8,14,8,10,7,0.29,0.32,0.3
2006,Lebanon,5,6,6,6,18,5,0.29,0.21,0.24
2010,Lebanon,8,11,4,5,19,4,0.35,0.18,0.25
2014,Lebanon,11,11,12,8,18,11,0.32,0.22,0.27
2018,Lebanon,6,3,8,10,13,6,0.35,0.34,0.35
2022,Lebanon,1,4,3,6,26,7,0.12,0.15,0.15
2002,Pakistan,0,1,0,9,15,2,0.0,0.35,0.33
2006,Pakistan,3,8,2,11,11,2,0.23,0.46,0.38
2010,Pakistan,0,1,1,5,11,5,0.0,0.24,0.22
2014,Pakistan,1,1,1,4,13,4,0.33,0.19,0.21
2018,Pakistan,1,0,0,2,7,0,1.0,0.22,0.3
2022,Pakistan,1,3,0,2,8,1,0.25,0.18,0.2
2002,North Korea,3,2,1,3,10,9,0.5,0.14,0.21
2006,North Korea,6,4,1,12,17,12,0.55,0.29,0.35
2010,North Korea,7,1,1,16,32,19,0.78,0.24,0.3
2014,North Korea,5,1,1,15,26,8,0.71,0.31,0.36
2018,North Korea,5,0,3,12,19,9,0.62,0.3,0.35
2022,North Korea,1,0,1,5,11,3,0.5,0.26,0.29
2002,Togo,16,2,3,5,20,13,0.76,0.13,0.36
2006,Togo,14,1,3,10,18,5,0.78,0.3,0.47
2010,Togo,8,2,5,6,22,6,0.53,0.18,0.29
2014,Togo,12,4,2,5,18,5,0.67,0.18,0.37
2018,Togo,7,4,3,4,14,9,0.5,0.15,0.27
2022,Togo,2,6,7,5,12,7,0.13,0.21,0.18
2002,Sudan,15,9,5,7,19,9,0.52,0.2,0.34
2006,Sudan,18,9,5,16,18,11,0.56,0.36,0.44
2010,Sudan,11,7,2,19,24,8,0.55,0.37,0.42
2014,Sudan,4,8,1,16,24,9,0.31,0.33,0.32
2018,Sudan,3,5,2,4,10,7,0.3,0.19,0.23
2022,Sudan,5,3,1,6,18,9,0.56,0.18,0.26
2002,Malta,4,21,4,0,18,4,0.14,0.0,0.08
2006,Malta,2,16,7,0,20,4,0.08,0.0,0.04
2010,Malta,4,17,6,4,21,1,0.15,0.15,0.15
2014,Malta,4,15,5,4,20,2,0.17,0.15,0.16
2018,Malta,5,14,7,2,22,4,0.19,0.07,0.13
2022,Malta,12,15,6,5,18,3,0.36,0.19,0.29
2002,Syria,13,5,7,9,24,14,0.52,0.19,0.31
2006,Syria,11,7,5,16,20,16,0.48,0.31,0.36
2010,Syria,7,3,4,23,19,13,0.5,0.42,0.43
2014,Syria,0,0,0,18,20,8,,0.39,0.39
2018,Syria,0,0,0,15,26,12,,0.28,0.28
2022,Syria,0,0,0,16,28,7,,0.31,0.31
2002,Tunisia,27,7,13,6,10,11,0.57,0.22,0.45
2006,Tunisia,28,7,9,11,6,9,0.64,0.42,0.56
2010,Tunisia,15,6,9,17,10,13,0.5,0.42,0.46
2014,Tunisia,17,1,6,13,13,16,0.71,0.31,0.45
2018,Tunisia,17,2,5,15,11,11,0.71,0.41,0.52
2022,Tunisia,20,2,3,16,10,10,0.8,0.44,0.59
2002,Malawi,10,15,14,4,16,6,0.26,0.15,0.22
2006,Malawi,7,9,8,13,18,6,0.29,0.35,0.33
2010,Malawi,11,6,4,10,25,12,0.52,0.21,0.31
2014,Malawi,10,6,6,9,25,15,0.45,0.18,0.27
2018,Malawi,6,2,5,7,18,13,0.46,0.18,0.25
2022,Malawi,5,4,4,8,24,9,0.38,0.2,0.24
2002,Morocco,20,5,5,13,16,11,0.67,0.32,0.47
2006,Morocco,23,3,3,12,10,12,0.79,0.35,0.56
2010,Morocco,14,6,7,10,9,8,0.52,0.37,0.44
2014,Morocco,19,7,7,6,8,9,0.58,0.26,0.45
2018,Morocco,18,7,6,12,8,7,0.58,0.44,0.52
2022,Morocco,24,4,6,6,13,6,0.71,0.24,0.51
2002,Benin,8,4,4,3,15,3,0.5,0.14,0.3
2006,Benin,12,4,3,6,27,4,0.63,0.16,0.32
2010,Benin,8,3,5,5,19,6,0.5,0.17,0.28
2014,Benin,7,3,2,2,10,6,0.58,0.11,0.3
2018,Benin,8,0,4,4,12,9,0.67,0.16,0.32
2022,Benin,4,3,5,6,20,8,0.33,0.18,0.22
2002,Thailand,22,7,6,9,25,8,0.63,0.21,0.4
2006,Thailand,20,11,9,7,12,4,0.5,0.3,0.43
2010,Thailand,29,8,13,5,12,7,0.58,0.21,0.46
2014,Thailand,25,8,8,7,17,4,0.61,0.25,0.46
2018,Thailand,13,8,8,10,11,5,0.45,0.38,0.42
2022,Thailand,14,4,4,18,14,10,0.64,0.43,0.5
2002,Ivory Coast,15,2,5,13,11,6,0.68,0.43,0.54
2006,Ivory Coast,10,1,0,22,17,10,0.91,0.45,0.53
2010,Ivory Coast,12,0,1,26,14,14,0.92,0.48,0.57
2014,Ivory Coast,12,1,6,19,15,15,0.63,0.39,0.46
2018,Ivory Coast,12,3,4,13,12,11,0.63,0.36,0.45
2022,Ivory Coast,21,2,3,11,18,6,0.81,0.31,0.52
2002,Burkina Faso,18,4,5,12,22,17,0.67,0.24,0.38
2006,Burkina Faso,11,3,2,11,18,10,0.69,0.28,0.4
2010,Burkina Faso,8,4,3,10,16,6,0.53,0.31,0.38
2014,Burkina Faso,11,1,5,15,25,9,0.65,0.31,0.39
2018,Burkina Faso,9,0,4,10,20,11,0.69,0.24,0.35
2022,Burkina Faso,3,0,1,14,23,11,0.75,0.29,0.33
2002,Congo,9,6,7,6,19,6,0.41,0.19,0.28
2006,Congo,9,3,4,1,12,6,0.56,0.05,0.29
2010,Congo,7,2,3,3,12,7,0.58,0.14,0.29
2014,Congo,9,7,3,9,12,6,0.47,0.33,0.39
2018,Congo,6,4,6,5,11,5,0.38,0.24,0.3
2022,Congo,4,4,3,5,10,7,0.36,0.23,0.27
2002,Cameroon,10,0,0,10,15,15,1.0,0.25,0.4
2006,Cameroon,10,0,1,12,17,7,0.91,0.33,0.47
2010,Cameroon,11,0,3,17,19,13,0.79,0.35,0.44
2014,Cameroon,14,0,6,15,10,17,0.7,0.36,0.47
2018,Cameroon,10,0,8,15,9,15,0.56,0.38,0.44
2022,Cameroon,15,1,8,10,10,7,0.62,0.37,0.49
2002,Mali,15,4,9,13,13,5,0.54,0.42,0.47
2006,Mali,9,1,5,17,19,6,0.6,0.4,0.46
2010,Mali,10,1,1,12,23,11,0.83,0.26,0.38
2014,Mali,9,1,3,14,21,9,0.69,0.32,0.4
2018,Mali,7,0,5,10,12,11,0.58,0.3,0.38
2022,Mali,11,2,3,11,17,12,0.69,0.28,0.39
2002,Mongolia,0,1,0,3,11,2,0.0,0.19,0.18
2006,Mongolia,0,2,0,1,10,2,0.0,0.08,0.07
2010,Mongolia,3,1,0,2,7,1,0.75,0.2,0.36
2014,Mongolia,3,0,0,5,8,2,1.0,0.33,0.44
2018,Mongolia,5,3,1,6,11,3,0.56,0.3,0.38
2022,Mongolia,5,5,0,1,12,2,0.5,0.07,0.24
2002,Cyprus,5,8,7,3,13,3,0.25,0.16,0.21
2006,Cyprus,9,8,6,3,15,2,0.39,0.15,0.28
2010,Cyprus,9,12,5,1,14,5,0.35,0.05,0.22
2014,Cyprus,4,13,5,3,16,0,0.18,0.16,0.17
2018,Cyprus,6,12,4,5,19,2,0.27,0.19,0.23
2022,Cyprus,7,17,5,5,22,4,0.24,0.16,0.2
2002,Iraq,6,1,1,20,33,14,0.75,0.3,0.35
2006,Iraq,0,0,0,22,37,17,,0.29,0.29
2010,Iraq,3,4,0,24,31,12,0.43,0.36,0.36
2014,Iraq,2,4,0,22,37,13,0.33,0.31,0.31
2018,Iraq,7,2,5,13,23,9,0.5,0.29,0.34
2022,Iraq,14,1,3,14,14,9,0.78,0.38,0.51
2002,Saint Lucia,7,5,2,10,13,1,0.5,0.42,0.45
2006,Saint Lucia,3,2,0,3,11,1,0.6,0.2,0.3
2010,Saint Lucia,2,4,1,2,9,1,0.29,0.17,0.21
2014,Saint Lucia,1,5,1,2,7,1,0.14,0.2,0.18
2018,Saint Lucia,1,2,0,3,4,2,0.33,0.33,0.33
2022,Saint Lucia,7,5,1,6,9,2,0.54,0.35,0.43
2002,Grenada,6,10,1,3,5,3,0.35,0.27,0.32
2006,Grenada,4,2,2,2,6,3,0.5,0.18,0.32
2010,Grenada,2,4,5,3,11,1,0.18,0.2,0.19
2014,Grenada,1,5,2,2,9,1,0.12,0.17,0.15
2018,Grenada,7,5,0,2,8,3,0.58,0.15,0.36
2022,Grenada,6,8,4,6,11,5,0.33,0.27,0.3
2002,Senegal,22,1,7,13,15,12,0.73,0.32,0.5
2006,Senegal,16,0,3,15,17,11,0.84,0.35,0.5
2010,Senegal,12,2,1,10,14,13,0.8,0.27,0.42
2014,Senegal,12,2,1,15,12,11,0.8,0.39,0.51
2018,Senegal,13,0,2,21,11,9,0.87,0.51,0.61
2022,Senegal,16,1,3,17,18,11,0.8,0.37,0.5
2002,Central African Republic,0,2,3,0,10,0,0.0,0.0,0.0
2006,Central African Republic,0,1,1,0,2,0,0.0,0.0,0.0
2010,Central African Republic,4,0,2,1,7,1,0.67,0.11,0.33
2014,Central African Republic,6,0,2,3,14,3,0.75,0.15,0.32
2018,Central African Republic,5,0,2,3,10,5,0.71,0.17,0.32
2022,Central African Republic,1,1,1,6,18,2,0.33,0.23,0.24
2002,Chad,3,1,1,2,10,1,0.6,0.15,0.28
2006,Chad,3,3,2,3,8,2,0.38,0.23,0.29
2010,Chad,2,5,3,5,10,3,0.2,0.28,0.25
2014,Chad,4,2,1,2,7,1,0.57,0.2,0.35
2018,Chad,3,2,1,0,7,1,0.5,0.0,0.21
2022,Chad,1,3,1,6,9,4,0.2,0.32,0.29
2002,Libya,17,5,5,5,18,1,0.63,0.21,0.43
2006,Libya,17,3,10,7,24,5,0.57,0.19,0.36
2010,Libya,11,1,4,3,16,9,0.69,0.11,0.32
2014,Libya,5,0,2,9,24,6,0.71,0.23,0.3
2018,Libya,0,0,0,12,17,7,,0.33,0.33
2022,Libya,4,3,5,13,16,2,0.33,0.42,0.4
2002,Gabon,15,4,10,5,16,7,0.52,0.18,0.35
2006,Gabon,9,0,8,8,12,3,0.53,0.35,0.42
2010,Gabon,9,3,6,9,15,3,0.5,0.33,0.4
2014,Gabon,11,3,8,7,19,9,0.5,0.2,0.32
2018,Gabon,6,3,9,10,13,8,0.33,0.32,0.33
2022,Gabon,9,1,3,8,12,5,0.69,0.32,0.45
2002,Guinea,9,0,2,5,12,7,0.82,0.21,0.4
2006,Guinea,10,0,4,17,18,9,0.71,0.39,0.47
2010,Guinea,8,2,2,14,17,9,0.67,0.35,0.42
2014,Guinea,6,2,1,11,16,12,0.67,0.28,0.35
2018,Guinea,6,3,2,8,15,9,0.55,0.25,0.33
2022,Guinea,3,1,1,15,25,10,0.6,0.3,0.33
2002,Algeria,14,6,12,10,16,13,0.44,0.26,0.34
2006,Algeria,11,5,6,11,11,9,0.5,0.35,0.42
2010,Algeria,17,4,1,8,14,6,0.77,0.29,0.5
2014,Algeria,21,2,2,13,10,5,0.84,0.46,0.64
2018,Algeria,18,3,3,14,13,8,0.75,0.4,0.54
2022,Algeria,19,2,6,22,8,5,0.7,0.63,0.66
2002,Kuwait,19,7,3,10,11,9,0.66,0.33,0.49
2006,Kuwait,16,8,8,7,18,10,0.5,0.2,0.34
2010,Kuwait,13,10,11,12,20,13,0.38,0.27,0.32
2014,Kuwait,12,5,7,15,17,12,0.5,0.34,0.4
2018,Kuwait,5,5,5,8,5,3,0.33,0.5,0.42
2022,Kuwait,9,9,5,10,13,8,0.39,0.32,0.35
2002,Jordan,13,8,15,15,15,12,0.36,0.36,0.36
2006,Jordan,17,9,8,12,22,13,0.5,0.26,0.36
2010,Jordan,17,9,13,7,25,10,0.44,0.17,0.3
2014,Jordan,21,6,13,13,26,12,0.52,0.25,0.37
2018,Jordan,14,4,10,13,15,11,0.5,0.33,0.4
2022,Jordan,9,5,4,22,20,7,0.5,0.45,0.46
2002,Liberia,11,2,4,7,15,1,0.65,0.3,0.45
2006,Liberia,5,4,5,2,17,0,0.36,0.11,0.21
2010,Liberia,6,2,10,1,13,1,0.33,0.07,0.21
2014,Liberia,9,3,7,3,12,1,0.47,0.19,0.34
2018,Liberia,6,2,4,2,11,2,0.5,0.13,0.3
2022,Liberia,2,5,1,9,17,6,0.25,0.28,0.28
2002,Solomon Islands,3,1,1,11,13,3,0.6,0.41,0.44
2006,Solomon Islands,4,3,1,11,7,1,0.5,0.58,0.56
2010,Solomon Islands,4,4,3,6,10,1,0.36,0.35,0.36
2014,Solomon Islands,5,6,3,4,12,1,0.36,0.24,0.29
2018,Solomon Islands,4,2,1,9,9,4,0.57,0.41,0.45
2022,Solomon Islands,5,1,1,9,9,2,0.71,0.45,0.52
2002,Laos,1,3,1,5,21,2,0.2,0.18,0.18
2006,Laos,0,3,1,4,19,1,0.0,0.17,0.14
2010,Laos,3,1,3,2,19,3,0.43,0.08,0.16
2014,Laos,6,8,6,7,24,5,0.3,0.19,0.23
2018,Laos,1,11,5,6,17,3,0.06,0.23,0.16
2022,Laos,3,5,2,3,6,5,0.3,0.21,0.25
2002,Saint Vincent and the Grenadines,9,5,1,4,7,2,0.6,0.31,0.46
2006,Saint Vincent and the Grenadines,3,3,2,3,5,4,0.38,0.25,0.3
2010,Saint Vincent and the Grenadines,2,4,0,2,3,4,0.33,0.22,0.27
2014,Saint Vincent and the Grenadines,3,5,1,0,5,4,0.33,0.0,0.17
2018,Saint Vincent and the Grenadines,5,4,3,2,9,3,0.42,0.14,0.27
2022,Saint Vincent and the Grenadines,7,4,3,7,16,3,0.5,0.27,0.35
2002,Bermuda,7,6,3,2,4,1,0.44,0.29,0.39
2006,Bermuda,6,8,3,3,6,0,0.35,0.33,0.35
2010,Bermuda,6,5,2,2,2,0,0.46,0.5,0.47
2014,Bermuda,5,1,1,1,2,1,0.71,0.25,0.55
2018,Bermuda,5,5,1,4,7,2,0.45,0.31,0.38
2022,Bermuda,4,4,4,5,17,1,0.33,0.22,0.26
2002,Niger,3,2,2,0,6,0,0.43,0.0,0.23
2006,Niger,4,4,1,0,10,2,0.44,0.0,0.19
2010,Niger,8,3,5,2,17,4,0.5,0.09,0.26
2014,Niger,10,4,8,4,22,5,0.45,0.13,0.26
2018,Niger,8,5,5,4,11,1,0.44,0.25,0.35
2022,Niger,4,3,2,12,17,5,0.44,0.35,0.37
2006,Montenegro,4,1,3,1,2,1,0.5,0.25,0.42
2010,Montenegro,15,4,7,4,9,6,0.58,0.21,0.42
2014,Montenegro,8,4,6,6,14,5,0.44,0.24,0.33
2018,Montenegro,9,10,6,6,12,6,0.36,0.25,0.31
2022,Montenegro,11,12,9,6,17,5,0.34,0.21,0.28
2002,Palestine,0,0,0,5,20,4,,0.17,0.17
2006,Palestine,0,0,1,11,17,5,0.0,0.33,0.32
2010,Palestine,1,0,3,12,18,7,0.25,0.32,0.32
2014,Palestine,2,0,4,18,28,8,0.33,0.33,0.33
2018,Palestine,6,1,3,9,16,10,0.6,0.26,0.33
2022,Palestine,1,0,1,10,19,7,0.5,0.28,0.29
2002,Bahrain,12,4,5,11,17,11,0.57,0.28,0.38
2006,Bahrain,20,13,9,11,18,14,0.48,0.26,0.36
2010,Bahrain,25,9,11,13,25,10,0.56,0.27,0.41
2014,Bahrain,14,5,11,12,18,11,0.47,0.29,0.37
2018,Bahrain,12,6,11,15,10,5,0.41,0.5,0.46
2022,Bahrain,16,13,5,17,9,6,0.47,0.53,0.5
2002,Papua New Guinea,0,1,0,8,8,0,0.0,0.5,0.47
2006,Papua New Guinea,0,1,0,3,4,0,0.0,0.43,0.38
2010,Papua New Guinea,0,0,0,3,3,1,,0.43,0.43
2014,Papua New Guinea,2,0,3,3,7,1,0.4,0.27,0.31
2018,Papua New Guinea,2,2,3,2,6,0,0.29,0.25,0.27
2022,Papua New Guinea,0,1,1,6,8,2,0.0,0.38,0.33
2002,Mauritania,1,3,2,0,8,2,0.17,0.0,0.06
2006,Mauritania,2,2,3,0,9,1,0.29,0.0,0.12
2010,Mauritania,1,2,2,0,6,1,0.2,0.0,0.08
2014,Mauritania,6,3,1,5,9,7,0.6,0.24,0.35
2018,Mauritania,12,2,2,6,14,6,0.75,0.23,0.43
2022,Mauritania,7,4,6,6,24,5,0.41,0.17,0.25
2002,Saudi Arabia,27,5,9,17,15,4,0.66,0.47,0.57
2006,Saudi Arabia,36,6,12,15,14,5,0.67,0.44,0.58
2010,Saudi Arabia,23,3,9,14,18,10,0.66,0.33,0.48
2014,Saudi Arabia,15,1,6,12,15,9,0.68,0.33,0.47
2018,Saudi Arabia,15,3,5,13,17,8,0.65,0.34,0.46
2022,Saudi Arabia,15,6,4,12,14,8,0.6,0.35,0.46
2002,Eswatini,12,6,11,4,19,5,0.41,0.14,0.28
2006,Eswatini,6,6,8,6,19,6,0.3,0.19,0.24
2010,Eswatini,2,8,11,5,17,4,0.1,0.19,0.15
2014,Eswatini,2,7,8,9,16,6,0.12,0.29,0.23
2018,Eswatini,2,5,5,7,15,5,0.17,0.26,0.23
2022,Eswatini,0,2,2,14,14,10,0.0,0.37,0.33
2002,Somalia,0,0,0,6,11,2,,0.32,0.32
2006,Somalia,0,0,0,8,9,0,,0.47,0.47
2010,Somalia,0,0,0,7,14,0,,0.33,0.33
2014,Somalia,0,0,0,8,7,0,,0.53,0.53
2018,Somalia,0,0,0,2,5,0,,0.29,0.29
2022,Somalia,0,0,0,5,7,1,,0.38,0.38
2002,Lesotho,9,11,9,4,19,6,0.31,0.14,0.22
2006,Lesotho,5,7,9,11,13,4,0.24,0.39,0.33
2010,Lesotho,3,3,5,11,11,11,0.27,0.33,0.32
2014,Lesotho,5,8,10,8,19,9,0.22,0.22,0.22
2018,Lesotho,2,4,7,8,14,9,0.15,0.26,0.23
2022,Lesotho,0,1,4,12,18,10,0.0,0.3,0.27
2002,Cook Islands,0,0,0,3,8,0,,0.27,0.27
2006,Cook Islands,0,0,0,1,7,0,,0.12,0.12
2010,Cook Islands,0,0,0,3,8,2,,0.23,0.23
2014,Cook Islands,0,0,0,2,7,1,,0.2,0.2
2018,Cook Islands,0,0,0,1,2,0,,0.33,0.33
2022,Cook Islands,0,0,0,6,4,0,,0.6,0.6
2002,Qatar,19,8,14,12,14,3,0.46,0.41,0.44
2006,Qatar,22,10,11,10,14,5,0.51,0.34,0.44
2010,Qatar,20,18,16,10,15,9,0.37,0.29,0.34
2014,Qatar,33,12,11,11,12,7,0.59,0.37,0.51
2018,Qatar,23,10,4,17,15,5,0.62,0.46,0.54
2022,Qatar,18,3,4,17,22,8,0.72,0.36,0.49
2002,Antigua and Barbuda,3,2,2,3,12,4,0.43,0.16,0.23
2006,Antigua and Barbuda,8,1,0,3,10,0,0.89,0.23,0.5
2010,Antigua and Barbuda,10,6,3,4,9,3,0.53,0.25,0.4
2014,Antigua and Barbuda,9,6,3,2,6,1,0.5,0.22,0.41
2018,Antigua and Barbuda,9,5,0,2,6,1,0.64,0.22,0.48
2022,Antigua and Barbuda,4,6,2,8,12,0,0.33,0.4,0.38
2002,Faroe Islands,5,10,4,3,15,1,0.26,0.16,0.21
2006,Faroe Islands,3,15,1,0,21,1,0.16,0.0,0.07
2010,Faroe Islands,2,12,2,1,22,1,0.12,0.04,0.08
2014,Faroe Islands,2,11,2,5,16,0,0.13,0.24,0.19
2018,Faroe Islands,6,9,4,4,16,4,0.32,0.17,0.23
2022,Faroe Islands,7,14,4,3,21,9,0.28,0.09,0.17
2002,Bangladesh,5,1,1,10,8,5,0.71,0.43,0.5
2006,Bangladesh,6,5,4,4,10,2,0.4,0.25,0.32
2010,Bangladesh,6,1,2,6,8,4,0.67,0.33,0.44
2014,Bangladesh,6,5,5,7,16,5,0.38,0.25,0.3
2018,Bangladesh,8,8,6,4,12,3,0.36,0.21,0.29
2022,Bangladesh,6,5,6,10,16,4,0.35,0.33,0.34
2002,Yemen,5,4,3,5,13,3,0.42,0.24,0.3
2006,Yemen,7,7,4,3,15,3,0.39,0.14,0.26
2010,Yemen,10,5,5,2,17,3,0.5,0.09,0.29
2014,Yemen,0,1,0,11,20,3,0.0,0.32,0.31
2018,Yemen,0,0,0,12,16,6,,0.35,0.35
2022,Yemen,0,0,0,9,12,5,,0.35,0.35
2002,Oman,28,12,6,9,14,4,0.61,0.33,0.51
2006,Oman,27,5,10,13,11,6,0.64,0.43,0.56
2010,Oman,24,12,15,13,15,10,0.47,0.34,0.42
2014,Oman,23,7,12,12,16,10,0.55,0.32,0.44
2018,Oman,18,2,5,7,14,5,0.72,0.27,0.49
2022,Oman,12,5,2,13,18,4,0.63,0.37,0.46
2002,Burundi,1,4,4,7,21,3,0.11,0.23,0.2
2006,Burundi,2,4,4,10,17,2,0.2,0.34,0.31
2010,Burundi,3,3,4,12,19,5,0.3,0.33,0.33
2014,Burundi,5,3,4,6,17,4,0.42,0.22,0.28
2018,Burundi,6,4,3,6,12,10,0.46,0.21,0.29
2022,Burundi,1,1,3,10,15,6,0.2,0.32,0.31
2002,Mozambique,9,6,4,4,11,7,0.47,0.18,0.32
2006,Mozambique,13,5,8,7,9,6,0.5,0.32,0.42
2010,Mozambique,13,6,9,12,18,3,0.46,0.36,0.41
2014,Mozambique,9,4,8,6,18,8,0.43,0.19,0.28
2018,Mozambique,7,3,4,12,12,3,0.5,0.44,0.46
2022,Mozambique,6,5,4,13,16,9,0.4,0.34,0.36
2002,Guam,2,0,0,3,8,0,1.0,0.27,0.38
2006,Guam,1,0,0,8,12,0,1.0,0.4,0.43
2010,Guam,6,0,1,7,13,1,0.86,0.33,0.46
2014,Guam,7,1,2,8,14,2,0.7,0.33,0.44
2018,Guam,3,3,1,1,13,2,0.43,0.06,0.17
2022,Guam,1,3,0,3,10,0,0.25,0.23,0.24
2002,Angola,18,2,7,9,14,16,0.67,0.23,0.41
2006,Angola,14,1,4,13,22,16,0.74,0.25,0.39
2010,Angola,13,2,13,13,16,11,0.46,0.32,0.38
2014,Angola,12,4,9,7,16,11,0.48,0.21,0.32
2018,Angola,8,4,1,8,11,8,0.62,0.3,0.4
2022,Angola,8,3,4,10,16,12,0.53,0.26,0.34
2002,Dominican Republic,5,2,1,2,5,0,0.62,0.29,0.47
2006,Dominican Republic,1,3,1,0,6,0,0.2,0.0,0.09
2010,Dominican Republic,5,3,1,1,3,1,0.56,0.2,0.43
2014,Dominican Republic,8,4,1,1,3,1,0.62,0.2,0.5
2018,Dominican Republic,8,3,2,2,6,0,0.62,0.25,0.48
2022,Dominican Republic,10,5,6,5,12,2,0.48,0.26,0.38
2002,Seychelles,2,3,1,0,6,1,0.33,0.0,0.15
2006,Seychelles,5,7,0,4,9,4,0.42,0.24,0.31
2010,Seychelles,1,7,0,4,11,2,0.12,0.24,0.2
2014,Seychelles,4,5,1,3,14,1,0.4,0.17,0.25
2018,Seychelles,1,6,3,4,16,3,0.1,0.17,0.15
2022,Seychelles,0,2,0,7,13,2,0.0,0.32,0.29
2002,Rwanda,11,4,10,8,22,7,0.44,0.22,0.31
2006,Rwanda,13,7,6,11,22,8,0.5,0.27,0.36
2010,Rwanda,7,4,5,14,28,7,0.44,0.29,0.32
2014,Rwanda,9,10,6,10,21,8,0.36,0.26,0.3
2018,Rwanda,6,7,6,5,12,2,0.32,0.26,0.29
2022,Rwanda,8,5,8,3,9,5,0.38,0.18,0.29
2002,São Tomé and Príncipe,1,1,1,0,9,0,0.33,0.0,0.08
2006,São Tomé and Príncipe,0,1,0,0,2,0,0.0,0.0,0.0
2010,São Tomé and Príncipe,2,1,0,0,1,2,0.67,0.0,0.33
2014,São Tomé and Príncipe,4,4,0,0,6,2,0.5,0.0,0.25
2018,São Tomé and Príncipe,3,5,0,1,10,0,0.38,0.09,0.21
2022,São Tomé and Príncipe,1,3,0,5,11,3,0.25,0.26,0.26
2002,Botswana,13,10,5,4,13,8,0.46,0.16,0.32
2006,Botswana,11,8,13,8,16,12,0.34,0.22,0.28
2010,Botswana,12,3,14,12,16,10,0.41,0.32,0.36
2014,Botswana,19,7,9,9,18,12,0.54,0.23,0.38
2018,Botswana,9,6,4,9,17,7,0.47,0.27,0.35
2022,Botswana,5,6,3,9,16,5,0.36,0.3,0.32
2006,Northern Cyprus,1,0,0,0,1,0,1.0,0.0,0.5
2010,Northern Cyprus,0,0,0,0,1,0,,0.0,0.0
2018,Northern Cyprus,3,0,2,0,0,0,0.6,,0.6
2002,Cape Verde,5,2,3,2,6,2,0.5,0.2,0.35
2006,Cape Verde,8,4,3,3,14,2,0.53,0.16,0.32
2010,Cape Verde,8,2,2,6,11,4,0.67,0.29,0.42
2014,Cape Verde,11,4,0,7,15,5,0.73,0.26,0.43
2018,Cape Verde,5,5,3,8,7,5,0.38,0.4,0.39
2022,Cape Verde,7,3,5,11,15,6,0.47,0.34,0.38
2002,Kyrgyzstan,1,2,1,8,12,1,0.25,0.38,0.36
2006,Kyrgyzstan,3,3,1,9,10,1,0.43,0.45,0.44
2010,Kyrgyzstan,2,2,0,3,10,1,0.5,0.21,0.28
2014,Kyrgyzstan,7,4,3,3,15,5,0.5,0.13,0.27
2018,Kyrgyzstan,8,3,5,9,14,3,0.5,0.35,0.4
2022,Kyrgyzstan,6,5,4,9,15,1,0.4,0.36,0.38
2002,Georgia,8,7,6,2,15,5,0.38,0.09,0.23
2006,Georgia,9,8,8,7,19,5,0.36,0.23,0.29
2010,Georgia,9,7,6,7,18,9,0.41,0.21,0.29
2014,Georgia,8,8,4,8,18,4,0.4,0.27,0.32
2018,Georgia,13,7,8,7,14,9,0.46,0.23,0.34
2022,Georgia,11,8,9,11,17,5,0.39,0.33,0.36
2002,Azerbaijan,5,8,7,3,19,6,0.25,0.11,0.17
2006,Azerbaijan,3,7,11,4,27,8,0.14,0.1,0.12
2010,Azerbaijan,4,11,7,10,25,6,0.18,0.24,0.22
2014,Azerbaijan,7,7,6,7,15,10,0.35,0.22,0.27
2018,Azerbaijan,6,9,5,8,12,6,0.3,0.31,0.3
2022,Azerbaijan,4,13,5,8,21,4,0.18,0.24,0.22
2006,Comoros,0,1,0,3,1,0,0.0,0.75,0.6
2010,Comoros,0,4,1,4,7,0,0.0,0.36,0.25
2014,Comoros,1,4,4,0,8,4,0.11,0.0,0.05
2018,Comoros,4,2,6,6,12,6,0.33,0.25,0.28
2022,Comoros,7,1,4,14,17,3,0.58,0.41,0.46
2002,Kiribati,0,0,0,1,3,0,,0.25,0.25
2006,Kiribati,0,0,0,1,3,0,,0.25,0.25
2010,Kiribati,0,0,0,2,2,0,,0.5,0.5
2014,Kiribati,0,0,0,2,2,0,,0.5,0.5
2002,Tonga,0,0,0,7,10,1,,0.39,0.39
2006,Tonga,0,0,0,2,9,1,,0.17,0.17
2010,Tonga,0,1,1,1,5,1,0.0,0.14,0.11
2014,Tonga,0,3,0,0,3,1,0.0,0.0,0.0
2018,Tonga,0,3,0,3,6,0,0.0,0.33,0.25
2022,Tonga,0,2,0,5,4,0,0.0,0.56,0.45
2002,United Arab Emirates,14,8,9,10,15,5,0.45,0.33,0.39
2006,United Arab Emirates,13,14,15,13,12,11,0.31,0.36,0.33
2010,United Arab Emirates,16,15,9,12,16,9,0.4,0.32,0.36
2014,United Arab Emirates,24,4,4,10,17,8,0.75,0.29,0.51
2018,United Arab Emirates,19,6,5,8,16,5,0.63,0.28,0.46
2022,United Arab Emirates,23,7,10,8,12,3,0.57,0.35,0.49
2002,Brunei,0,6,1,0,7,1,0.0,0.0,0.0
2006,Brunei,0,0,0,3,8,3,,0.21,0.21
2010,Brunei,0,0,0,4,7,1,,0.33,0.33
2014,Brunei,0,1,0,4,13,1,0.0,0.22,0.21
2018,Brunei,2,1,0,2,11,1,0.67,0.14,0.24
2022,Brunei,5,3,0,4,9,1,0.62,0.29,0.41
2002,Equatorial Guinea,3,4,0,0,12,0,0.43,0.0,0.16
2006,Equatorial Guinea,8,3,1,0,9,1,0.67,0.0,0.36
2010,Equatorial Guinea,10,5,4,2,12,1,0.53,0.13,0.35
2014,Equatorial Guinea,12,6,9,3,14,2,0.44,0.16,0.33
2018,Equatorial Guinea,8,6,6,3,11,3,0.4,0.18,0.3
2022,Equatorial Guinea,12,1,5,10,10,8,0.67,0.36,0.48
2002,Liechtenstein,1,14,6,1,19,1,0.05,0.05,0.05
2006,Liechtenstein,4,16,3,1,23,2,0.17,0.04,0.1
2010,Liechtenstein,4,15,1,2,19,5,0.2,0.08,0.13
2014,Liechtenstein,3,14,4,3,22,2,0.14,0.11,0.12
2018,Liechtenstein,2,14,4,4,20,4,0.1,0.14,0.12
2022,Liechtenstein,1,18,3,4,25,6,0.05,0.11,0.09
2002,Nepal,4,3,0,9,14,0,0.57,0.39,0.43
2006,Nepal,2,3,0,7,17,2,0.4,0.27,0.29
2010,Nepal,8,6,5,5,10,3,0.42,0.28,0.35
2014,Nepal,8,8,6,3,13,6,0.36,0.14,0.25
2018,Nepal,0,1,3,7,17,7,0.0,0.23,0.2
2022,Nepal,5,2,3,10,23,6,0.5,0.26,0.31
2002,Greenland,0,0,0,0,1,0,,0.0,0.0
2002,Samoa,3,5,0,3,1,1,0.38,0.6,0.46
2006,Samoa,3,5,0,0,0,1,0.38,0.0,0.33
2010,Samoa,4,2,1,1,5,0,0.57,0.17,0.38
2014,Samoa,2,0,1,2,10,0,0.67,0.17,0.27
2018,Samoa,1,2,0,1,5,0,0.33,0.17,0.22
2022,Samoa,3,2,0,3,9,0,0.6,0.25,0.35
2002,American Samoa,0,0,0,8,5,0,,0.62,0.62
2006,American Samoa,0,0,0,3,5,0,,0.38,0.38
2010,American Samoa,0,0,0,4,7,0,,0.36,0.36
2014,American Samoa,0,0,0,4,7,0,,0.36,0.36
2018,American Samoa,0,0,0,3,5,0,,0.38,0.38
2022,American Samoa,0,0,0,3,6,0,,0.33,0.33
2002,Belize,5,1,0,1,3,1,0.83,0.2,0.55
2006,Belize,0,1,0,1,5,1,0.0,0.14,0.12
2010,Belize,0,3,2,4,6,1,0.0,0.36,0.25
2014,Belize,1,3,3,4,6,2,0.14,0.33,0.26
2018,Belize,7,3,2,2,5,2,0.58,0.22,0.43
2022,Belize,7,8,3,3,13,3,0.39,0.16,0.27
2002,Maldives,4,6,6,7,25,4,0.25,0.19,0.21
2006,Maldives,5,6,3,6,13,2,0.36,0.29,0.31
2010,Maldives,9,4,2,4,11,1,0.6,0.25,0.42
2014,Maldives,9,7,5,7,18,2,0.43,0.26,0.33
2018,Maldives,5,8,0,6,18,1,0.38,0.24,0.29
2022,Maldives,5,4,1,5,12,1,0.5,0.28,0.36
2002,Anguilla,0,1,0,1,6,1,0.0,0.12,0.11
2006,Anguilla,0,0,0,1,2,1,,0.25,0.25
2010,Anguilla,0,1,1,2,4,0,0.0,0.33,0.25
2014,Anguilla,0,1,1,0,5,0,0.0,0.0,0.0
2018,Anguilla,0,6,0,1,6,2,0.0,0.11,0.07
2022,Anguilla,0,7,2,2,13,2,0.0,0.12,0.08
2002,Cayman Islands,3,8,2,0,4,0,0.23,0.0,0.18
2006,Cayman Islands,0,3,0,0,1,1,0.0,0.0,0.0
2010,Cayman Islands,0,5,1,0,3,1,0.0,0.0,0.0
2014,Cayman Islands,0,2,2,0,4,0,0.0,0.0,0.0
2018,Cayman Islands,3,1,2,1,5,0,0.5,0.17,0.33
2022,Cayman Islands,6,5,1,3,8,4,0.5,0.2,0.33
2002,Sint Maarten,0,0,0,0,1,1,,0.0,0.0
2014,Sint Maarten,1,0,0,0,0,0,1.0,,1.0
2018,Sint Maarten,1,0,2,3,6,0,0.33,0.33,0.33
2022,Sint Maarten,0,0,1,10,13,1,0.0,0.42,0.4
2002,Namibia,4,8,10,2,22,4,0.18,0.07,0.12
2006,Namibia,6,6,5,7,20,2,0.35,0.24,0.28
2010,Namibia,7,5,7,9,18,10,0.37,0.24,0.29
2014,Namibia,8,7,8,5,16,8,0.35,0.17,0.25
2018,Namibia,9,5,3,6,19,4,0.53,0.21,0.33
2022,Namibia,3,2,0,16,17,7,0.6,0.4,0.42
2002,Åland Islands,0,0,1,0,0,0,0.0,,0.0
2006,Åland Islands,0,0,1,0,0,0,0.0,,0.0
2018,Ynys Môn,1,0,0,0,0,0,1.0,,1.0
2022,Ynys Môn,1,0,0,0,0,0,1.0,,1.0
2002,Saint Martin,2,1,0,0,1,0,0.67,0.0,0.5
2006,Saint Martin,0,1,0,0,1,0,0.0,0.0,0.0
2010,Saint Martin,2,1,0,1,0,0,0.67,1.0,0.75
2014,Saint Martin,0,0,0,1,0,0,,1.0,1.0
2018,Saint Martin,0,0,0,5,8,0,,0.38,0.38
2022,Saint Martin,1,0,0,7,13,1,1.0,0.33,0.36
2002,San Marino,1,13,0,0,13,2,0.07,0.0,0.03
2006,San Marino,1,17,0,0,15,1,0.06,0.0,0.03
2010,San Marino,0,20,0,0,16,0,0.0,0.0,0.0
2014,San Marino,0,18,1,0,17,0,0.0,0.0,0.0
2018,San Marino,0,17,1,1,22,1,0.0,0.04,0.02
2022,San Marino,1,21,4,4,26,2,0.04,0.12,0.09
2002,Slovenia,16,6,5,11,7,14,0.59,0.34,0.46
2006,Slovenia,11,14,4,5,10,10,0.38,0.2,0.3
2010,Slovenia,14,12,4,7,12,6,0.47,0.28,0.38
2014,Slovenia,11,9,5,8,14,5,0.44,0.3,0.37
2018,Slovenia,12,5,9,6,13,6,0.46,0.24,0.35
2022,Slovenia,19,4,8,10,10,12,0.61,0.31,0.46
2002,Moldova,6,8,6,3,16,7,0.3,0.12,0.2
2006,Moldova,7,7,7,5,18,5,0.33,0.18,0.24
2010,Moldova,3,8,7,12,19,5,0.17,0.33,0.28
2014,Moldova,3,11,4,10,20,7,0.17,0.27,0.24
2018,Moldova,2,13,4,6,22,10,0.11,0.16,0.14
2022,Moldova,9,15,5,7,21,5,0.31,0.21,0.26
2002,Ukraine,7,3,13,9,13,12,0.3,0.26,0.28
2006,Ukraine,18,3,9,8,12,9,0.6,0.28,0.44
2010,Ukraine,17,10,6,8,10,10,0.52,0.29,0.41
2014,Ukraine,19,9,7,15,9,5,0.54,0.52,0.53
2018,Ukraine,18,3,3,12,13,7,0.75,0.38,0.54
2022,Ukraine,9,1,7,17,19,8,0.53,0.39,0.43
2002,Kazakhstan,2,3,2,5,13,3,0.29,0.24,0.25
2006,Kazakhstan,6,12,4,2,21,5,0.27,0.07,0.16
2010,Kazakhstan,7,10,7,5,19,3,0.29,0.19,0.24
2014,Kazakhstan,6,8,7,4,16,6,0.29,0.15,0.21
2018,Kazakhstan,4,11,6,6,16,7,0.19,0.21,0.2
2022,Kazakhstan,9,13,3,7,21,5,0.36,0.21,0.28
2002,Tajikistan,4,2,1,4,7,2,0.57,0.31,0.4
2006,Tajikistan,4,2,2,10,16,7,0.5,0.3,0.34
2010,Tajikistan,3,3,2,13,15,7,0.38,0.37,0.37
2014,Tajikistan,8,6,3,11,12,5,0.47,0.39,0.42
2018,Tajikistan,6,6,4,4,12,5,0.38,0.19,0.27
2022,Tajikistan,5,1,4,6,18,7,0.5,0.19,0.27
2002,Uzbekistan,13,2,3,15,16,5,0.72,0.42,0.52
2006,Uzbekistan,12,2,9,15,18,6,0.52,0.38,0.44
2010,Uzbekistan,11,5,7,19,25,9,0.48,0.36,0.39
2014,Uzbekistan,18,5,5,18,24,7,0.64,0.37,0.47
2018,Uzbekistan,18,5,2,9,21,4,0.72,0.26,0.46
2022,Uzbekistan,16,4,3,15,17,6,0.7,0.39,0.51
2002,Turkmenistan,6,1,0,9,10,4,0.86,0.39,0.5
2006,Turkmenistan,8,3,1,7,13,5,0.67,0.28,0.41
2010,Turkmenistan,2,2,2,8,18,3,0.33,0.28,0.29
2014,Turkmenistan,3,0,2,4,16,1,0.6,0.19,0.27
2018,Turkmenistan,7,2,1,4,12,2,0.7,0.22,0.39
2022,Turkmenistan,2,3,1,4,14,4,0.33,0.18,0.21
2002,Armenia,2,8,7,3,15,3,0.12,0.14,0.13
2006,Armenia,4,9,4,4,19,4,0.24,0.15,0.18
2010,Armenia,8,9,4,9,15,5,0.38,0.31,0.34
2014,Armenia,5,9,4,11,18,1,0.28,0.37,0.33
2018,Armenia,10,10,3,5,14,4,0.43,0.22,0.33
2022,Armenia,10,12,3,5,19,8,0.4,0.16,0.26
2002,Gibraltar,1,0,0,0,0,0,1.0,,1.0
2006,Gibraltar,1,0,0,0,1,0,1.0,0.0,0.5
2010,Gibraltar,1,0,0,0,1,0,1.0,0.0,0.5
2014,Gibraltar,1,3,1,7,10,1,0.2,0.39,0.35
2018,Gibraltar,3,8,2,10,19,1,0.23,0.33,0.3
2022,Gibraltar,5,12,6,7,23,4,0.22,0.21,0.21
2002,North Macedonia,9,12,5,5,15,12,0.35,0.16,0.24
2006,North Macedonia,8,11,5,10,12,7,0.33,0.34,0.34
2010,North Macedonia,11,7,7,7,15,7,0.44,0.24,0.33
2014,North Macedonia,10,14,3,4,18,5,0.37,0.15,0.26
2018,North Macedonia,13,11,4,7,9,8,0.46,0.29,0.38
2022,North Macedonia,16,7,7,10,16,7,0.53,0.3,0.41
2002,Czech Republic,24,3,4,16,12,7,0.77,0.46,0.61
2006,Czech Republic,23,4,2,20,10,9,0.79,0.51,0.63
2010,Czech Republic,17,6,2,15,10,14,0.68,0.38,0.5
2014,Czech Republic,12,10,7,14,13,7,0.41,0.41,0.41
2018,Czech Republic,13,8,4,15,18,2,0.52,0.43,0.47
2022,Czech Republic,20,4,5,13,18,8,0.69,0.33,0.49
2002,Montserrat,0,1,0,1,2,0,0.0,0.33,0.25
2006,Montserrat,0,1,0,1,1,0,0.0,0.5,0.33
2010,Montserrat,0,0,0,2,1,0,,0.67,0.67
2014,Montserrat,0,0,1,1,2,0,0.0,0.33,0.25
2018,Montserrat,2,2,2,3,2,1,0.33,0.5,0.42
2022,Montserrat,3,2,1,11,10,3,0.5,0.46,0.47
2002,Serbia,5,2,2,16,17,11,0.56,0.36,0.4
2006,Serbia,8,2,6,11,18,11,0.5,0.28,0.34
2010,Serbia,11,3,7,16,19,8,0.52,0.37,0.42
2014,Serbia,10,4,5,11,22,8,0.53,0.27,0.35
2018,Serbia,12,3,6,13,13,9,0.57,0.37,0.45
2022,Serbia,13,4,7,17,9,12,0.54,0.45,0.48
2002,Canary Islands,0,1,0,0,0,0,0.0,,0.0
2006,Canary Islands,1,0,0,0,0,0,1.0,,1.0
2010,Canary Islands,1,0,0,0,0,0,1.0,,1.0
2002,Bosnia and Herzegovina,8,4,9,6,12,6,0.38,0.25,0.31
2006,Bosnia and Herzegovina,10,7,5,8,14,4,0.45,0.31,0.38
2010,Bosnia and Herzegovina,13,8,5,12,15,4,0.5,0.39,0.44
2014,Bosnia and Herzegovina,14,3,4,16,11,5,0.67,0.5,0.57
2018,Bosnia and Herzegovina,11,5,6,12,12,6,0.5,0.4,0.44
2022,Bosnia and Herzegovina,10,14,7,3,17,7,0.32,0.11,0.22
2002,Andorra,3,12,0,5,17,1,0.2,0.22,0.21
2006,Andorra,1,15,2,3,19,1,0.06,0.13,0.1
2010,Andorra,0,18,1,4,20,1,0.0,0.16,0.09
2014,Andorra,0,19,0,3,18,3,0.0,0.12,0.07
2018,Andorra,2,15,5,2,19,4,0.09,0.08,0.09
2022,Andorra,6,18,5,4,21,4,0.21,0.14,0.17
2002,British Virgin Islands,5,8,2,0,6,1,0.33,0.0,0.23
2006,British Virgin Islands,2,3,2,1,2,2,0.29,0.2,0.25
2010,British Virgin Islands,1,1,2,2,3,2,0.25,0.29,0.27
2014,British Virgin Islands,1,2,0,0,3,1,0.33,0.0,0.14
2018,British Virgin Islands,0,0,0,4,6,1,,0.36,0.36
2022,British Virgin Islands,1,3,2,5,10,4,0.17,0.26,0.24
2002,United States Virgin Islands,0,4,0,0,8,0,0.0,0.0,0.0
2006,United States Virgin Islands,0,1,0,0,5,2,0.0,0.0,0.0
2010,United States Virgin Islands,1,3,0,1,4,3,0.25,0.12,0.17
2014,United States Virgin Islands,1,4,0,2,4,1,0.2,0.29,0.25
2018,United States Virgin Islands,0,4,0,5,4,0,0.0,0.56,0.38
2022,United States Virgin Islands,1,9,3,2,10,2,0.08,0.14,0.11
2010,Corsica,1,0,1,0,0,0,0.5,,0.5
2014,Corsica,2,0,1,0,0,0,0.67,,0.67
2018,Corsica,1,0,2,0,0,0,0.33,,0.33
2002,Eritrea,3,2,3,1,17,2,0.38,0.05,0.14
2006,Eritrea,3,1,4,4,13,2,0.38,0.21,0.26
2010,Eritrea,2,1,3,3,11,2,0.33,0.19,0.23
2014,Eritrea,0,2,1,2,5,1,0.0,0.25,0.18
2018,Eritrea,0,2,0,0,2,0,0.0,0.0,0.0
2022,Eritrea,0,1,0,0,1,0,0.0,0.0,0.0
2002,Bahamas,1,3,1,2,2,0,0.2,0.5,0.33
2006,Bahamas,0,1,3,1,2,0,0.0,0.33,0.14
2010,Bahamas,1,0,2,1,2,0,0.33,0.33,0.33
2014,Bahamas,1,1,0,1,1,0,0.5,0.5,0.5
2018,Bahamas,3,2,1,1,3,1,0.5,0.2,0.36
2022,Bahamas,5,6,1,3,11,4,0.42,0.17,0.27
2002,Micronesia,1,0,0,1,5,0,1.0,0.17,0.29
2006,Micronesia,0,0,0,1,3,0,,0.25,0.25
2002,Bhutan,1,0,1,3,14,0,0.5,0.18,0.21
2006,Bhutan,1,0,1,4,16,1,0.5,0.19,0.22
2010,Bhutan,0,0,0,4,16,1,,0.19,0.19
2014,Bhutan,2,5,0,6,14,1,0.29,0.29,0.29
2018,Bhutan,3,8,0,3,16,1,0.27,0.15,0.19
2022,Bhutan,3,1,0,3,5,0,0.75,0.38,0.5
2002,Monaco,0,0,0,0,2,1,,0.0,0.0
2006,Monaco,0,0,0,2,3,2,,0.29,0.29
2010,Monaco,0,0,0,2,2,1,,0.4,0.4
2014,Monaco,0,0,0,2,4,0,,0.33,0.33
2018,Monaco,0,0,0,0,0,1,,0.0,0.0
2002,Tuvalu,0,0,0,2,3,0,,0.4,0.4
2006,Tuvalu,0,0,0,3,5,0,,0.38,0.38
2010,Tuvalu,0,0,0,1,7,1,,0.11,0.11
2014,Tuvalu,0,0,0,0,5,1,,0.0,0.0
2018,Tuvalu,0,0,0,2,7,1,,0.2,0.2
2022,Tuvalu,0,0,0,5,3,1,,0.56,0.56
2002,Mayotte,0,0,1,0,1,0,0.0,0.0,0.0
2006,Mayotte,0,0,1,0,1,1,0.0,0.0,0.0
2010,Mayotte,0,0,1,0,1,2,0.0,0.0,0.0
2002,Turks and Caicos Islands,0,0,0,1,4,0,,0.2,0.2
2006,Turks and Caicos Islands,1,0,0,1,2,0,1.0,0.33,0.5
2010,Turks and Caicos Islands,1,1,0,0,2,0,0.5,0.0,0.25
2014,Turks and Caicos Islands,0,2,0,0,2,0,0.0,0.0,0.0
2018,Turks and Caicos Islands,2,3,0,1,5,1,0.4,0.14,0.25
2022,Turks and Caicos Islands,3,6,2,4,10,2,0.27,0.25,0.26
2002,Timor-Leste,0,0,0,1,4,0,,0.2,0.2
2006,Timor-Leste,0,0,0,4,10,1,,0.27,0.27
2010,Timor-Leste,0,0,0,4,12,1,,0.24,0.24
2014,Timor-Leste,0,4,0,4,20,1,0.0,0.16,0.14
2018,Timor-Leste,0,4,0,3,22,1,0.0,0.12,0.1
2022,Timor-Leste,0,0,0,6,14,0,,0.3,0.3
2006,Occitania,1,1,2,0,0,1,0.25,0.0,0.2
2010,Occitania,4,0,1,0,0,0,0.8,,0.8
2014,Occitania,4,0,0,1,0,0,1.0,1.0,1.0
2006,Chechnya,0,0,0,0,2,0,,0.0,0.0
2006,Kosovo,0,0,0,0,1,0,,0.0,0.0
2014,Kosovo,2,1,2,3,2,1,0.4,0.5,0.45
2018,Kosovo,9,3,3,10,11,6,0.6,0.37,0.45
2022,Kosovo,12,10,8,9,15,8,0.4,0.28,0.34
2002,Tibet,0,0,0,0,2,0,,0.0,0.0
2006,Tibet,0,0,0,0,1,0,,0.0,0.0
2010,Tibet,0,0,0,0,1,0,,0.0,0.0
2022,Tibet,0,0,0,0,0,1,,0.0,0.0
2010,Sápmi,0,0,0,0,1,0,,0.0,0.0
2014,Sápmi,0,0,0,0,1,0,,0.0,0.0
2018,Sápmi,0,0,0,1,4,0,,0.2,0.2
2022,Sápmi,0,0,0,1,4,0,,0.2,0.2
2002,Northern Mariana Islands,0,0,0,0,1,0,,0.0,0.0
2006,Northern Mariana Islands,0,2,0,0,1,0,0.0,0.0,0.0
2010,Northern Mariana Islands,0,2,1,2,5,0,0.0,0.29,0.2
2014,Northern Mariana Islands,0,0,0,4,7,0,,0.36,0.36
2018,Northern Mariana Islands,0,0,0,2,2,0,,0.5,0.5
2022,Northern Mariana Islands,0,0,0,2,2,0,,0.5,0.5
2006,Romani people,0,0,0,0,1,0,,0.0,0.0
2010,Romani people,0,0,0,0,2,0,,0.0,0.0
2014,Romani people,0,0,0,3,2,0,,0.6,0.6
2018,Romani people,0,0,0,3,1,0,,0.75,0.75
2006,Provence,0,0,0,1,0,0,,1.0,1.0
2010,Provence,0,0,0,1,0,0,,1.0,1.0
2014,Provence,1,0,0,0,0,0,1.0,,1.0
2014,Padania,0,0,0,2,3,0,,0.4,0.4
2018,Padania,0,0,0,2,9,2,,0.15,0.15
2022,Padania,0,0,0,0,4,0,,0.0,0.0
2010,Gozo,1,0,0,0,0,0,1.0,,1.0
2014,Gozo,1,0,0,0,0,0,1.0,,1.0
2018,Bonaire,0,0,0,4,3,0,,0.57,0.57
2022,Bonaire,1,3,1,7,8,0,0.2,0.47,0.4
2010,Chagos Islands,0,0,0,1,1,0,,0.5,0.5
2014,Chagos Islands,0,0,0,1,3,1,,0.2,0.2
2018,Chagos Islands,0,0,0,1,4,0,,0.2,0.2
2022,Chagos Islands,0,0,0,1,1,0,,0.5,0.5
2002,Sealand,0,0,0,0,0,1,,0.0,0.0
2006,Sealand,0,0,0,0,0,1,,0.0,0.0
2010,Sealand,0,0,0,1,0,1,,0.5,0.5
2014,Sealand,0,0,0,3,2,2,,0.43,0.43
2010,Raetia,0,0,0,1,2,0,,0.33,0.33
2014,Raetia,0,1,0,1,4,1,0.0,0.17,0.14
2018,Raetia,0,1,0,1,0,1,0.0,0.5,0.33
2022,Raetia,1,1,1,0,1,2,0.33,0.0,0.17
2018,Tamil Eelam,0,0,0,1,0,0,,1.0,1.0
2010,South Sudan,0,0,1,1,2,0,0.0,0.33,0.25
2014,South Sudan,1,2,2,2,13,0,0.2,0.13,0.15
2018,South Sudan,2,5,1,3,17,1,0.25,0.14,0.17
2022,South Sudan,0,3,0,10,16,4,0.0,0.33,0.3
2010,Saint Barthélemy,0,1,0,0,1,0,0.0,0.0,0.0
2014,Saint Barthélemy,0,1,0,0,0,0,0.0,,0.0
2018,Saint Barthélemy,3,2,0,0,0,1,0.6,0.0,0.5
2022,Saint Barthélemy,2,0,0,0,1,1,1.0,0.0,0.5
2010,Abkhazia,0,0,1,0,1,0,0.0,0.0,0.0
2014,Abkhazia,2,0,2,0,1,0,0.5,0.0,0.4
2018,Abkhazia,2,1,1,1,3,4,0.5,0.12,0.25
2022,Abkhazia,0,0,0,1,1,1,,0.33,0.33
2010,Artsakh,1,0,0,0,0,1,1.0,0.0,0.5
2014,Artsakh,1,0,0,0,0,1,1.0,0.0,0.5
2018,Artsakh,3,1,1,0,0,0,0.6,,0.6
2022,Artsakh,3,1,1,0,0,0,0.6,,0.6
2014,Madrid,0,1,0,0,0,0,0.0,,0.0
2014,Saugeais,0,0,1,0,0,0,0.0,,0.0
2014,Ellan Vannin,1,0,0,1,3,0,1.0,0.25,0.4
2018,Ellan Vannin,0,0,0,2,5,2,,0.22,0.22
2002,Vatican City,0,0,0,0,0,1,,0.0,0.0
2010,Vatican City,0,0,0,0,2,0,,0.0,0.0
2014,Vatican City,0,1,0,0,3,0,0.0,0.0,0.0
2018,Vatican City,0,0,2,0,0,0,0.0,,0.0
2022,Vatican City,0,0,1,0,0,0,0.0,,0.0
2018,Somaliland,0,0,0,0,1,0,,0.0,0.0
2022,Somaliland,0,0,0,0,1,0,,0.0,0.0
2014,Franconia,1,0,0,0,0,0,1.0,,1.0
2018,Franconia,0,0,0,1,0,0,,1.0,1.0
2022,Franconia,0,0,0,1,0,0,,1.0,1.0
2018,South Ossetia,1,0,0,4,4,0,1.0,0.5,0.56
2022,South Ossetia,1,0,0,2,2,0,1.0,0.5,0.6
2014,County of Nice,0,0,0,3,1,0,,0.75,0.75
2018,County of Nice,0,0,0,3,1,0,,0.75,0.75
2014,Seborga,0,1,0,0,0,0,0.0,,0.0
2014,Székely Land,1,3,0,0,0,0,0.25,,0.25
2018,Székely Land,0,3,0,2,6,1,0.0,0.22,0.17
2022,Székely Land,0,0,0,1,3,1,,0.2,0.2
2014,Panjab,0,1,0,0,2,0,0.0,0.0,0.0
2018,Panjab,0,1,0,2,4,0,0.0,0.33,0.29
2022,Panjab,0,0,0,1,0,0,,1.0,1.0
2014,Felvidék,0,0,0,2,1,1,,0.5,0.5
2018,Felvidék,0,0,0,3,4,1,,0.38,0.38
2014,Luhansk PR,1,0,0,0,2,1,1.0,0.0,0.25
2018,Luhansk PR,2,0,0,0,3,1,1.0,0.0,0.33
2022,Luhansk PR,1,0,0,0,1,0,1.0,0.0,0.5
2014,Donetsk PR,1,0,1,0,2,1,0.5,0.0,0.2
2018,Donetsk PR,1,0,1,1,2,1,0.5,0.25,0.33
2014,United Koreans in Japan,0,0,0,1,0,0,,1.0,1.0
2018,United Koreans in Japan,0,0,0,1,0,0,,1.0,1.0
2018,Western Armenia,0,0,0,3,0,2,,0.6,0.6
2022,Western Armenia,0,0,0,3,0,2,,0.6,0.6
2018,Barawa,1,2,0,0,1,0,0.33,0.0,0.25
2022,Barawa,0,0,0,0,1,0,,0.0,0.0
2014,Ryūkyū,0,0,0,1,0,0,,1.0,1.0
2018,Ryūkyū,0,0,0,1,0,0,,1.0,1.0
2018,Kárpátalja,0,0,0,1,1,0,,0.5,0.5
2018,Yorkshire,3,0,1,1,1,0,0.75,0.5,0.67
2022,Yorkshire,1,0,0,0,0,0,1.0,,1.0
2022,Matabeleland,0,0,0,1,1,1,,0.33,0.33
2018,Cascadia,1,0,0,0,0,0,1.0,,1.0
2022,Cascadia,1,0,0,0,0,0,1.0,,1.0
2018,Parishes of Jersey,1,0,0,0,0,0,1.0,,1.0
2018,Chameria,0,0,0,1,2,2,,0.2,0.2
2022,Chameria,0,0,0,1,2,2,,0.2,0.2
2018,Saint Helena,0,0,0,0,1,0,,0.0,0.0
2022,Saint Helena,0,0,0,0,1,0,,0.0,0.0
2022,Yoruba Nation,0,0,0,1,0,0,,1.0,1.0
2022,Biafra,0,0,0,2,1,0,,0.67,0.67
2022,Elba Island,1,0,0,0,0,0,1.0,,1.0
2022,Ticino,0,0,0,0,1,0,,0.0,0.0
2006,Ambazonia,0,0,0,0,1,1,,0.0,0.0
2010,Ambazonia,0,0,0,0,1,0,,0.0,0.0
2010,Cilento,0,0,0,0,1,0,,0.0,0.0
2014,Cilento,0,0,0,0,1,0,,0.0,0.0
2018,Surrey,0,0,0,1,0,0,,1.0,1.0
