,Eng_Nation,Year,Penalty_Prob,Nation
0,Afghanistan,2017,0.5454966,아프가니스탄
1,Afghanistan,2018,0.51465136,아프가니스탄
2,Afghanistan,2019,0.5156044,아프가니스탄
3,Afghanistan,2020,0.51848525,아프가니스탄
4,Afghanistan,2021,0.60585594,아프가니스탄
5,Afghanistan,2022,0.5918209,아프가니스탄
6,Albania,2015,0.7044403,알바니아
7,Albania,2016,0.7052065,알바니아
8,Albania,2017,0.68744135,알바니아
9,Algeria,2017,0.7665697,알제리
10,Algeria,2018,0.7659476,알제리
11,Algeria,2021,0.76028174,알제리
12,Algeria,2022,0.7654412,알제리
13,Algeria,2023,0.78419507,알제리
14,Andorra,2019,0.41490436,안도라
15,Andorra,2021,0.4175232,안도라
16,Andorra,2022,0.41171893,안도라
17,Andorra,2023,0.15378588,안도라
18,Angola,2015,0.70813924,앙골라
19,Angola,2016,0.730075,앙골라
20,Angola,2017,0.7089075,앙골라
21,Angola,2020,0.71983284,앙골라
22,Angola,2021,0.733971,앙골라
23,Angola,2022,0.70673424,앙골라
24,Antigua and Barbuda,2015,0.5869795,앤티가 바부다
25,Antigua and Barbuda,2016,0.59337205,앤티가 바부다
26,Antigua and Barbuda,2017,0.5739905,앤티가 바부다
27,Argentina,2015,0.83310694,아르헨티나
28,Argentina,2016,0.8328855,아르헨티나
29,Argentina,2020,0.8398718,아르헨티나
30,Argentina,2021,0.8277738,아르헨티나
31,Argentina,2023,0.84902817,아르헨티나
32,Armenia,2015,0.72806513,아르메니아
33,Armenia,2016,0.71942055,아르메니아
34,Armenia,2017,0.7134483,아르메니아
35,Armenia,2019,0.70905066,아르메니아
36,Armenia,2022,0.75987434,아르메니아
37,Armenia,2023,0.74160224,아르메니아
38,Aruba,2016,0.5196636,아루바
39,Aruba,2017,0.4735158,아루바
40,Aruba,2021,0.5642261,아루바
41,Australia,2016,0.71220446,호주
42,Australia,2017,0.735194,호주
43,Australia,2018,0.7269896,호주
44,Australia,2021,0.7283242,호주
45,Australia,2022,0.7055704,호주
46,Australia,2023,0.7124462,호주
47,Austria,2017,0.7736558,오스트리아
48,Austria,2019,0.7709763,오스트리아
49,Austria,2021,0.7628177,오스트리아
50,Austria,2022,0.76725334,오스트리아
51,Austria,2023,0.7787334,오스트리아
52,Azerbaijan,2018,0.6554111,아제르바이잔
53,Azerbaijan,2021,0.64202327,아제르바이잔
54,Azerbaijan,2022,0.6431184,아제르바이잔
55,Azerbaijan,2023,0.6562549,아제르바이잔
56,Bahrain,2015,0.41040498,바레인
57,Bahrain,2016,0.48646596,바레인
58,Bahrain,2019,0.4392357,바레인
59,Bahrain,2020,0.6278292,바레인
60,Barbados,2015,0.60564876,바베이도스
61,Barbados,2016,0.6105968,바베이도스
62,Barbados,2017,0.641458,바베이도스
63,Barbados,2018,0.60893434,바베이도스
64,Barbados,2019,0.62185276,바베이도스
65,Barbados,2020,0.61236304,바베이도스
66,Belarus,2015,0.69966424,벨라루스
67,Belarus,2016,0.7034135,벨라루스
68,Belarus,2017,0.71143425,벨라루스
69,Belarus,2018,0.7201961,벨라루스
70,Belarus,2019,0.7385011,벨라루스
71,Belgium,2018,0.8501184,벨기에
72,Belgium,2019,0.86025774,벨기에
73,Belgium,2021,0.81967956,벨기에
74,Belgium,2022,0.83700633,벨기에
75,Belgium,2023,0.8292102,벨기에
76,Belize,2017,0.55771935,벨리즈
77,Belize,2018,0.58116496,벨리즈
78,Belize,2019,0.57397234,벨리즈
79,Belize,2020,0.5984857,벨리즈
80,Belize,2021,0.5467622,벨리즈
81,Belize,2022,0.51865095,벨리즈
82,Benin,2015,0.72880423,베냉
83,Benin,2016,0.70998514,베냉
84,Benin,2017,0.6893306,베냉
85,Benin,2018,0.6982724,베냉
86,Benin,2020,0.7062669,베냉
87,Bermuda,2017,0.6400573,버뮤다
88,Bermuda,2018,0.6581984,버뮤다
89,Bermuda,2019,0.6478379,버뮤다
90,Bermuda,2020,0.6355887,버뮤다
91,Bermuda,2021,0.6788835,버뮤다
92,Bermuda,2022,0.67042524,버뮤다
93,Bermuda,2023,0.65955114,버뮤다
94,Bhutan,2022,0.5439658,부탄
95,Bolivia,2015,0.7543962,볼리비아
96,Bolivia,2016,0.72957045,볼리비아
97,Bolivia,2017,0.7379079,볼리비아
98,Bolivia,2018,0.7209848,볼리비아
99,Bolivia,2019,0.7187653,볼리비아
100,Bolivia,2023,0.73196274,볼리비아
101,Bosnia and Herzegovina,2015,0.81396013,보스니아 헤르체고비나
102,Bosnia and Herzegovina,2018,0.8137242,보스니아 헤르체고비나
103,Bosnia and Herzegovina,2019,0.8020263,보스니아 헤르체고비나
104,Bosnia and Herzegovina,2020,0.7995417,보스니아 헤르체고비나
105,Bosnia and Herzegovina,2021,0.78539526,보스니아 헤르체고비나
106,Bosnia and Herzegovina,2022,0.7994786,보스니아 헤르체고비나
107,Bosnia and Herzegovina,2023,0.8402851,보스니아 헤르체고비나
108,Brazil,2016,0.8713424,브라질
109,Brazil,2017,0.81921077,브라질
110,Brazil,2019,0.81272066,브라질
111,Brazil,2020,0.83597773,브라질
112,Brazil,2021,0.8551581,브라질
113,Brazil,2022,0.86562926,브라질
114,Brunei Darussalam,2018,0.42596495,브루나이
115,Bulgaria,2015,0.76224333,불가리아
116,Bulgaria,2016,0.7755853,불가리아
117,Bulgaria,2017,0.7082298,불가리아
118,Bulgaria,2019,0.7051326,불가리아
119,Bulgaria,2020,0.7013136,불가리아
120,Burkina Faso,2015,0.67994,부르키나파소
121,Burkina Faso,2016,0.7017242,부르키나파소
122,Burkina Faso,2017,0.70661813,부르키나파소
123,Burkina Faso,2018,0.7061585,부르키나파소
124,Burkina Faso,2020,0.6622036,부르키나파소
125,Burundi,2020,0.6430702,부룬디
126,Burundi,2021,0.6567702,부룬디
127,Burundi,2022,0.6321538,부룬디
128,Cambodia,2015,0.60876274,캄보디아
129,Cameroon,2015,0.79758745,카메룬
130,Cameroon,2016,0.8261991,카메룬
131,Cameroon,2017,0.8372509,카메룬
132,Cameroon,2018,0.782302,카메룬
133,Cameroon,2021,0.7536956,카메룬
134,Cameroon,2023,0.7486298,카메룬
135,Canada,2015,0.73626983,캐나다
136,Canada,2016,0.6979247,캐나다
137,Canada,2017,0.7038116,캐나다
138,Canada,2021,0.7234724,캐나다
139,Canada,2022,0.720511,캐나다
140,Canada,2023,0.7116272,캐나다
141,Cape Verde Islands,2016,0.7378044,카보베르데
142,Cape Verde Islands,2020,0.7221522,카보베르데
143,Cape Verde Islands,2021,0.71950245,카보베르데
144,Cape Verde Islands,2022,0.72367173,카보베르데
145,Cape Verde Islands,2023,0.7233708,카보베르데
146,Central African Republic,2015,0.6594084,중앙아프리카
147,Central African Republic,2016,0.6646054,중앙아프리카
148,Central African Republic,2017,0.6858623,중앙아프리카
149,Central African Republic,2021,0.6322456,중앙아프리카
150,Central African Republic,2022,0.64186895,중앙아프리카
151,Central African Republic,2023,0.6448978,중앙아프리카
152,Chad,2016,0.66627854,차드
153,Chad,2017,0.65150595,차드
154,Chad,2018,0.6883498,차드
155,Chad,2019,0.6614618,차드
156,Chad,2020,0.6589799,차드
157,Chad,2021,0.6597205,차드
158,Chad,2022,0.66135234,차드
159,Chile,2016,0.77570635,칠레
160,Chile,2017,0.7853223,칠레
161,Chile,2018,0.77629805,칠레
162,Chile,2019,0.7761042,칠레
163,China PR,2021,0.7336789,중국
164,China PR,2022,0.7427532,중국
165,Chinese Taipei,2020,0.53557265,중화 타이베이
166,Chinese Taipei,2021,0.4774132,중화 타이베이
167,Chinese Taipei,2022,0.57635534,중화 타이베이
168,Chinese Taipei,2023,0.48619705,중화 타이베이
169,Colombia,2015,0.85928065,콜롬비아
170,Colombia,2016,0.80367935,콜롬비아
171,Colombia,2019,0.80109954,콜롬비아
172,Colombia,2021,0.79214716,콜롬비아
173,Colombia,2022,0.8207572,콜롬비아
174,Colombia,2023,0.8312265,콜롬비아
175,Comoros,2015,0.60334736,코모로
176,Comoros,2017,0.65109634,코모로
177,Comoros,2018,0.6676426,코모로
178,Comoros,2022,0.63702357,코모로
179,Comoros,2023,0.6647888,코모로
180,Congo,2015,0.68598044,콩고
181,Congo,2016,0.67560977,콩고
182,Congo,2017,0.6744543,콩고
183,Congo,2019,0.6766651,콩고
184,Congo,2020,0.6744294,콩고
185,Congo,2021,0.68696666,콩고
186,Congo DR,2016,0.81430185,콩고민주공화국
187,Congo DR,2017,0.7791141,콩고민주공화국
188,Congo DR,2020,0.7705993,콩고민주공화국
189,Congo DR,2021,0.78029716,콩고민주공화국
190,Congo DR,2022,0.79529154,콩고민주공화국
191,Costa Rica,2015,0.72665644,코스타리카
192,Costa Rica,2016,0.72933173,코스타리카
193,Costa Rica,2017,0.7217834,코스타리카
194,Costa Rica,2018,0.73023415,코스타리카
195,Costa Rica,2019,0.7216042,코스타리카
196,Croatia,2019,0.8144164,크로아티아
197,Croatia,2020,0.80329037,크로아티아
198,Croatia,2021,0.8063701,크로아티아
199,Croatia,2022,0.82712007,크로아티아
200,Croatia,2023,0.8060638,크로아티아
201,Cuba,2017,0.6148803,쿠바
202,Cuba,2018,0.62382287,쿠바
203,Cuba,2019,0.6294978,쿠바
204,Cuba,2020,0.6454838,쿠바
205,Cuba,2021,0.6621617,쿠바
206,Cuba,2022,0.669998,쿠바
207,Cuba,2023,0.6561906,쿠바
208,Curacao,2016,0.6505029,퀴라소
209,Curacao,2017,0.7043707,퀴라소
210,Curacao,2018,0.695653,퀴라소
211,Curacao,2019,0.67442954,퀴라소
212,Curacao,2020,0.66484535,퀴라소
213,Curacao,2022,0.6854393,퀴라소
214,Curacao,2023,0.6585922,퀴라소
215,Cyprus,2015,0.6727142,키프로스
216,Cyprus,2016,0.6657002,키프로스
217,Cyprus,2017,0.59622824,키프로스
218,Cyprus,2018,0.605032,키프로스
219,Cyprus,2019,0.62058794,키프로스
220,Cyprus,2020,0.5926805,키프로스
221,Cyprus,2023,0.64021105,키프로스
222,Czech Republic,2015,0.7331301,체코
223,Czech Republic,2016,0.7435825,체코
224,Czech Republic,2018,0.7376359,체코
225,Czech Republic,2023,0.7393477,체코
226,Côte d'Ivoire,2015,0.8237517,코트디부아르
227,Côte d'Ivoire,2016,0.8245029,코트디부아르
228,Côte d'Ivoire,2017,0.88805723,코트디부아르
229,Côte d'Ivoire,2018,0.7854266,코트디부아르
230,Côte d'Ivoire,2020,0.78993124,코트디부아르
231,Denmark,2016,0.74278563,덴마크
232,Denmark,2017,0.7558416,덴마크
233,Denmark,2018,0.7711872,덴마크
234,Denmark,2020,0.7512994,덴마크
235,Denmark,2022,0.73484945,덴마크
236,Denmark,2023,0.73120487,덴마크
237,Dominican Republic,2017,0.6485163,도미니카공화국
238,Dominican Republic,2018,0.7285747,도미니카공화국
239,Dominican Republic,2019,0.71841043,도미니카공화국
240,Dominican Republic,2020,0.7127955,도미니카공화국
241,Dominican Republic,2021,0.6969814,도미니카공화국
242,Dominican Republic,2022,0.6856046,도미니카공화국
243,Dominican Republic,2023,0.71814406,도미니카공화국
244,Ecuador,2016,0.7346493,에콰도르
245,Ecuador,2019,0.7638888,에콰도르
246,Ecuador,2020,0.78960025,에콰도르
247,Ecuador,2021,0.77788424,에콰도르
248,Ecuador,2022,0.75766677,에콰도르
249,Egypt,2015,0.7274493,이집트
250,Egypt,2016,0.7360908,이집트
251,Egypt,2020,0.785051,이집트
252,Egypt,2021,0.8170242,이집트
253,Egypt,2022,0.80428886,이집트
254,Egypt,2023,0.76324874,이집트
255,El Salvador,2017,0.64330566,엘살바도르
256,El Salvador,2018,0.6699565,엘살바도르
257,El Salvador,2019,0.6166235,엘살바도르
258,El Salvador,2020,0.6257473,엘살바도르
259,England,2015,0.87228537,잉글랜드
260,England,2016,0.84953547,잉글랜드
261,England,2019,0.87933356,잉글랜드
262,England,2020,0.90094095,잉글랜드
263,England,2021,0.8814093,잉글랜드
264,England,2022,0.8807111,잉글랜드
265,England,2023,0.88845885,잉글랜드
266,Equatorial Guinea,2015,0.6642789,적도기니
267,Equatorial Guinea,2016,0.65928835,적도기니
268,Equatorial Guinea,2017,0.6207951,적도기니
269,Equatorial Guinea,2018,0.63929695,적도기니
270,Equatorial Guinea,2019,0.626958,적도기니
271,Equatorial Guinea,2022,0.61778295,적도기니
272,Eritrea,2017,0.682556,에리트레아
273,Eritrea,2018,0.6854104,에리트레아
274,Eritrea,2019,0.6776426,에리트레아
275,Eritrea,2020,0.6731911,에리트레아
276,Eritrea,2021,0.63227886,에리트레아
277,Eritrea,2022,0.674451,에리트레아
278,Estonia,2015,0.65114224,에스토니아
279,Estonia,2016,0.7012879,에스토니아
280,Estonia,2017,0.6558181,에스토니아
281,Estonia,2018,0.69096285,에스토니아
282,Estonia,2019,0.6056181,에스토니아
283,Ethiopia,2016,0.6026585,에티오피아
284,Ethiopia,2019,0.61030936,에티오피아
285,Ethiopia,2020,0.61700094,에티오피아
286,Ethiopia,2021,0.63688904,에티오피아
287,Ethiopia,2022,0.63851357,에티오피아
288,Ethiopia,2023,0.59413815,에티오피아
289,Faroe Islands,2020,0.5958954,페로제도
290,Faroe Islands,2021,0.5973931,페로제도
291,Faroe Islands,2022,0.58994985,페로제도
292,Faroe Islands,2023,0.6001456,페로제도
293,Fiji,2015,0.5451057,피지
294,Fiji,2016,0.6148378,피지
295,Fiji,2017,0.64101225,피지
296,Fiji,2018,0.66601557,피지
297,Fiji,2019,0.64963967,피지
298,Fiji,2022,0.68241686,피지
299,Fiji,2023,0.6736453,피지
300,Finland,2015,0.7030748,핀란드
301,Finland,2016,0.74185294,핀란드
302,Finland,2017,0.72435075,핀란드
303,Finland,2020,0.72300893,핀란드
304,Finland,2021,0.74245185,핀란드
305,Finland,2022,0.7425745,핀란드
306,Finland,2023,0.7266908,핀란드
307,France,2020,0.8148247,프랑스
308,France,2022,0.8162416,프랑스
309,France,2023,0.832891,프랑스
310,Gabon,2017,0.7928113,가봉
311,Gabon,2018,0.79569554,가봉
312,Gabon,2019,0.8189239,가봉
313,Gabon,2020,0.80056196,가봉
314,Gabon,2021,0.783243,가봉
315,Gabon,2022,0.8292496,가봉
316,Gabon,2023,0.8372528,가봉
317,Gambia,2015,0.6471816,감비아
318,Gambia,2019,0.63932186,감비아
319,Gambia,2020,0.64012307,감비아
320,Gambia,2021,0.63868606,감비아
321,Gambia,2022,0.6445369,감비아
322,Gambia,2023,0.65546167,감비아
323,Georgia,2016,0.65217936,조지아
324,Georgia,2017,0.65871793,조지아
325,Georgia,2018,0.6810798,조지아
326,Georgia,2019,0.6654949,조지아
327,Georgia,2022,0.66316855,조지아
328,Georgia,2023,0.69067025,조지아
329,Germany,2015,0.8310226,독일
330,Germany,2016,0.8879708,독일
331,Germany,2018,0.82138306,독일
332,Germany,2020,0.8197573,독일
333,Germany,2021,0.8157718,독일
334,Germany,2022,0.8171785,독일
335,Ghana,2015,0.7385051,가나
336,Ghana,2018,0.73567337,가나
337,Ghana,2019,0.73796946,가나
338,Ghana,2020,0.7401267,가나
339,Ghana,2021,0.72369957,가나
340,Ghana,2022,0.7299416,가나
341,Gibraltar,2015,0.4169281,지브롤터
342,Gibraltar,2016,0.4478519,지브롤터
343,Gibraltar,2017,0.49339473,지브롤터
344,Gibraltar,2018,0.60646766,지브롤터
345,Gibraltar,2022,0.5044443,지브롤터
346,Gibraltar,2023,0.52978426,지브롤터
347,Greece,2016,0.76722145,그리스
348,Greece,2017,0.76577336,그리스
349,Greece,2018,0.76732236,그리스
350,Greece,2019,0.73659045,그리스
351,Greece,2020,0.73977447,그리스
352,Grenada,2015,0.68772346,그레나다
353,Grenada,2016,0.5108525,그레나다
354,Grenada,2021,0.555093,그레나다
355,Grenada,2022,0.5288136,그레나다
356,Grenada,2023,0.56738985,그레나다
357,Guam,2015,0.49848294,괌
358,Guam,2016,0.49809483,괌
359,Guam,2017,0.51891935,괌
360,Guam,2018,0.52749807,괌
361,Guam,2019,0.51983577,괌
362,Guam,2020,0.49781483,괌
363,Guam,2021,0.492181,괌
364,Guatemala,2015,0.582734,과테말라
365,Guatemala,2016,0.5779357,과테말라
366,Guatemala,2017,0.6862602,과테말라
367,Guatemala,2022,0.52686334,과테말라
368,Guinea,2017,0.7039714,기니
369,Guinea,2018,0.7106151,기니
370,Guinea,2019,0.7026912,기니
371,Guinea,2021,0.6711271,기니
372,Guinea,2022,0.6844036,기니
373,Guinea,2023,0.6783766,기니
374,Guinea Bissau,2015,0.68528163,기니비사우
375,Guinea Bissau,2016,0.70300573,기니비사우
376,Guinea Bissau,2017,0.6928404,기니비사우
377,Guinea Bissau,2018,0.7024531,기니비사우
378,Guinea Bissau,2019,0.70262504,기니비사우
379,Guinea Bissau,2020,0.6870362,기니비사우
380,Guyana,2016,0.65537155,가이아나
381,Guyana,2017,0.60878026,가이아나
382,Guyana,2018,0.6590276,가이아나
383,Guyana,2019,0.6013393,가이아나
384,Guyana,2020,0.55404806,가이아나
385,Guyana,2022,0.57556176,가이아나
386,Haiti,2016,0.6783813,아이티
387,Haiti,2017,0.67353654,아이티
388,Haiti,2018,0.681654,아이티
389,Haiti,2019,0.65702355,아이티
390,Haiti,2021,0.6738821,아이티
391,Haiti,2022,0.64140505,아이티
392,Haiti,2023,0.6492533,아이티
393,Honduras,2019,0.6793576,온두라스
394,Honduras,2022,0.68008125,온두라스
395,Honduras,2023,0.6986505,온두라스
396,Hong Kong,2018,0.41796532,홍콩
397,Hong Kong,2019,0.58955324,홍콩
398,Hong Kong,2021,0.4749336,홍콩
399,Hong Kong,2022,0.44273722,홍콩
400,Hong Kong,2023,0.45055032,홍콩
401,Hungary,2015,0.7348424,헝가리
402,Hungary,2016,0.7454655,헝가리
403,Hungary,2018,0.7287218,헝가리
404,Hungary,2019,0.7514899,헝가리
405,Hungary,2020,0.75742495,헝가리
406,Iceland,2015,0.8131512,아이슬란드
407,Iceland,2016,0.75503767,아이슬란드
408,Iceland,2017,0.7368199,아이슬란드
409,Iceland,2018,0.74764943,아이슬란드
410,Iceland,2019,0.76422065,아이슬란드
411,Iceland,2020,0.7698584,아이슬란드
412,Iceland,2021,0.7528917,아이슬란드
413,India,2015,0.6788299,인도
414,India,2016,0.68263435,인도
415,India,2017,0.6680484,인도
416,India,2018,0.6648203,인도
417,India,2019,0.68550277,인도
418,India,2022,0.7054669,인도
419,India,2023,0.7015359,인도
420,Indonesia,2015,0.37939355,인도네시아
421,Indonesia,2016,0.3667173,인도네시아
422,Indonesia,2019,0.44684613,인도네시아
423,Indonesia,2020,0.44044647,인도네시아
424,Indonesia,2021,0.44683918,인도네시아
425,Indonesia,2022,0.44247332,인도네시아
426,Indonesia,2023,0.3461543,인도네시아
427,Iran,2019,0.7146183,이란
428,Iran,2021,0.70643145,이란
429,Iran,2022,0.7352933,이란
430,Iran,2023,0.7307648,이란
431,Iraq,2015,0.648311,이라크
432,Iraq,2016,0.6547539,이라크
433,Iraq,2018,0.6985849,이라크
434,Iraq,2019,0.6673217,이라크
435,Iraq,2021,0.65512496,이라크
436,Iraq,2022,0.66848105,이라크
437,Iraq,2023,0.64558035,이라크
438,Israel,2016,0.7388666,이스라엘
439,Israel,2019,0.7551408,이스라엘
440,Israel,2020,0.76051,이스라엘
441,Israel,2021,0.76397157,이스라엘
442,Israel,2022,0.792339,이스라엘
443,Israel,2023,0.7325872,이스라엘
444,Italy,2015,0.87782687,이탈리아
445,Italy,2016,0.87202597,이탈리아
446,Italy,2017,0.8758919,이탈리아
447,Italy,2019,0.87376094,이탈리아
448,Italy,2021,0.85161406,이탈리아
449,Jamaica,2015,0.7109403,자메이카
450,Jamaica,2016,0.7218231,자메이카
451,Jamaica,2022,0.7182729,자메이카
452,Jamaica,2023,0.71514666,자메이카
453,Japan,2016,0.7880542,일본
454,Japan,2017,0.79977584,일본
455,Japan,2018,0.8018984,일본
456,Japan,2019,0.7884736,일본
457,Japan,2022,0.7909555,일본
458,Jordan,2015,0.60729617,요르단
459,Jordan,2016,0.6175388,요르단
460,Jordan,2021,0.5739327,요르단
461,Jordan,2022,0.57934,요르단
462,Kazakhstan,2015,0.59052145,카자흐스탄
463,Kazakhstan,2016,0.5914024,카자흐스탄
464,Kazakhstan,2021,0.5674397,카자흐스탄
465,Kazakhstan,2022,0.5758368,카자흐스탄
466,Kazakhstan,2023,0.56271935,카자흐스탄
467,Kenya,2015,0.63933265,케냐
468,Kenya,2016,0.6459912,케냐
469,Kenya,2017,0.632915,케냐
470,Kenya,2018,0.72101855,케냐
471,Kenya,2019,0.6525282,케냐
472,Kenya,2021,0.70476586,케냐
473,Korea DPR,2015,0.6677327,북한
474,Korea DPR,2018,0.6624114,북한
475,Korea DPR,2019,0.70785147,북한
476,Korea DPR,2020,0.6526563,북한
477,Korea DPR,2023,0.7126313,북한
478,Korea Republic,2015,0.85286003,대한민국
479,Korea Republic,2016,0.9065097,대한민국
480,Korea Republic,2018,0.7914304,대한민국
481,Korea Republic,2020,0.7784743,대한민국
482,Korea Republic,2021,0.80879396,대한민국
483,Korea Republic,2022,0.7912473,대한민국
484,Korea Republic,2023,0.82066435,대한민국
485,Kosovo,2015,0.7186511,코소보
486,Kosovo,2017,0.72038126,코소보
487,Kosovo,2018,0.7196234,코소보
488,Kosovo,2019,0.7028151,코소보
489,Kosovo,2021,0.7126398,코소보
490,Kuwait,2015,0.5084904,쿠웨이트
491,Kuwait,2016,0.5978549,쿠웨이트
492,Kuwait,2017,0.561327,쿠웨이트
493,Kuwait,2018,0.44111967,쿠웨이트
494,Kyrgyzstan,2015,0.26104507,키르기스스탄
495,Kyrgyzstan,2016,0.20373765,키르기스스탄
496,Kyrgyzstan,2017,0.2053337,키르기스스탄
497,Kyrgyzstan,2018,0.5574817,키르기스스탄
498,Kyrgyzstan,2022,0.595218,키르기스스탄
499,Latvia,2015,0.6557256,라트비아
500,Latvia,2016,0.68015754,라트비아
501,Latvia,2017,0.6664952,라트비아
502,Latvia,2018,0.6986965,라트비아
503,Latvia,2023,0.62459284,라트비아
504,Lebanon,2015,0.5731451,레바논
505,Lebanon,2018,0.57618874,레바논
506,Lebanon,2021,0.5867655,레바논
507,Lebanon,2022,0.55057603,레바논
508,Lebanon,2023,0.5643205,레바논
509,Liberia,2015,0.61867595,라이베리아
510,Liberia,2018,0.6217216,라이베리아
511,Liberia,2020,0.6194797,라이베리아
512,Liberia,2021,0.61951333,라이베리아
513,Liberia,2022,0.6202499,라이베리아
514,Libya,2015,0.57158464,리비아
515,Libya,2016,0.5879066,리비아
516,Libya,2019,0.6458301,리비아
517,Libya,2020,0.65268004,리비아
518,Libya,2021,0.6528603,리비아
519,Libya,2022,0.6530835,리비아
520,Libya,2023,0.66145444,리비아
521,Liechtenstein,2015,0.5988627,리히텐슈타인
522,Liechtenstein,2016,0.6098616,리히텐슈타인
523,Liechtenstein,2017,0.61300206,리히텐슈타인
524,Liechtenstein,2018,0.5535518,리히텐슈타인
525,Liechtenstein,2019,0.54984504,리히텐슈타인
526,Liechtenstein,2020,0.5711352,리히텐슈타인
527,Lithuania,2015,0.69540113,리투아니아
528,Lithuania,2017,0.65453047,리투아니아
529,Lithuania,2018,0.642618,리투아니아
530,Lithuania,2019,0.6365846,리투아니아
531,Lithuania,2022,0.65870416,리투아니아
532,Luxembourg,2016,0.6179045,룩셈부르크
533,Luxembourg,2021,0.60261786,룩셈부르크
534,Luxembourg,2022,0.62012184,룩셈부르크
535,Luxembourg,2023,0.62783545,룩셈부르크
536,Macau,2020,0.40192562,마카오
537,Macau,2021,0.39773807,마카오
538,Madagascar,2015,0.6017205,마다가스카르
539,Madagascar,2016,0.6177068,마다가스카르
540,Madagascar,2017,0.6567972,마다가스카르
541,Madagascar,2018,0.69932663,마다가스카르
542,Madagascar,2019,0.66172546,마다가스카르
543,Madagascar,2020,0.61974925,마다가스카르
544,Madagascar,2021,0.6787941,마다가스카르
545,Malawi,2020,0.5979487,말라위
546,Malawi,2021,0.6594116,말라위
547,Malawi,2022,0.51288414,말라위
548,Malaysia,2021,0.5212129,말레이시아
549,Malaysia,2022,0.5014934,말레이시아
550,Mali,2015,0.749325,말리
551,Mali,2016,0.7479328,말리
552,Mali,2018,0.73048776,말리
553,Mali,2019,0.7338102,말리
554,Mali,2020,0.740154,말리
555,Mali,2021,0.75296897,말리
556,Mali,2022,0.74163926,말리
557,Malta,2015,0.59215915,몰타
558,Malta,2017,0.5965242,몰타
559,Malta,2022,0.6318971,몰타
560,Malta,2023,0.6106539,몰타
561,Mauritania,2015,0.60190994,모리타니
562,Mauritania,2016,0.6103613,모리타니
563,Mauritania,2017,0.59326357,모리타니
564,Mauritania,2021,0.54522777,모리타니
565,Mauritania,2023,0.5928057,모리타니
566,Mauritius,2016,0.5163123,모리셔스
567,Mauritius,2017,0.5153135,모리셔스
568,Mauritius,2018,0.5165252,모리셔스
569,Mauritius,2019,0.44290793,모리셔스
570,Mauritius,2020,0.50307226,모리셔스
571,Mauritius,2022,0.44034934,모리셔스
572,Mauritius,2023,0.43114802,모리셔스
573,Mexico,2015,0.78625065,멕시코
574,Mexico,2016,0.7745828,멕시코
575,Mexico,2017,0.78296715,멕시코
576,Mexico,2021,0.8068898,멕시코
577,Mexico,2022,0.7910907,멕시코
578,Moldova,2015,0.6766755,몰도바
579,Moldova,2017,0.6390128,몰도바
580,Moldova,2018,0.63355523,몰도바
581,Moldova,2019,0.62468904,몰도바
582,Moldova,2021,0.6238224,몰도바
583,Moldova,2022,0.70535123,몰도바
584,Moldova,2023,0.6350007,몰도바
585,Montenegro,2015,0.76697886,세르비아 몬테네그로
586,Montenegro,2016,0.74352235,세르비아 몬테네그로
587,Montenegro,2017,0.75040585,세르비아 몬테네그로
588,Montenegro,2018,0.76413035,세르비아 몬테네그로
589,Montenegro,2019,0.7436501,세르비아 몬테네그로
590,Montenegro,2020,0.7449956,세르비아 몬테네그로
591,Montserrat,2016,0.61393285,몬트세랫
592,Montserrat,2018,0.6088123,몬트세랫
593,Montserrat,2019,0.6213299,몬트세랫
594,Montserrat,2020,0.6591982,몬트세랫
595,Montserrat,2021,0.66950536,몬트세랫
596,Montserrat,2022,0.66554916,몬트세랫
597,Montserrat,2023,0.6783915,몬트세랫
598,Morocco,2016,0.75197715,모로코
599,Morocco,2020,0.7587588,모로코
600,Morocco,2021,0.7858095,모로코
601,Morocco,2022,0.7870985,모로코
602,Mozambique,2015,0.65088683,모잠비크
603,Mozambique,2016,0.6123884,모잠비크
604,Mozambique,2017,0.59233016,모잠비크
605,Mozambique,2018,0.58085465,모잠비크
606,Mozambique,2019,0.58019006,모잠비크
607,Mozambique,2023,0.5884287,모잠비크
608,Namibia,2020,0.6230531,나미비아
609,Namibia,2021,0.6405463,나미비아
610,Namibia,2022,0.65459657,나미비아
611,Namibia,2023,0.6984664,나미비아
612,Netherlands,2015,0.8319548,네덜란드
613,Netherlands,2016,0.80249786,네덜란드
614,Netherlands,2019,0.804347,네덜란드
615,Netherlands,2021,0.80359757,네덜란드
616,New Caledonia,2015,0.5592092,뉴칼레도니아
617,New Caledonia,2016,0.55862844,뉴칼레도니아
618,New Caledonia,2017,0.5891283,뉴칼레도니아
619,New Caledonia,2018,0.5960665,뉴칼레도니아
620,New Caledonia,2020,0.56827784,뉴칼레도니아
621,New Zealand,2018,0.6950502,뉴질랜드
622,New Zealand,2019,0.71065485,뉴질랜드
623,New Zealand,2020,0.6866471,뉴질랜드
624,New Zealand,2021,0.7440628,뉴질랜드
625,New Zealand,2022,0.7615234,뉴질랜드
626,New Zealand,2023,0.73101646,뉴질랜드
627,Nicaragua,2016,0.5383618,니카라과
628,Nicaragua,2019,0.50013757,니카라과
629,Nicaragua,2021,0.50796276,니카라과
630,Niger,2015,0.6511424,니제르
631,Niger,2017,0.6945637,니제르
632,Niger,2018,0.66585976,니제르
633,Niger,2019,0.6318263,니제르
634,Niger,2022,0.63269424,니제르
635,Nigeria,2015,0.76079047,나이지리아
636,Nigeria,2016,0.7734396,나이지리아
637,Nigeria,2017,0.7733184,나이지리아
638,Nigeria,2021,0.7651327,나이지리아
639,Nigeria,2022,0.75442773,나이지리아
640,Nigeria,2023,0.7641476,나이지리아
641,North Macedonia,2015,0.75489455,북마케도니아
642,North Macedonia,2016,0.7579721,북마케도니아
643,North Macedonia,2019,0.7217721,북마케도니아
644,North Macedonia,2020,0.7223983,북마케도니아
645,North Macedonia,2022,0.7450669,북마케도니아
646,Northern Ireland,2016,0.72009814,북아일랜드
647,Northern Ireland,2017,0.7077068,북아일랜드
648,Northern Ireland,2018,0.6997277,북아일랜드
649,Northern Ireland,2019,0.7055592,북아일랜드
650,Northern Ireland,2020,0.70461375,북아일랜드
651,Northern Ireland,2021,0.7254202,북아일랜드
652,Norway,2015,0.76387185,노르웨이
653,Norway,2016,0.7484051,노르웨이
654,Norway,2018,0.72501355,노르웨이
655,Norway,2020,0.7333815,노르웨이
656,Norway,2021,0.77368337,노르웨이
657,Norway,2022,0.7806251,노르웨이
658,Norway,2023,0.7677495,노르웨이
659,Oman,2015,0.27109185,오만
660,Oman,2016,0.39081255,오만
661,Oman,2017,0.20465185,오만
662,Oman,2018,0.20642689,오만
663,Oman,2019,0.20694031,오만
664,Palestine,2015,0.619935,팔레스타인
665,Palestine,2016,0.6791504,팔레스타인
666,Palestine,2017,0.6716166,팔레스타인
667,Palestine,2018,0.67734617,팔레스타인
668,Palestine,2020,0.6209404,팔레스타인
669,Palestine,2021,0.64461005,팔레스타인
670,Palestine,2023,0.6209417,팔레스타인
671,Panama,2015,0.66909736,파나마
672,Panama,2016,0.70635915,파나마
673,Panama,2017,0.6812647,파나마
674,Panama,2019,0.6607484,파나마
675,Panama,2021,0.6845604,파나마
676,Panama,2022,0.66727626,파나마
677,Papua New Guinea,2017,0.44922936,파푸아뉴기니
678,Papua New Guinea,2021,0.5627176,파푸아뉴기니
679,Papua New Guinea,2022,0.5108326,파푸아뉴기니
680,Papua New Guinea,2023,0.5187263,파푸아뉴기니
681,Paraguay,2015,0.8024542,파라과이
682,Paraguay,2016,0.7759468,파라과이
683,Paraguay,2020,0.7755054,파라과이
684,Paraguay,2021,0.78457505,파라과이
685,Paraguay,2022,0.80900216,파라과이
686,Paraguay,2023,0.77317274,파라과이
687,Peru,2015,0.7803865,페루
688,Peru,2017,0.8185362,페루
689,Peru,2019,0.788685,페루
690,Peru,2020,0.81620115,페루
691,Peru,2022,0.7731051,페루
692,Peru,2023,0.75234383,페루
693,Philippines,2015,0.57582784,필리핀
694,Philippines,2016,0.5664043,필리핀
695,Philippines,2017,0.5627644,필리핀
696,Philippines,2022,0.5770135,필리핀
697,Philippines,2023,0.5973666,필리핀
698,Poland,2017,0.78159416,폴란드
699,Poland,2018,0.8238756,폴란드
700,Poland,2019,0.8355086,폴란드
701,Poland,2020,0.81067467,폴란드
702,Poland,2021,0.85277283,폴란드
703,Poland,2022,0.8578781,폴란드
704,Poland,2023,0.88543403,폴란드
705,Portugal,2015,0.8630905,포르투갈
706,Portugal,2016,0.8489413,포르투갈
707,Portugal,2019,0.8661827,포르투갈
708,Portugal,2020,0.8513113,포르투갈
709,Portugal,2022,0.87355053,포르투갈
710,Portugal,2023,0.9228707,포르투갈
711,Puerto Rico,2016,0.6081723,푸에르토리코
712,Puerto Rico,2017,0.48183456,푸에르토리코
713,Puerto Rico,2020,0.45350856,푸에르토리코
714,Puerto Rico,2021,0.45047665,푸에르토리코
715,Puerto Rico,2022,0.45433408,푸에르토리코
716,Puerto Rico,2023,0.5221593,푸에르토리코
717,Qatar,2023,0.63432616,카타르
718,Republic of Ireland,2015,0.7902244,아일랜드
719,Republic of Ireland,2016,0.7742608,아일랜드
720,Republic of Ireland,2017,0.7693005,아일랜드
721,Romania,2015,0.75420034,루마니아
722,Romania,2016,0.7479887,루마니아
723,Romania,2017,0.7344872,루마니아
724,Romania,2018,0.730589,루마니아
725,Romania,2019,0.7309088,루마니아
726,Romania,2021,0.7227771,루마니아
727,Russia,2015,0.7531784,러시아
728,Russia,2016,0.7692431,러시아
729,Russia,2019,0.7731996,러시아
730,Russia,2021,0.75116354,러시아
731,Russia,2022,0.7515503,러시아
732,Russia,2023,0.76668584,러시아
733,Rwanda,2016,0.40896237,르완다
734,Rwanda,2019,0.53689516,르완다
735,Rwanda,2020,0.42426872,르완다
736,Rwanda,2021,0.53800535,르완다
737,Saint Kitts and Nevis,2015,0.62589306,세인트키츠 네비스
738,Saint Kitts and Nevis,2016,0.6424907,세인트키츠 네비스
739,Saint Kitts and Nevis,2017,0.59007144,세인트키츠 네비스
740,Saint Kitts and Nevis,2018,0.59324443,세인트키츠 네비스
741,Saint Kitts and Nevis,2019,0.579645,세인트키츠 네비스
742,Saint Lucia,2015,0.39303356,세인트루시아
743,Saint Lucia,2016,0.3971473,세인트루시아
744,Saint Lucia,2017,0.393694,세인트루시아
745,Saint Lucia,2018,0.39240265,세인트루시아
746,Saint Lucia,2019,0.3899657,세인트루시아
747,Saint Lucia,2020,0.39399734,세인트루시아
748,Saint Lucia,2023,0.43989784,세인트루시아
749,Saint Vincent and the Grenadines,2017,0.5829741,세인트빈센트 그레나딘
750,San Marino,2018,0.15314017,산마리노
751,Saudi Arabia,2015,0.7377827,사우디아라비아
752,Saudi Arabia,2016,0.8316548,사우디아라비아
753,Saudi Arabia,2017,0.7461739,사우디아라비아
754,Saudi Arabia,2018,0.74879706,사우디아라비아
755,Scotland,2015,0.7764542,스코틀랜드
756,Scotland,2016,0.7709181,스코틀랜드
757,Scotland,2017,0.74589926,스코틀랜드
758,Scotland,2019,0.7437139,스코틀랜드
759,Senegal,2015,0.77408314,세네갈
760,Senegal,2016,0.7718039,세네갈
761,Senegal,2017,0.77121794,세네갈
762,Senegal,2021,0.7784884,세네갈
763,Senegal,2023,0.76885206,세네갈
764,Serbia,2016,0.7732838,세르비아
765,Serbia,2020,0.7774745,세르비아
766,Serbia,2021,0.7761677,세르비아
767,Serbia,2022,0.79721946,세르비아
768,Serbia,2023,0.81669617,세르비아
769,Sierra Leone,2016,0.741026,시에라리온
770,Sierra Leone,2017,0.73385316,시에라리온
771,Sierra Leone,2018,0.70854837,시에라리온
772,Sierra Leone,2019,0.70503145,시에라리온
773,Sierra Leone,2020,0.7040426,시에라리온
774,Sierra Leone,2021,0.70950675,시에라리온
775,Sierra Leone,2023,0.71542144,시에라리온
776,Singapore,2023,0.48572367,싱가포르
777,Slovakia,2015,0.7174753,슬로바키아
778,Slovakia,2016,0.7263957,슬로바키아
779,Slovakia,2017,0.73229873,슬로바키아
780,Slovakia,2018,0.73015165,슬로바키아
781,Slovakia,2019,0.7423899,슬로바키아
782,Slovakia,2021,0.71743983,슬로바키아
783,Slovakia,2023,0.7254759,슬로바키아
784,Slovenia,2015,0.7440016,슬로베니아
785,Slovenia,2016,0.74745345,슬로베니아
786,Slovenia,2017,0.7439765,슬로베니아
787,Slovenia,2020,0.7540106,슬로베니아
788,Slovenia,2021,0.77817774,슬로베니아
789,Slovenia,2022,0.7650823,슬로베니아
790,Somalia,2017,0.57427114,소말리아
791,Somalia,2018,0.60243356,소말리아
792,South Africa,2016,0.71633625,남아프리카 공화국
793,South Africa,2018,0.74541605,남아프리카 공화국
794,South Africa,2019,0.77634406,남아프리카 공화국
795,South Africa,2022,0.73051137,남아프리카 공화국
796,South Sudan,2019,0.54973006,남수단
797,South Sudan,2020,0.5052919,남수단
798,South Sudan,2021,0.5031506,남수단
799,South Sudan,2022,0.5157757,남수단
800,South Sudan,2023,0.5140757,남수단
801,Spain,2016,0.8357069,스페인
802,Spain,2019,0.8433069,스페인
803,Spain,2020,0.8542557,스페인
804,Spain,2021,0.86322945,스페인
805,Spain,2022,0.86379236,스페인
806,Spain,2023,0.8456223,스페인
807,Sri Lanka,2018,0.5257431,스리랑카
808,Sudan,2015,0.5975679,수단
809,Sudan,2019,0.60871196,수단
810,Sudan,2020,0.61373675,수단
811,Sudan,2021,0.62285924,수단
812,Sudan,2022,0.60456526,수단
813,Sudan,2023,0.61013144,수단
814,Suriname,2016,0.6531756,수리남
815,Suriname,2017,0.67670083,수리남
816,Suriname,2022,0.65961254,수리남
817,Suriname,2023,0.67353004,수리남
818,Swaziland,2018,0.51963216,에스와티니
819,Sweden,2015,0.8785868,스웨덴
820,Sweden,2016,0.87245744,스웨덴
821,Sweden,2017,0.907367,스웨덴
822,Sweden,2019,0.8421979,스웨덴
823,Sweden,2020,0.8457983,스웨덴
824,Sweden,2021,0.84750146,스웨덴
825,Sweden,2023,0.8672698,스웨덴
826,Switzerland,2015,0.73906153,스위스
827,Switzerland,2016,0.72889084,스위스
828,Switzerland,2017,0.7293761,스위스
829,Switzerland,2020,0.72887754,스위스
830,Switzerland,2022,0.74553484,스위스
831,Switzerland,2023,0.74392354,스위스
832,Syria,2016,0.74163514,시리아
833,Syria,2017,0.73123384,시리아
834,Syria,2018,0.7534449,시리아
835,Syria,2019,0.74892026,시리아
836,Syria,2020,0.7631473,시리아
837,Syria,2021,0.76742727,시리아
838,Syria,2022,0.76616853,시리아
839,São Tomé e Príncipe,2017,0.7238788,상투메 프린시페
840,São Tomé e Príncipe,2018,0.6172153,상투메 프린시페
841,São Tomé e Príncipe,2019,0.710407,상투메 프린시페
842,São Tomé e Príncipe,2020,0.68497396,상투메 프린시페
843,São Tomé e Príncipe,2021,0.6907476,상투메 프린시페
844,São Tomé e Príncipe,2023,0.69840056,상투메 프린시페
845,Tajikistan,2017,0.4850574,타지키스탄
846,Tanzania,2017,0.6556228,탄자니아
847,Tanzania,2018,0.6639434,탄자니아
848,Tanzania,2019,0.6710194,탄자니아
849,Tanzania,2020,0.7262849,탄자니아
850,Tanzania,2021,0.7054457,탄자니아
851,Tanzania,2022,0.65166396,탄자니아
852,Tanzania,2023,0.6609825,탄자니아
853,Thailand,2015,0.60969454,태국
854,Thailand,2019,0.6311698,태국
855,Thailand,2020,0.5958142,태국
856,Thailand,2021,0.6053775,태국
857,Thailand,2022,0.5601643,태국
858,Timor-Leste,2016,0.54678786,동티모르
859,Togo,2015,0.77833104,토고
860,Togo,2018,0.75208116,토고
861,Togo,2019,0.7657422,토고
862,Togo,2021,0.7089503,토고
863,Togo,2022,0.70843476,토고
864,Togo,2023,0.7116057,토고
865,Trinidad and Tobago,2015,0.6879015,트리니다드 토바고
866,Trinidad and Tobago,2016,0.72828424,트리니다드 토바고
867,Trinidad and Tobago,2018,0.66406107,트리니다드 토바고
868,Trinidad and Tobago,2022,0.67042524,트리니다드 토바고
869,Trinidad and Tobago,2023,0.6600097,트리니다드 토바고
870,Tunisia,2017,0.7334034,튀니지
871,Tunisia,2019,0.73609877,튀니지
872,Tunisia,2020,0.73598677,튀니지
873,Tunisia,2021,0.7250559,튀니지
874,Tunisia,2022,0.7425543,튀니지
875,Tunisia,2023,0.7306535,튀니지
876,Turkey,2015,0.8128509,터키
877,Turkey,2016,0.78180116,터키
878,Turkey,2017,0.77355283,터키
879,Turkey,2020,0.7762686,터키
880,Turkey,2021,0.79562104,터키
881,Turkey,2022,0.8043158,터키
882,Turkey,2023,0.80250907,터키
883,Turkmenistan,2015,0.5228727,투르크메니스탄
884,Turkmenistan,2018,0.59637403,투르크메니스탄
885,Uganda,2016,0.6263137,우간다
886,Uganda,2017,0.6122031,우간다
887,Uganda,2021,0.60251707,우간다
888,Uganda,2022,0.6264087,우간다
889,Uganda,2023,0.6417973,우간다
890,Ukraine,2017,0.75076216,우크라이나
891,Ukraine,2021,0.7742369,우크라이나
892,Ukraine,2022,0.78608966,우크라이나
893,Ukraine,2023,0.8052061,우크라이나
894,United Arab Emirates,2019,0.63305384,아랍에미리트
895,United Arab Emirates,2021,0.6402704,아랍에미리트
896,United Arab Emirates,2022,0.6244099,아랍에미리트
897,United Arab Emirates,2023,0.68348783,아랍에미리트
898,United States,2015,0.76645327,미국
899,United States,2016,0.75088334,미국
900,United States,2017,0.7791439,미국
901,United States,2018,0.7614029,미국
902,United States,2019,0.7374372,미국
903,Uruguay,2015,0.83216393,우루과이
904,Uruguay,2017,0.84903926,우루과이
905,Uruguay,2018,0.83827454,우루과이
906,Uruguay,2019,0.8380522,우루과이
907,Uruguay,2022,0.8342558,우루과이
908,Uruguay,2023,0.83709097,우루과이
909,Uzbekistan,2016,0.6437423,우즈베키스탄
910,Uzbekistan,2017,0.670669,우즈베키스탄
911,Uzbekistan,2019,0.6703708,우즈베키스탄
912,Uzbekistan,2020,0.673839,우즈베키스탄
913,Uzbekistan,2021,0.6753422,우즈베키스탄
914,Uzbekistan,2022,0.67576545,우즈베키스탄
915,Uzbekistan,2023,0.69458413,우즈베키스탄
916,Venezuela,2015,0.75468516,베네수엘라
917,Venezuela,2016,0.78239405,베네수엘라
918,Venezuela,2020,0.76620793,베네수엘라
919,Venezuela,2021,0.76368326,베네수엘라
920,Venezuela,2022,0.76268756,베네수엘라
921,Venezuela,2023,0.75368464,베네수엘라
922,Vietnam,2017,0.46871856,베트남
923,Vietnam,2018,0.47864324,베트남
924,Vietnam,2020,0.5427763,베트남
925,Vietnam,2022,0.16074345,베트남
926,Vietnam,2023,0.5285383,베트남
927,Wales,2015,0.7812471,웨일스
928,Wales,2017,0.8161799,웨일스
929,Wales,2018,0.8218092,웨일스
930,Wales,2019,0.8100878,웨일스
931,Wales,2020,0.7765468,웨일스
932,Wales,2021,0.77921754,웨일스
933,Wales,2022,0.8019501,웨일스
934,Zambia,2020,0.66814566,잠비아
935,Zambia,2021,0.70355767,잠비아
936,Zambia,2022,0.7015815,잠비아
937,Zambia,2023,0.6824675,잠비아
938,Zimbabwe,2017,0.70376813,짐바브웨
939,Zimbabwe,2018,0.70352656,짐바브웨
940,Zimbabwe,2019,0.7105415,짐바브웨
941,Zimbabwe,2020,0.70548904,짐바브웨
942,Zimbabwe,2023,0.7227248,짐바브웨
