Year,Nation,이름,포지션,소속/국가,나이,키,가치
2026,스페인,Alex Remiro,골키퍼,Real Sociedad,30.0,192.0,€1729.1만
2026,스페인,David Raya,골키퍼,Arsenal,30.0,183.0,€4088.5만
2026,스페인,Unai Simon,골키퍼,Athletic Club,28.0,190.0,€3147.3만
2026,스페인,Daniel Carvajal,수비수,Real Madrid,33.0,173.0,€521.3만
2026,스페인,Daniel Vivian,수비수,Athletic Club,26.0,183.0,€4406.1만
2026,스페인,Dean Huijsen,수비수,Real Madrid,20.0,195.0,€6451.7만
2026,스페인,Marc Cucurella,수비수,Chelsea,27.0,177.0,€4700.3만
2026,스페인,Pau Cubarsi,수비수,Barcelona,18.0,184.0,€1.3억
2026,스페인,Pedro Porro,수비수,Tottenham Hotspur,26.0,176.0,€4828.4만
2026,스페인,Robin Le Normand,수비수,Atletico Madrid,28.0,187.0,€3996.2만
2026,스페인,Aleix Garcia,미드필더,Bayer Leverkusen,28.0,173.0,€2124만
2026,스페인,Alejandro Grimaldo,미드필더,Bayer Leverkusen,30.0,171.0,€2847.6만
2026,스페인,Dani Olmo,미드필더,Barcelona,27.0,180.0,€5553만
2026,스페인,Fabián Ruiz,미드필더,Paris Saint-Germain,29.0,189.0,€2818.1만
2026,스페인,Fermin Lopez,미드필더,Barcelona,22.0,176.0,€5705.9만
2026,스페인,Gavi,미드필더,Barcelona,21.0,173.0,€6586.3만
2026,스페인,Martin Zubimendi,미드필더,Arsenal,26.0,180.0,€6631.3만
2026,스페인,Mikel Merino,미드필더,Arsenal,29.0,187.0,€3955.9만
2026,스페인,Pedri,미드필더,Barcelona,22.0,174.0,€1.4억
2026,스페인,Rodri,미드필더,Manchester City,29.0,190.0,€9192.3만
2026,스페인,Yéremi Pino,미드필더,Crystal Palace,22.0,172.0,€3440.6만
2026,스페인,Álvaro Morata,공격수,Como,32.0,189.0,€1005.3만
2026,스페인,Ferran Torres,공격수,Barcelona,25.0,184.0,€3649.1만
2026,스페인,Jesus Rodriguez,공격수,Como,19.0,188.0,€3300만
2026,스페인,Jorge de Frutos,공격수,Rayo Vallecano,28.0,173.0,€402.7만
2026,스페인,Lamine Yamal,공격수,Barcelona,18.0,180.0,€1.8억
2026,스페인,Mikel Oyarzabal,공격수,Real Sociedad,28.0,180.0,€4105만
2026,스페인,Nico Williams,공격수,Athletic Club,23.0,181.0,€7289.1만
2026,프랑스,Brice Samba,골키퍼,Rennes,31.0,186.0,€1340.9만
2026,프랑스,Lucas Chevalier,골키퍼,Paris Saint-Germain,23.0,189.0,€3791.4만
2026,프랑스,Mike Maignan,골키퍼,Milan,30.0,191.0,€1548.5만
2026,프랑스,Benjamin Pavard,수비수,Marseille,29.0,186.0,€2415.9만
2026,프랑스,Dayot Upamecano,수비수,Bayern München,26.0,185.0,€3382.4만
2026,프랑스,Ibrahima Konaté,수비수,Liverpool,26.0,192.0,€4046.7만
2026,프랑스,Jules Koundé,수비수,Barcelona,26.0,180.0,€5692.6만
2026,프랑스,Lucas Digne,수비수,Aston Villa,32.0,178.0,€1405만
2026,프랑스,Lucas Hernández,수비수,Paris Saint-Germain,29.0,183.0,€2451.1만
2026,프랑스,Malo Gusto,수비수,Chelsea,22.0,179.0,€3066.9만
2026,프랑스,Theo Hernández,수비수,Al Hilal,27.0,184.0,€3671.5만
2026,프랑스,Adrien Rabiot,미드필더,Milan,30.0,191.0,€1460.9만
2026,프랑스,Aurélien Tchouaméni,미드필더,Real Madrid,25.0,185.0,€7587.1만
2026,프랑스,Khéphren Thuram-Ulien,미드필더,Juventus,24.0,191.0,€4083.8만
2026,프랑스,Kouadio Koné,미드필더,Roma,24.0,180.0,€4321.6만
2026,프랑스,Bradley Barcola,공격수,Paris Saint-Germain,23.0,182.0,€7150.6만
2026,프랑스,Désiré Doué,공격수,Paris Saint-Germain,20.0,178.0,€1.1억
2026,프랑스,Hugo Ekitike,공격수,Liverpool,23.0,190.0,€7527.1만
2026,프랑스,Kingsley Coman,공격수,Al Nassr FC,29.0,181.0,€3031.8만
2026,프랑스,Kylian Mbappé,공격수,Real Madrid,26.0,178.0,€1.5억
2026,프랑스,Maghnes Akliouche,공격수,Monaco,23.0,175.0,€4491.5만
2026,프랑스,Marcus Thuram,공격수,Inter,28.0,188.0,€6486.1만
2026,프랑스,Michael Olise,공격수,Bayern München,23.0,184.0,€7904.4만
2026,프랑스,Ousmane Dembélé,공격수,Paris Saint-Germain,28.0,178.0,€9526.5만
2026,아르헨티나,Emiliano Martinez,골키퍼,Aston Villa,33.0,195.0,€1885.2만
2026,아르헨티나,Geronimo Rulli,골키퍼,Marseille,33.0,189.0,€376.7만
2026,아르헨티나,Walter Benitez,골키퍼,Crystal Palace,32.0,191.0,€590.8만
2026,아르헨티나,Cristian Romero,수비수,Tottenham Hotspur,27.0,185.0,€5035.9만
2026,아르헨티나,Facundo Medina,수비수,Marseille,26.0,184.0,€2534.9만
2026,아르헨티나,Gonzalo Montiel,수비수,River Plate,28.0,175.0,€398.8만
2026,아르헨티나,Juan Foyth,수비수,Villarreal,27.0,179.0,€1605.8만
2026,아르헨티나,Julio Soler,수비수,AFC Bournemouth,20.0,175.0,€1310.5만
2026,아르헨티나,Leonardo Balerdi,수비수,Marseille,26.0,187.0,€2235.9만
2026,아르헨티나,Marcos Acuna,수비수,River Plate,33.0,172.0,€170.8만
2026,아르헨티나,Nahuel Molina,수비수,Atletico Madrid,27.0,175.0,€1858.3만
2026,아르헨티나,Nicolás Otamendi,수비수,Benfica,37.0,183.0,€93.6만
2026,아르헨티나,Nicolás Tagliafico,수비수,Lyon,33.0,169.0,€447.1만
2026,아르헨티나,Alan Varela,미드필더,FC Porto,24.0,177.0,€3734만
2026,아르헨티나,Alexis Mac Allister,미드필더,Liverpool,26.0,174.0,€1.3억
2026,아르헨티나,Claudio Echeverri,미드필더,Bayer Leverkusen,19.0,170.0,€2206.2만
2026,아르헨티나,Exequiel Palacios,미드필더,Bayer Leverkusen,26.0,177.0,€3997.2만
2026,아르헨티나,Giovani Lo Celso,미드필더,Real Betis,29.0,177.0,€1535.9만
2026,아르헨티나,Giuliano Simeone,미드필더,Atletico Madrid,22.0,180.0,€2645.3만
2026,아르헨티나,Leandro Paredes,미드필더,Boca Juniors,31.0,180.0,€395만
2026,아르헨티나,Nico Paz,미드필더,Como,21.0,186.0,€4423.9만
2026,아르헨티나,Rodrigo De Paul,미드필더,Inter Miami CF,31.0,178.0,€1440.8만
2026,아르헨티나,Ángel Correa,공격수,Tigres,30.0,173.0,€909.5만
2026,아르헨티나,Franco Mastantuono,공격수,Real Madrid,18.0,180.0,€3596.5만
2026,아르헨티나,Jose Lopez,공격수,Palmeiras,24.0,188.0,€1500만
2026,아르헨티나,Julián Álvarez,공격수,Atletico Madrid,25.0,170.0,€9599.6만
2026,아르헨티나,Lautaro Martinez,공격수,Inter,28.0,174.0,€1억
2026,아르헨티나,Lionel Messi,공격수,Inter Miami CF,38.0,170.0,€764.3만
2026,아르헨티나,Nicolás González,공격수,Atletico Madrid,27.0,180.0,€2244.5만
2026,아르헨티나,Thiago Almada,공격수,Atletico Madrid,24.0,171.0,€2525.5만
2026,아르헨티나,Valentin Carboni,공격수,Genoa,20.0,178.0,€1586만
2026,영국,Dean Henderson,골키퍼,Crystal Palace,28.0,188.0,€2586.8만
2026,영국,James Trafford,골키퍼,Manchester City,22.0,197.0,€2933.5만
2026,영국,Jordan Pickford,골키퍼,Everton,31.0,185.0,€1558.3만
2026,영국,Daniel Burn,수비수,Newcastle United,33.0,201.0,€708.5만
2026,영국,Djed Spence,수비수,Tottenham Hotspur,25.0,184.0,€2538.2만
2026,영국,Ezri Konsa,수비수,Aston Villa,27.0,183.0,€4422.3만
2026,영국,Jarell Quansah,수비수,Bayer Leverkusen,22.0,190.0,€2418.1만
2026,영국,John Stones,수비수,Manchester City,31.0,188.0,€1700.4만
2026,영국,Marc Guehi,수비수,Crystal Palace,25.0,182.0,€4249.5만
2026,영국,Myles Lewis-Skelly,수비수,Arsenal,19.0,178.0,€5875.6만
2026,영국,Reece James,수비수,Chelsea,25.0,182.0,€3677.1만
2026,영국,Trevoh Chalobah,수비수,Chelsea,26.0,190.0,€2792만
2026,영국,Valentino Livramento,수비수,Newcastle United,22.0,182.0,€5554.5만
2026,영국,Declan Rice,미드필더,Arsenal,26.0,185.0,€1.1억
2026,영국,Eberechi Eze,미드필더,Arsenal,27.0,178.0,€6173.2만
2026,영국,Elliot Anderson,미드필더,Nottingham Forest,22.0,179.0,€5160.9만
2026,영국,Jordan Henderson,미드필더,Brentford,35.0,182.0,€213만
2026,영국,Morgan Gibbs-White,미드필더,Nottingham Forest,25.0,171.0,€6256.5만
2026,영국,Ruben Loftus-Cheek,미드필더,Milan,29.0,191.0,€843.7만
2026,영국,Anthony Gordon,공격수,Newcastle United,24.0,182.0,€4719.3만
2026,영국,Harry Kane,공격수,Bayern München,32.0,188.0,€8537.8만
2026,영국,Jarrod Bowen,공격수,West Ham United,28.0,174.0,€4813만
2026,영국,Marcus Rashford,공격수,Barcelona,27.0,185.0,€5457.3만
2026,영국,Morgan Rogers,공격수,Aston Villa,23.0,187.0,€6693.3만
2026,영국,Noni Madueke,공격수,Arsenal,23.0,176.0,€5148.6만
2026,영국,Ollie Watkins,공격수,Aston Villa,29.0,180.0,€6463.5만
2026,포르투갈,Diogo Costa,골키퍼,FC Porto,26.0,186.0,€3655.9만
2026,포르투갈,José Sá,골키퍼,Wolverhampton Wanderers,32.0,192.0,€878.3만
2026,포르투갈,Rui Silva,골키퍼,Sporting CP,31.0,189.0,€700만
2026,포르투갈,Antonio Silva,수비수,Benfica,21.0,187.0,€4500만
2026,포르투갈,Goncalo Inacio,수비수,Sporting CP,24.0,186.0,€4186.7만
2026,포르투갈,Joao Cancelo,수비수,Al Hilal,31.0,182.0,€1097.5만
2026,포르투갈,Nuno Mendes,수비수,Paris Saint-Germain,23.0,184.0,€7244.8만
2026,포르투갈,Nuno Tavares,수비수,Lazio,25.0,183.0,€2522.1만
2026,포르투갈,Renato Veiga,수비수,Villarreal,22.0,190.0,€2605만
2026,포르투갈,Ruben Dias,수비수,Manchester City,28.0,187.0,€5749.1만
2026,포르투갈,Bernardo Silva,미드필더,Manchester City,31.0,173.0,€3632.3만
2026,포르투갈,Bruno Fernandes,미드필더,Manchester United,31.0,179.0,€4727.9만
2026,포르투갈,Joao Félix,미드필더,Al Nassr FC,25.0,181.0,€1537.7만
2026,포르투갈,Joao Neves,미드필더,Paris Saint-Germain,21.0,174.0,€7235.2만
2026,포르투갈,Joao Palhinha,미드필더,Tottenham Hotspur,30.0,190.0,€3304.4만
2026,포르투갈,Ruben Neves,미드필더,Al Hilal,28.0,180.0,€1538.2만
2026,포르투갈,Vitinha,미드필더,Paris Saint-Germain,25.0,172.0,€8094.6만
2026,포르투갈,Chico Conceicao,공격수,Juventus,22.0,170.0,€3318.1만
2026,포르투갈,Cristiano Ronaldo,공격수,Al Nassr FC,40.0,187.0,€1041.7만
2026,포르투갈,Goncalo Ramos,공격수,Paris Saint-Germain,24.0,185.0,€4524.7만
2026,포르투갈,Pedro Goncalves,공격수,Sporting CP,27.0,173.0,€2890.9만
2026,포르투갈,Pedro Neto,공격수,Chelsea,25.0,172.0,€6133만
2026,포르투갈,Trincao,공격수,Sporting CP,25.0,183.0,€3000만
2026,브라질,Alisson Becker,골키퍼,Liverpool,32.0,193.0,€1675.9만
2026,브라질,Bento Krepski,골키퍼,Al Nassr FC,26.0,190.0,€1600만
2026,브라질,Hugo Souza,골키퍼,Corinthians,26.0,199.0,€770만
2026,브라질,Alex Sandro,수비수,Flamengo,34.0,180.0,€133.3만
2026,브라질,Alexsandro Ribeiro,수비수,Lille,26.0,192.0,€2333.7만
2026,브라질,Caio Henrique,수비수,Monaco,28.0,179.0,€1300.9만
2026,브라질,Douglas Santos,수비수,Zenit St. Petersburg,31.0,173.0,€661만
2026,브라질,Fabricio Bruno,수비수,Cruzeiro,29.0,192.0,€780만
2026,브라질,Gabriel,수비수,Arsenal,27.0,190.0,€7552만
2026,브라질,Marquinhos,수비수,Paris Saint-Germain,31.0,183.0,€4048.5만
2026,브라질,Vanderson,수비수,Monaco,24.0,180.0,€2446.7만
2026,브라질,Vitinho,수비수,Botafogo RJ,26.0,175.0,€550만
2026,브라질,Wesley,수비수,Roma,22.0,178.0,€2433만
2026,브라질,Andreas Pereira,미드필더,Palmeiras,29.0,178.0,€1788.5만
2026,브라질,Andrey Santos,미드필더,Chelsea,21.0,180.0,€4988.7만
2026,브라질,Bruno Guimaraes,미드필더,Newcastle United,27.0,182.0,€7909.7만
2026,브라질,Carlos Augusto,미드필더,Inter,26.0,184.0,€2588.2만
2026,브라질,Casemiro,미드필더,Manchester United,33.0,185.0,€773만
2026,브라질,Jean Lucas,미드필더,Bahia,27.0,181.0,€520만
2026,브라질,Joelinton,미드필더,Newcastle United,29.0,186.0,€4107.9만
2026,브라질,Lucas Paquetá,미드필더,West Ham United,28.0,180.0,€6204.3만
2026,브라질,Samuel Dias Lino,미드필더,Flamengo,25.0,178.0,€2263.3만
2026,브라질,Estevao,공격수,Chelsea,18.0,176.0,€7558.9만
2026,브라질,Gabriel Martinelli,공격수,Arsenal,24.0,180.0,€5181.9만
2026,브라질,Joao Pedro,공격수,Chelsea,24.0,188.0,€6117.2만
2026,브라질,Kaio Jorge,공격수,Cruzeiro,23.0,182.0,€720만
2026,브라질,Luiz Henrique,공격수,Zenit St. Petersburg,24.0,182.0,€2515.7만
2026,브라질,Raphinha,공격수,Barcelona,28.0,176.0,€1억
2026,브라질,Richarlison,공격수,Tottenham Hotspur,28.0,184.0,€1925.6만
2026,네덜란드,Bart Verbruggen,골키퍼,Brighton & Hove Albion,23.0,193.0,€4228.4만
2026,네덜란드,Mark Flekken,골키퍼,Bayer Leverkusen,32.0,189.0,€1200.9만
2026,네덜란드,Robin Roefs,골키퍼,Sunderland,22.0,193.0,€769만
2026,네덜란드,Jan Paul van Hecke,수비수,Brighton & Hove Albion,25.0,189.0,€4192.9만
2026,네덜란드,Jurrien Timber,수비수,Arsenal,24.0,179.0,€6548.4만
2026,네덜란드,Matthijs de Ligt,수비수,Manchester United,26.0,187.0,€4990.7만
2026,네덜란드,Micky van de Ven,수비수,Tottenham Hotspur,24.0,193.0,€6108.6만
2026,네덜란드,Nathan Aké,수비수,Manchester City,30.0,180.0,€1890.2만
2026,네덜란드,Stefan de Vrij,수비수,Inter,33.0,189.0,€378.1만
2026,네덜란드,Virgil van Dijk,수비수,Liverpool,34.0,193.0,€1524.8만
2026,네덜란드,Denzel Dumfries,미드필더,Inter,29.0,189.0,€3856.1만
2026,네덜란드,Frenkie de Jong,미드필더,Barcelona,28.0,181.0,€2355.7만
2026,네덜란드,Jerdy Schouten,미드필더,PSV Eindhoven,28.0,185.0,€2221.2만
2026,네덜란드,Justin Kluivert,미드필더,AFC Bournemouth,26.0,175.0,€4631만
2026,네덜란드,Quinten Timber,미드필더,Feyenoord,24.0,177.0,€2632.5만
2026,네덜란드,Ryan Gravenberch,미드필더,Liverpool,23.0,190.0,€8610.4만
2026,네덜란드,Sem Steijn,미드필더,Feyenoord,23.0,173.0,€1843.7만
2026,네덜란드,Teun Koopmeiners,미드필더,Juventus,27.0,186.0,€3969.2만
2026,네덜란드,Tijjani Reijnders,미드필더,Manchester City,27.0,185.0,€6338.9만
2026,네덜란드,Xavi Simons,미드필더,Tottenham Hotspur,22.0,179.0,€7998.9만
2026,네덜란드,Cody Gakpo,공격수,Liverpool,26.0,193.0,€6987.3만
2026,네덜란드,Donyell Malen,공격수,Aston Villa,26.0,179.0,€2008.5만
2026,네덜란드,Memphis Depay,공격수,Corinthians,31.0,176.0,€1100만
2026,네덜란드,Noa Lang,공격수,Napoli,26.0,179.0,€2495.2만
2026,네덜란드,Wout Weghorst,공격수,Ajax,33.0,197.0,€203.5만
2026,벨기에,Maarten Vandevoordt,골키퍼,RB Leipzig,23.0,189.0,€1026.7만
2026,벨기에,Matz Sels,골키퍼,Nottingham Forest,33.0,188.0,€802.3만
2026,벨기에,Mike Penders,골키퍼,Strasbourg,20.0,200.0,€1662.6만
2026,벨기에,Thibaut Courtois,골키퍼,Real Madrid,33.0,199.0,€1176.9만
2026,벨기에,Arthur Theate,수비수,Eintracht Frankfurt,25.0,186.0,€2329.4만
2026,벨기에,Brandon Mechele,수비수,Club Brugge,32.0,188.0,€248.8만
2026,벨기에,Joaquin Seys,수비수,Club Brugge,20.0,178.0,€1128.9만
2026,벨기에,Koni De Winter,수비수,Milan,23.0,188.0,€2466.7만
2026,벨기에,Maxim De Cuyper,수비수,Brighton & Hove Albion,24.0,183.0,€2028.1만
2026,벨기에,Thomas Meunier,수비수,Lille,34.0,190.0,€150.7만
2026,벨기에,Timothy Castagne,수비수,Fulham,29.0,185.0,€1349.6만
2026,벨기에,Zeno Debast,수비수,Sporting CP,21.0,189.0,€3507.6만
2026,벨기에,Alexis Saelemaekers,미드필더,Milan,26.0,180.0,€1667.3만
2026,벨기에,Charles De Ketelaere,미드필더,Atalanta,24.0,192.0,€4411.6만
2026,벨기에,Charles Vanhoutte,미드필더,Nice,27.0,182.0,€554.5만
2026,벨기에,Diego Moreira,미드필더,Strasbourg,21.0,179.0,€2273.1만
2026,벨기에,Hans Vanaken,미드필더,Club Brugge,33.0,194.0,€532.9만
2026,벨기에,Kevin De Bruyne,미드필더,Napoli,34.0,181.0,€1549만
2026,벨기에,Nicolas Raskin,미드필더,Rangers,24.0,179.0,€834.4만
2026,벨기에,Youri Tielemans,미드필더,Aston Villa,28.0,177.0,€3962.1만
2026,벨기에,Ikoma Lois Openda,공격수,Juventus,25.0,174.0,€5928.7만
2026,벨기에,Jérémy Doku,공격수,Manchester City,23.0,171.0,€6596.9만
2026,벨기에,Leandro Trossard,공격수,Arsenal,30.0,175.0,€1766.9만
2026,벨기에,Malick Fofana,공격수,Lyon,20.0,175.0,€3832.4만
2026,벨기에,Michy Batshuayi,공격수,Eintracht Frankfurt,31.0,184.0,€235만
2026,크로아티아,Dominik Kotarski,골키퍼,FC København,25.0,186.0,€1034.7만
2026,크로아티아,Dominik Livakovic,골키퍼,Girona,30.0,188.0,€731.4만
2026,크로아티아,Ivica Ivusic,골키퍼,Hajduk Split,30.0,195.0,€136.2만
2026,크로아티아,Duje Caleta-Car,수비수,Real Sociedad,29.0,186.0,€556.9만
2026,크로아티아,Ivan Smolcic,수비수,Como,25.0,181.0,€153만
2026,크로아티아,Josip Juranovic,수비수,Union Berlin,30.0,173.0,€251.3만
2026,크로아티아,Josip Stanisic,수비수,Bayern München,25.0,186.0,€3713.7만
2026,크로아티아,Josip Sutalo,수비수,Ajax,25.0,190.0,€2295.3만
2026,크로아티아,Josko Gvardiol,수비수,Manchester City,23.0,185.0,€8133.6만
2026,크로아티아,Marin Pongracic,수비수,Fiorentina,28.0,189.0,€1089.7만
2026,크로아티아,Martin Erlic,수비수,FC Midtjylland,27.0,192.0,€256.8만
2026,크로아티아,Andrej Kramaric,미드필더,Hoffenheim,34.0,177.0,€222.4만
2026,크로아티아,Borna Sosa,미드필더,Crystal Palace,27.0,187.0,€509.6만
2026,크로아티아,Kristijan Jakic,미드필더,Augsburg,28.0,181.0,€722.1만
2026,크로아티아,Lovro Majer,미드필더,Wolfsburg,27.0,179.0,€2521.8만
2026,크로아티아,Luka Modric,미드필더,Milan,40.0,174.0,€221.1만
2026,크로아티아,Mario Pasalic,미드필더,Atalanta,30.0,186.0,€1037.8만
2026,크로아티아,Martin Baturina,미드필더,Como,22.0,172.0,€2402.6만
2026,크로아티아,Nikola Moro,미드필더,Bologna,27.0,183.0,€654만
2026,크로아티아,Petar Sucic,미드필더,Inter,21.0,183.0,€1708.2만
2026,크로아티아,Ante Budimir,공격수,Osasuna,34.0,190.0,€453.2만
2026,크로아티아,Franjo Ivanovic,공격수,Benfica,21.0,182.0,€1748만
2026,크로아티아,Ivan Perisic,공격수,PSV Eindhoven,36.0,186.0,€101.9만
2026,크로아티아,Marco Pasalic,공격수,Orlando City,25.0,177.0,€541.1만
2026,크로아티아,Toni Fruk,공격수,Rijeka,24.0,174.0,€1054.3만
2026,이탈리아,Alex Meret,골키퍼,Napoli,28.0,191.0,€1657.5만
2026,이탈리아,Gianluigi Donnarumma,골키퍼,Manchester City,26.0,196.0,€2379만
2026,이탈리아,Guglielmo Vicario,골키퍼,Tottenham Hotspur,28.0,194.0,€4047.9만
2026,이탈리아,Marco Carnesecchi,골키퍼,Atalanta,25.0,193.0,€2717.3만
2026,이탈리아,Alessandro Bastoni,수비수,Inter,26.0,190.0,€8303만
2026,이탈리아,Andrea Cambiaso,수비수,Juventus,25.0,182.0,€3936.5만
2026,이탈리아,Federico Gatti,수비수,Juventus,27.0,190.0,€2551.9만
2026,이탈리아,Gianluca Mancini,수비수,Roma,29.0,190.0,€1447.6만
2026,이탈리아,Giovanni Di Lorenzo,수비수,Napoli,32.0,183.0,€1448만
2026,이탈리아,Giovanni Leoni,수비수,Liverpool,18.0,196.0,€2539.2만
2026,이탈리아,Luca Ranieri,수비수,Fiorentina,26.0,185.0,€1882.4만
2026,이탈리아,Raoul Bellanova,수비수,Atalanta,25.0,185.0,€2292.9만
2026,이탈리아,Riccardo Calafiori,수비수,Arsenal,23.0,188.0,€5040.6만
2026,이탈리아,Daniel Maldini,미드필더,Atalanta,23.0,188.0,€1272만
2026,이탈리아,Davide Frattesi,미드필더,Inter,26.0,178.0,€3872만
2026,이탈리아,Federico Dimarco,미드필더,Inter,27.0,174.0,€4554.3만
2026,이탈리아,Giovanni Fabbian,미드필더,Bologna,22.0,186.0,€932.1만
2026,이탈리아,Manuel Locatelli,미드필더,Juventus,27.0,186.0,€3279.6만
2026,이탈리아,Nicolo Barella,미드필더,Inter,28.0,172.0,€7179.1만
2026,이탈리아,Nicolo Rovella,미드필더,Lazio,23.0,179.0,€2723만
2026,이탈리아,Sandro Tonali,미드필더,Newcastle United,25.0,182.0,€6818.1만
2026,이탈리아,Francesco Pio Esposito,공격수,Inter,20.0,189.0,€2722.4만
2026,이탈리아,Giacomo Raspadori,공격수,Atletico Madrid,25.0,172.0,€2505.3만
2026,이탈리아,Mateo Retegui,공격수,Al Qadasiya,26.0,186.0,€2960.4만
2026,이탈리아,Matteo Politano,공격수,Napoli,32.0,171.0,€741.6만
2026,이탈리아,Mattia Zaccagni,공격수,Lazio,30.0,176.0,€2042.7만
2026,이탈리아,Moise Kean,공격수,Fiorentina,25.0,182.0,€5590만
2026,이탈리아,Riccardo Orsolini,공격수,Bologna,28.0,183.0,€1786.7만
2026,모로코,El Mehdi Al Harrar,골키퍼,Raja Casablanca,24.0,192.0,€53.2만
2026,모로코,Munir,골키퍼,RSB Berkane,36.0,190.0,€140만
2026,모로코,Rachid Ghanimi,골키퍼,FUS Rabat,,,
2026,모로코,Yassine Bounou,골키퍼,Al Hilal,34.0,195.0,€2100만
2026,모로코,Achraf Dari,수비수,Al Ahly SC,26.0,188.0,€129.9만
2026,모로코,Achraf Hakimi,수비수,Paris Saint-Germain,26.0,181.0,€8204.4만
2026,모로코,Adam Masina,수비수,Torino,31.0,189.0,€102.5만
2026,모로코,Anas Bach,수비수,FAR Rabat,,,
2026,모로코,Bouchaib Arrassi,수비수,Raja Casablanca,,,
2026,모로코,Jawad El Yamiq,수비수,Al Najma,33.0,193.0,€55.2만
2026,모로코,Marouane Louadni,수비수,FAR Rabat,,,
2026,모로코,Mehdi Mchakhchekh,수비수,Raja Casablanca,,,
2026,모로코,Mohamed Boulacsou,수비수,Raja Casablanca,27.0,179.0,€79.2만
2026,모로코,Mohamed Chibi,수비수,Pyramids FC,32.0,179.0,€91.8만
2026,모로코,Mohamed Moufid,수비수,Wydad Casablanca,25.0,172.0,€104만
2026,모로코,Nayef Aguerd,수비수,Marseille,29.0,190.0,€2279만
2026,모로코,Omar El Hilali,수비수,Espanyol,22.0,183.0,€1326.4만
2026,모로코,Souffian El Karouani,수비수,FC Utrecht,24.0,178.0,€531.3만
2026,모로코,Youssef Belammari,수비수,Raja Casablanca,27.0,183.0,€101.2만
2026,모로코,Amine Adli,미드필더,AFC Bournemouth,25.0,180.0,€2203.4만
2026,모로코,Ayoub Khairi,미드필더,RSB Berkane,,,
2026,모로코,Azzedine Ounahi,미드필더,Girona,25.0,182.0,€1107.5만
2026,모로코,Bilal El Khannouss,미드필더,VfB Stuttgart,21.0,180.0,€3394.7만
2026,모로코,Eliesse Ben Seghir,미드필더,Bayer Leverkusen,20.0,178.0,€2572.2만
2026,모로코,Hossam Essadak,미드필더,Union Touarga Sport,,,
2026,모로코,Ilias Akhomach,미드필더,Villarreal,21.0,175.0,€1629.6만
2026,모로코,Imad Riahi,미드필더,RSB Berkane,25.0,178.0,€55만
2026,모로코,Ismael Saibari,미드필더,PSV Eindhoven,24.0,185.0,€2506.6만
2026,모로코,Khalid Ait Ouarkhane,미드필더,FAR Rabat,25.0,179.0,€68.2만
2026,모로코,Mohamed Rabie Hrimat,미드필더,FAR Rabat,,,
2026,모로코,Neil El Aynaoui,미드필더,Roma,24.0,182.0,€1808.6만
2026,모로코,Oussama El Azzouzi,미드필더,Auxerre,24.0,189.0,€142.7만
2026,모로코,Sabir Bougrine,미드필더,Raja Casablanca,29.0,172.0,€55.8만
2026,모로코,Saifeddine Bouhra,미드필더,모로코,,,
2026,모로코,Salaheddine Errahouli,미드필더,Olympic Club de Safi,,,
2026,모로코,Sofyan Amrabat,미드필더,Real Betis,29.0,185.0,€1583.8만
2026,모로코,Amine Souane,공격수,FUS Rabat,24.0,182.0,€74.3만
2026,모로코,Anas El Mahraoui,공격수,FK Akhmat,,,
2026,모로코,Ayoub El Kaabi,공격수,Olympiacos,32.0,182.0,€202.9만
2026,모로코,Brahim Diaz,공격수,Real Madrid,26.0,170.0,€3600.8만
2026,모로코,Chemsdine Talbi,공격수,Sunderland,20.0,175.0,€1333.2만
2026,모로코,Hamza Igamane,공격수,Lille,22.0,181.0,€947.9만
2026,모로코,Khalid Baba,공격수,Difaa El Jadida,,,
2026,모로코,Maroan Sannadi,공격수,Athletic Club,24.0,192.0,€1160.7만
2026,모로코,Oussama Lamlioui,공격수,RSB Berkane,29.0,180.0,€65만
2026,모로코,Youness El Kaabi,공격수,RSB Berkane,,,
2026,모로코,Youssef En-Nesyri,공격수,Fenerbahçe,28.0,188.0,€1352.4만
2026,모로코,Youssef Mehri,공격수,RSB Berkane,26.0,177.0,€80만
2026,독일,Alexander Nübel,골키퍼,VfB Stuttgart,28.0,193.0,€1443.4만
2026,독일,Finn Dahmen,골키퍼,Augsburg,27.0,188.0,€1156.1만
2026,독일,Oliver Baumann,골키퍼,Hoffenheim,35.0,186.0,€199.7만
2026,독일,Antonio Rüdiger,수비수,Real Madrid,32.0,190.0,€1197.9만
2026,독일,David Raum,수비수,RB Leipzig,27.0,180.0,€1786.1만
2026,독일,Jonathan Tah,수비수,Bayern München,29.0,194.0,€3313.2만
2026,독일,Maximilian Mittelstaedt,수비수,VfB Stuttgart,28.0,180.0,€2257.5만
2026,독일,Nnamdi Collins,수비수,Eintracht Frankfurt,21.0,191.0,€1343.6만
2026,독일,Robin Koch,수비수,Eintracht Frankfurt,29.0,187.0,€1847.9만
2026,독일,Waldemar Anton,수비수,Borussia Dortmund,29.0,189.0,€1860.8만
2026,독일,Angelo Stiller,미드필더,VfB Stuttgart,24.0,183.0,€5166.4만
2026,독일,Florian Wirtz,미드필더,Liverpool,22.0,175.0,€1.3억
2026,독일,Joshua Kimmich,미드필더,Bayern München,30.0,176.0,€4660.1만
2026,독일,Leon Goretzka,미드필더,Bayern München,30.0,189.0,€1304.7만
2026,독일,Nadiem Amiri,미드필더,Mainz 05,28.0,180.0,€2118.9만
2026,독일,Pascal Gross,미드필더,Borussia Dortmund,34.0,181.0,€279.9만
2026,독일,Paul Nebel,미드필더,Mainz 05,22.0,169.0,€2118.1만
2026,독일,Robert Andrich,미드필더,Bayer Leverkusen,31.0,185.0,€787.7만
2026,독일,Jamie Leweling,공격수,VfB Stuttgart,24.0,184.0,€2299.4만
2026,독일,Karim Adeyemi,공격수,Borussia Dortmund,23.0,176.0,€4174.3만
2026,독일,Maximilian Beier,공격수,Borussia Dortmund,22.0,183.0,€2728.8만
2026,독일,Nick Woltemade,공격수,Newcastle United,23.0,198.0,€3699.8만
2026,독일,Niclas Füllkrug,공격수,West Ham United,32.0,188.0,€1097.1만
2026,독일,Serge Gnabry,공격수,Bayern München,30.0,175.0,€1672만
2026,콜롬비아,Camilo Vargas,골키퍼,Atlas,36.0,185.0,€200만
2026,콜롬비아,David Ospina,골키퍼,Atletico Nacional,37.0,183.0,€250만
2026,콜롬비아,Kevin Mier,골키퍼,Cruz Azul,,,
2026,콜롬비아,Alvaro Angulo,수비수,Pumas,,,
2026,콜롬비아,Daniel Munoz,수비수,Crystal Palace,29.0,183.0,€3207.4만
2026,콜롬비아,Davinson Sánchez,수비수,Galatasaray,29.0,187.0,€1498.6만
2026,콜롬비아,Deiver Machado,수비수,Lens,32.0,172.0,€174만
2026,콜롬비아,Felipe Roman,수비수,Atletico Nacional,29.0,183.0,€150만
2026,콜롬비아,Jhon Lucumi,수비수,Bologna,27.0,185.0,€1885만
2026,콜롬비아,Johan Mojica,수비수,Mallorca,33.0,185.0,€176.6만
2026,콜롬비아,Santiago Arias,수비수,Bahia,33.0,177.0,€300만
2026,콜롬비아,Yerry Mina,수비수,Cagliari,31.0,195.0,€240.5만
2026,콜롬비아,Yerson Mosquera,수비수,Wolverhampton Wanderers,24.0,187.0,€1216만
2026,콜롬비아,James Rodriguez,미드필더,Leon,34.0,180.0,€140.8만
2026,콜롬비아,Jefferson Lerma,미드필더,Crystal Palace,30.0,179.0,€756.5만
2026,콜롬비아,Jorge Carrascal,미드필더,Flamengo,27.0,168.0,€663.5만
2026,콜롬비아,Juan Camilo Portilla,미드필더,Talleres,27.0,183.0,€228.9만
2026,콜롬비아,Juan Quintero,미드필더,River Plate,32.0,168.0,€270만
2026,콜롬비아,Kevin Castano,미드필더,River Plate,24.0,177.0,€897만
2026,콜롬비아,Richard Rios,미드필더,Benfica,25.0,180.0,€1659.2만
2026,콜롬비아,Dayro Moreno,공격수,Once Caldas,40.0,178.0,€700만
2026,콜롬비아,Jaminton Campaz,공격수,Rosario Central,25.0,168.0,€605.3만
2026,콜롬비아,Jhon Arias,공격수,Wolverhampton Wanderers,28.0,168.0,€1792.3만
2026,콜롬비아,Jhon Cordoba,공격수,FC Krasnodar,32.0,188.0,€1089.3만
2026,콜롬비아,Luis Diaz,공격수,Bayern München,28.0,180.0,€5443.7만
2026,콜롬비아,Luis Suárez,공격수,Sporting CP,27.0,185.0,€861.6만
2026,콜롬비아,Marino Hinestroza,공격수,Atletico Nacional,23.0,170.0,€450만
2026,멕시코,Carlos Moreno,골키퍼,Pachuca,27.0,187.0,€216.7만
2026,멕시코,Jose Rangel,골키퍼,Chivas,25.0,187.0,€250만
2026,멕시코,Luis Malagon,골키퍼,CF America,28.0,182.0,€733.9만
2026,멕시코,César Montes,수비수,Lokomotiv Moscow,28.0,191.0,€248.9만
2026,멕시코,Erik Lira,수비수,Cruz Azul,25.0,170.0,€707.9만
2026,멕시코,Jesus Gallardo,수비수,Toluca,31.0,177.0,€248.3만
2026,멕시코,Jesus Orozco,수비수,Cruz Azul,23.0,189.0,€900만
2026,멕시코,Johan Vásquez,수비수,Genoa,26.0,185.0,€1396.5만
2026,멕시코,Juan Jose Purata,수비수,Tigres,27.0,180.0,€168.9만
2026,멕시코,Mateo Chavez,수비수,AZ Alkmaar,21.0,176.0,€489.3만
2026,멕시코,Rodrigo Huescas,수비수,FC København,22.0,172.0,€878.7만
2026,멕시코,Carlos Rodriguez,미드필더,Cruz Azul,28.0,176.0,€247만
2026,멕시코,Edson Álvarez,미드필더,Fenerbahçe,27.0,186.0,€2499.5만
2026,멕시코,Erick Sánchez,미드필더,CF America,26.0,167.0,€871.1만
2026,멕시코,Jorge Sánchez,미드필더,Cruz Azul,27.0,175.0,€230.2만
2026,멕시코,Marcel Ruiz,미드필더,Toluca,24.0,179.0,€975.7만
2026,멕시코,Orbelin Pineda,미드필더,AEK Athens,29.0,168.0,€525.7만
2026,멕시코,Alexis Vega,공격수,Toluca,27.0,172.0,€689.1만
2026,멕시코,Cesar Huerta,공격수,Anderlecht,24.0,171.0,€686.8만
2026,멕시코,Diego Lainez,공격수,Tigres,25.0,167.0,€301.4만
2026,멕시코,German Berterame,공격수,Monterrey,26.0,173.0,€883.2만
2026,멕시코,Hirving Lozano,공격수,San Diego FC,30.0,176.0,€943.5만
2026,멕시코,Raul Jiménez,공격수,Fulham,34.0,188.0,€532만
2026,멕시코,Roberto Alvarado,공격수,Chivas,27.0,172.0,€750만
2026,멕시코,Santiago Gimenez,공격수,Milan,24.0,183.0,€3284.9만
2026,우루과이,Cristopher Fiermarin,골키퍼,Tolima,27.0,189.0,€140만
2026,우루과이,Franco Israel,골키퍼,Torino,25.0,186.0,€562.1만
2026,우루과이,Santiago Mele,골키퍼,Monterrey,28.0,185.0,€195.8만
2026,우루과이,Sergio Rochet,골키퍼,Internacional,32.0,189.0,€230.8만
2026,우루과이,Guillermo Varela,수비수,Flamengo,32.0,173.0,€97.6만
2026,우루과이,Joaquin Piquerez,수비수,Palmeiras,27.0,185.0,€1313.5만
2026,우루과이,José Giménez,수비수,Atletico Madrid,30.0,185.0,€2138만
2026,우루과이,José Rodriguez,수비수,Vasco da Gama,28.0,183.0,€350만
2026,우루과이,Mathias Olivera,수비수,Napoli,27.0,185.0,€2115.5만
2026,우루과이,Matias Vina,수비수,Flamengo,27.0,180.0,€610.1만
2026,우루과이,Nicolas Marichal,수비수,Dinamo Moscow,24.0,186.0,€455.3만
2026,우루과이,Ronald Araujo,수비수,Barcelona,26.0,192.0,€3935.8만
2026,우루과이,Santiago Bueno,수비수,Wolverhampton Wanderers,26.0,189.0,€1354.8만
2026,우루과이,Sebastian Caceres,수비수,CF America,26.0,180.0,€516.9만
2026,우루과이,Emiliano Martinez,미드필더,Palmeiras,26.0,184.0,€697만
2026,우루과이,Federico Valverde,미드필더,Real Madrid,27.0,182.0,€1.1억
2026,우루과이,Giorgian De Arrascaeta,미드필더,Flamengo,31.0,177.0,€1250.7만
2026,우루과이,Juan Sanabria,미드필더,Atletico de San Luis,25.0,172.0,€330만
2026,우루과이,Lucas Torreira,미드필더,Galatasaray,29.0,168.0,€1242.2만
2026,우루과이,Manuel Ugarte,미드필더,Manchester United,24.0,182.0,€5259.5만
2026,우루과이,Maximiliano Araujo,미드필더,Sporting CP,25.0,180.0,€700만
2026,우루과이,Nahitan Nández,미드필더,Al Qadasiya,29.0,171.0,€500만
2026,우루과이,Nicolas Fonseca,미드필더,Leon,26.0,181.0,€250만
2026,우루과이,Rodrigo Bentancur,미드필더,Tottenham Hotspur,28.0,187.0,€2652.1만
2026,우루과이,Rodrigo Zalazar,미드필더,Braga,26.0,178.0,€1685.3만
2026,우루과이,Agustin Alvarez,공격수,Monza,24.0,180.0,€443.2만
2026,우루과이,Brian Rodriguez,공격수,CF America,25.0,174.0,€410.5만
2026,우루과이,Cristian Olivera,공격수,Gremio,23.0,172.0,€610만
2026,우루과이,Darwin Nunez,공격수,Al Hilal,26.0,187.0,€3180.7만
2026,우루과이,Facundo Pellistri,공격수,Panathinaikos,23.0,174.0,€954.6만
2026,우루과이,Facundo Torres,공격수,Palmeiras,25.0,175.0,€1557.4만
2026,우루과이,Federico Vinas,공격수,Real Oviedo,27.0,181.0,€162.6만
2026,우루과이,Ignacio Laquintana,공격수,Red Bull Bragantino,26.0,177.0,€129.2만
2026,우루과이,Kevin Amaro,공격수,Liverpool FC,21.0,177.0,€180만
2026,우루과이,Luciano Rodriguez,공격수,Neom SC,22.0,179.0,€800만
2026,우루과이,Rodrigo Aguirre,공격수,CF America,30.0,186.0,€222.3만
2026,미국,Jonathan Klinsmann,골키퍼,Cesena,28.0,192.0,€129만
2026,미국,Matt Freese,골키퍼,New York City FC,27.0,191.0,€74.3만
2026,미국,Roman Celentano,골키퍼,FC Cincinnati,25.0,191.0,€209.6만
2026,미국,Alex Freeman,수비수,Orlando City,21.0,188.0,€141.8만
2026,미국,Chris Richards,수비수,Crystal Palace,25.0,188.0,€1490만
2026,미국,Max Arfsten,수비수,Columbus Crew,24.0,185.0,€198.8만
2026,미국,Nathan Harriel,수비수,Philadelphia Union,24.0,178.0,€140만
2026,미국,Noahkai Banks,수비수,Augsburg,18.0,193.0,€1177.4만
2026,미국,Sean Zawadzki,수비수,Columbus Crew,25.0,175.0,€119.6만
2026,미국,Sergino Dest,수비수,PSV Eindhoven,24.0,170.0,€1953.5만
2026,미국,Tim Ream,수비수,Charlotte FC,37.0,186.0,€29.1만
2026,미국,Tristan Blackmon,수비수,Vancouver Whitecaps,29.0,186.0,€129.7만
2026,미국,Cristian Roldan,미드필더,Seattle Sounders FC,30.0,173.0,€208.3만
2026,미국,Jack McGlynn,미드필더,Houston Dynamo FC,22.0,180.0,€412.3만
2026,미국,Luca de la Torre,미드필더,San Diego FC,27.0,177.0,€84.3만
2026,미국,Sebastian Berhalter,미드필더,Vancouver Whitecaps,24.0,175.0,€142.4만
2026,미국,Tyler Adams,미드필더,AFC Bournemouth,26.0,175.0,€2512.8만
2026,미국,Alex Zendejas,공격수,CF America,27.0,173.0,€581.8만
2026,미국,Christian Pulisic,공격수,Milan,27.0,178.0,€4790.9만
2026,미국,Damion Downs,공격수,Southampton,21.0,192.0,€1004만
2026,미국,Diego Luna,공격수,Real Salt Lake,22.0,173.0,€966.7만
2026,미국,Folarin Balogun,공격수,Monaco,24.0,179.0,€2093.3만
2026,미국,Joshua Sargent,공격수,Norwich City,25.0,185.0,€1695.7만
2026,미국,Timothy Weah,공격수,Marseille,25.0,183.0,€1711.8만
2026,스위스,Gregor Kobel,골키퍼,Borussia Dortmund,27.0,193.0,€4298.2만
2026,스위스,Marvin Keller,골키퍼,Young Boys,23.0,190.0,€615.5만
2026,스위스,Pascal Loretz,골키퍼,Luzern,22.0,193.0,€502.6만
2026,스위스,Yvon Mvogo,골키퍼,Lorient,31.0,186.0,€350만
2026,스위스,Aurèle Amenda,수비수,Eintracht Frankfurt,22.0,194.0,€974.8만
2026,스위스,Cedric Zesiger,수비수,Augsburg,27.0,191.0,€723.7만
2026,스위스,Isaac Schmidt,수비수,Werder Bremen,25.0,172.0,€189.2만
2026,스위스,Lucas Blondel,수비수,Boca Juniors,29.0,174.0,€144.8만
2026,스위스,Manuel Akanji,수비수,Inter,30.0,188.0,€2864.8만
2026,스위스,Miro Muheim,수비수,Hamburger SV,27.0,182.0,€250.2만
2026,스위스,Nico Elvedi,수비수,Borussia Mönchengladbach,28.0,187.0,€665.8만
2026,스위스,Ricardo Rodriguez,수비수,Real Betis,33.0,180.0,€198.5만
2026,스위스,Ardon Jashari,미드필더,Milan,23.0,181.0,€3833.3만
2026,스위스,Denis Zakaria,미드필더,Monaco,28.0,189.0,€3260.7만
2026,스위스,Fabian Rieder,미드필더,Augsburg,23.0,179.0,€729.6만
2026,스위스,Granit Xhaka,미드필더,Sunderland,33.0,185.0,€1736.2만
2026,스위스,Joel Monteiro,미드필더,Young Boys,26.0,192.0,€371.6만
2026,스위스,Johan Manzambi,미드필더,Freiburg,19.0,182.0,€1115.1만
2026,스위스,Michel Aebischer,미드필더,Pisa,28.0,185.0,€626.1만
2026,스위스,Remo Freuler,미드필더,Bologna,33.0,181.0,€485.2만
2026,스위스,Silvan Widmer,미드필더,Mainz 05,32.0,182.0,€69.2만
2026,스위스,Simon Sohm,미드필더,Fiorentina,24.0,188.0,€728.8만
2026,스위스,Vincent Sierro,미드필더,Al Shabab,29.0,184.0,€250.1만
2026,스위스,Breel Embolo,공격수,Rennes,28.0,187.0,€1017.4만
2026,스위스,Cedric Itten,공격수,Fortuna Düsseldorf,28.0,189.0,€114.6만
2026,스위스,Dan Ndoye,공격수,Nottingham Forest,24.0,184.0,€4393.6만
2026,스위스,Ruben Vargas,공격수,Sevilla,27.0,174.0,€684.8만
2026,세네갈,Edouard Mendy,골키퍼,Al Ahli,33.0,197.0,€173만
2026,세네갈,Mory Diaw,골키퍼,Le Havre,32.0,197.0,€73.4만
2026,세네갈,Yehvann Diouf,골키퍼,Nice,25.0,190.0,€1397.7만
2026,세네갈,Abdou Diallo,수비수,Al-Duhail SC,29.0,183.0,€198만
2026,세네갈,Abdoulaye Seck,수비수,Maccabi Haifa,33.0,192.0,€23.3만
2026,세네갈,Amadou Bene Coly,수비수,세네갈,,,
2026,세네갈,Antoine Mendy,수비수,Nice,21.0,187.0,€280만
2026,세네갈,Baye Assane,수비수,세네갈,,,
2026,세네갈,Daouda Ba,수비수,세네갈,,,
2026,세네갈,Ismail Jakobs,수비수,Galatasaray,26.0,184.0,€688.7만
2026,세네갈,Kalidou Koulibaly,수비수,Al Hilal,34.0,186.0,€524.4만
2026,세네갈,Krepin Diatta,수비수,Monaco,26.0,173.0,€474.4만
2026,세네갈,Layousse Samb,수비수,세네갈,,,
2026,세네갈,Mamadou Mbow,수비수,Paris FC,25.0,187.0,€229.2만
2026,세네갈,Moussa Niakhaté,수비수,Lyon,29.0,180.0,€1580.4만
2026,세네갈,Ameth Niang,미드필더,세네갈,,,
2026,세네갈,Bonaventure Fonseca,미드필더,세네갈,,,
2026,세네갈,Boulaye Dia,미드필더,Lazio,28.0,180.0,€1387.5만
2026,세네갈,Cheikh Niasse,미드필더,Hellas Verona,25.0,188.0,€172.3만
2026,세네갈,Habib Diarra,미드필더,Sunderland,21.0,179.0,€1800만
2026,세네갈,Idrissa Gana Gueye,미드필더,Everton,36.0,174.0,€499만
2026,세네갈,Insa Boye,미드필더,세네갈,,,
2026,세네갈,Ismaila Sarr,미드필더,Crystal Palace,27.0,185.0,€2853.3만
2026,세네갈,Issa Kane,미드필더,세네갈,,,
2026,세네갈,Lamine Camara,미드필더,Monaco,21.0,175.0,€2562.6만
2026,세네갈,Libasse Guèye,미드필더,세네갈,,,
2026,세네갈,Malick Diouf,미드필더,West Ham United,20.0,183.0,€2422.1만
2026,세네갈,Mbaye Yaya Ly,미드필더,세네갈,,,
2026,세네갈,Moussa Cisse,미드필더,세네갈,,,
2026,세네갈,Oumar Ba,미드필더,세네갈,,,
2026,세네갈,Ousseynou Fall Seck,미드필더,Randers FC,,,
2026,세네갈,Pape Gueye,미드필더,Villarreal,26.0,189.0,€1652.8만
2026,세네갈,Pape Sarr,미드필더,Tottenham Hotspur,23.0,184.0,€4369.8만
2026,세네갈,Pathé Ciss,미드필더,Rayo Vallecano,31.0,183.0,€194.6만
2026,세네갈,Serigne Moctar Koita,미드필더,Diaraf,,,
2026,세네갈,Ababacar Sarr,공격수,Diaraf,,,
2026,세네갈,Cheikh Sabaly,공격수,Metz,26.0,168.0,€218만
2026,세네갈,Cherif Ndiaye,공격수,Samsunspor,29.0,190.0,€229.4만
2026,세네갈,Iliman Ndiaye,공격수,Everton,25.0,180.0,€2565.7만
2026,세네갈,Nicolas Jackson,공격수,Bayern München,24.0,187.0,€6533.6만
2026,세네갈,Sadio Mané,공격수,Al Nassr FC,33.0,175.0,€1105.5만
2026,일본,Keisuke Osako,골키퍼,Sanfrecce Hiroshima,26.0,186.0,€125.4만
2026,일본,Tomoki Hayakawa,골키퍼,Kashima Antlers,26.0,186.0,€104.8만
2026,일본,Zion Suzuki,골키퍼,Parma,23.0,189.0,€2494.3만
2026,일본,Ayumu Seko,수비수,Le Havre,25.0,183.0,€146.6만
2026,일본,Hayato Araki,수비수,Sanfrecce Hiroshima,29.0,186.0,€101.9만
2026,일본,Hiroki Sekine,수비수,Reims,23.0,187.0,€124.3만
2026,일본,Ko Itakura,수비수,Ajax,28.0,185.0,€1320만
2026,일본,Tomoya Ando,수비수,Avispa Fukuoka,26.0,190.0,€60.8만
2026,일본,Tsuyoshi Watanabe,수비수,Feyenoord,28.0,186.0,€983.8만
2026,일본,Yukinari Sugawara,수비수,Werder Bremen,25.0,179.0,€1174만
2026,일본,Yuto Nagatomo,수비수,FC Tokyo,39.0,170.0,€16만
2026,일본,Daichi Kamada,미드필더,Crystal Palace,29.0,184.0,€1133.5만
2026,일본,Henry Mochizuki,미드필더,Machida Zelvia,,,
2026,일본,Joel Chima Fujita,미드필더,St. Pauli,23.0,175.0,€230.4만
2026,일본,Kaishu Sano,미드필더,Mainz 05,24.0,176.0,€2273.4만
2026,일본,Kodai Sano,미드필더,NEC Nijmegen,22.0,176.0,€563.2만
2026,일본,Takumi Minamino,미드필더,Monaco,30.0,174.0,€1230.6만
2026,일본,Wataru Endo,미드필더,Liverpool,32.0,178.0,€701.8만
2026,일본,Yuito Suzuki,미드필더,Freiburg,23.0,175.0,€1188.9만
2026,일본,Ayase Ueda,공격수,Feyenoord,27.0,182.0,€909.8만
2026,일본,Daizen Maeda,공격수,Celtic,27.0,173.0,€1358.9만
2026,일본,Junya Ito,공격수,Genk,32.0,176.0,€417.9만
2026,일본,Kaoru Mitoma,공격수,Brighton & Hove Albion,28.0,178.0,€4271.5만
2026,일본,Koki Ogawa,공격수,NEC Nijmegen,28.0,186.0,€196.7만
2026,일본,Mao Hosoya,공격수,Kashiwa Reysol,24.0,177.0,€163.5만
2026,일본,Ritsu Doan,공격수,Eintracht Frankfurt,27.0,172.0,€2510.3만
2026,일본,Shuto Machino,공격수,Borussia Mönchengladbach,25.0,184.0,€698.2만
2026,일본,Takefusa Kubo,공격수,Real Sociedad,24.0,174.0,€3572.2만
2026,덴마크,Filip Jörgensen,골키퍼,Chelsea,23.0,190.0,€2260.6만
2026,덴마크,Kasper Schmeichel,골키퍼,Celtic,38.0,189.0,€48.1만
2026,덴마크,Mads Hermansen,골키퍼,West Ham United,25.0,187.0,€1910.9만
2026,덴마크,Andreas Christensen,수비수,Barcelona,29.0,188.0,€2209.5만
2026,덴마크,Anton Gaaei,수비수,Ajax,22.0,183.0,€932.1만
2026,덴마크,Jannik Vestergaard,수비수,Leicester City,33.0,199.0,€155.7만
2026,덴마크,Joachim Andersen,수비수,Fulham,29.0,188.0,€2850.2만
2026,덴마크,Joakim Mæhle,수비수,Wolfsburg,28.0,186.0,€1257.8만
2026,덴마크,Lucas Høgsberg,수비수,Strasbourg,,,
2026,덴마크,Rasmus Kristensen,수비수,Eintracht Frankfurt,28.0,176.0,€1022.4만
2026,덴마크,Matthew O'Riley,미드필더,Marseille,24.0,187.0,€2499.9만
2026,덴마크,Mikkel Damsgaard,미드필더,Brentford,25.0,180.0,€3665.9만
2026,덴마크,Morten Hjulmand,미드필더,Sporting CP,26.0,185.0,€5734.7만
2026,덴마크,Patrick Dorgu,미드필더,Manchester United,20.0,175.0,€3214.6만
2026,덴마크,Pierre-Emile Højbjerg,미드필더,Marseille,30.0,185.0,€1478.8만
2026,덴마크,Victor Froholdt,미드필더,FC Porto,,,
2026,덴마크,Albert Grønbæk,공격수,Genoa,24.0,185.0,€1218.6만
2026,덴마크,Anders Dreyer,공격수,San Diego FC,27.0,173.0,€999.1만
2026,덴마크,Andreas Skov Olsen,공격수,Wolfsburg,25.0,180.0,€1540.5만
2026,덴마크,Jacob Bruun Larsen,공격수,Burnley,27.0,183.0,€634.3만
2026,덴마크,Kasper Dolberg,공격수,Ajax,27.0,186.0,€1271.6만
2026,덴마크,Mika Biereth,공격수,Monaco,22.0,187.0,€2588.2만
2026,덴마크,Rasmus Højlund,공격수,Napoli,22.0,191.0,€4715.3만
2026,덴마크,William Osula,공격수,Newcastle United,22.0,192.0,€1033.9만
2026,이란,Alireza Beiranvand,골키퍼,Tractor,33.0,194.0,€25.3만
2026,이란,Hossein Hosseini,골키퍼,Sepahan,33.0,187.0,€44만
2026,이란,Mohammad Khalifeh,골키퍼,이란,,,
2026,이란,Parsa Jafari,골키퍼,Zob Ahan,,,
2026,이란,Payam Niazmand,골키퍼,Persepolis,30.0,194.0,€37만
2026,이란,Ali Nemati,수비수,Foolad Khouzestan,,,
2026,이란,Aref Aghasi,수비수,Esteghlal,,,
2026,이란,Aria Yousefi,수비수,Sepahan,23.0,181.0,€89.5만
2026,이란,Milad Mohammadi,수비수,Persepolis,31.0,178.0,€51.7만
2026,이란,Mohammad Hazbavi,수비수,Sepahan,,,
2026,이란,Morteza Pouraliganji,수비수,Persepolis,33.0,185.0,€18.7만
2026,이란,Omid Noorafkan,수비수,Sepahan,28.0,183.0,€77.9만
2026,이란,Roozbeh Cheshmi,수비수,Esteghlal,32.0,194.0,€13.5만
2026,이란,Sadegh Moharrami,수비수,Tractor,29.0,174.0,€34.4만
2026,이란,Saleh Hardani,수비수,Esteghlal,27.0,176.0,€40.6만
2026,이란,Shoja Khalilzadeh,수비수,Tractor,36.0,180.0,€6.9만
2026,이란,Amirmohammad Razaghinia,미드필더,Esteghlal,,,
2026,이란,Aref Haji Eydi,미드필더,Aluminium Arak,26.0,182.0,€58.7만
2026,이란,Mehdi Hashemnejad,미드필더,Tractor,23.0,177.0,€70.7만
2026,이란,Mohammad Ghorbani,미드필더,Al-Wahda,24.0,186.0,€100만
2026,이란,Mohammad Karimi,미드필더,Sepahan,,,
2026,이란,Saeid Ezatolahi,미드필더,Shabab Al-Ahli Dubai FC,28.0,190.0,€36만
2026,이란,Saman Ghoddos,미드필더,Al Ittihad Kalba,32.0,175.0,€230만
2026,이란,Ali Alipour,공격수,Persepolis,29.0,181.0,€63.6만
2026,이란,Amirhossein Hosseinzadeh,공격수,Tractor,24.0,178.0,€92만
2026,이란,Mehdi Taremi,공격수,Olympiacos,33.0,185.0,€247.9만
2026,이란,Mohammad Askari,공격수,이란,19.0,185.0,€44.6만
2026,이란,Mohammadhossein Sadeghi,공격수,Havadar SC,,,
2026,이란,Mohammadjavad Hosseinnejad,공격수,Dynamo Makhachkala,22.0,180.0,€109.1만
2026,이란,Mohammadmehdi Mohebi,공격수,Al Ittihad Kalba,,,
2026,이란,Shahriar Moghanlou,공격수,Al Ittihad Kalba,,,
2026,이란,Yaghoob Barajeh,공격수,Persepolis,19.0,183.0,€43.2만
2026,오스트리아,Alexander Schlager,골키퍼,Salzburg,29.0,184.0,€153.9만
2026,오스트리아,Patrick Pentz,골키퍼,Brøndby IF,28.0,182.0,€202.7만
2026,오스트리아,Tobias Lawal,골키퍼,Genk,25.0,195.0,€187.3만
2026,오스트리아,Alexander Prass,수비수,Hoffenheim,24.0,180.0,€937.1만
2026,오스트리아,David Alaba,수비수,Real Madrid,33.0,180.0,€236.8만
2026,오스트리아,Kevin Danso,수비수,Tottenham Hotspur,27.0,190.0,€2224.2만
2026,오스트리아,Konrad Laimer,수비수,Bayern München,28.0,180.0,€1880.9만
2026,오스트리아,Leopold Querfeld,수비수,Union Berlin,21.0,190.0,€1421.8만
2026,오스트리아,Philipp Lienhart,수비수,Freiburg,29.0,185.0,€775.1만
2026,오스트리아,Phillipp Mwene,수비수,Mainz 05,31.0,168.0,€129.8만
2026,오스트리아,Samson Baidoo,수비수,Lens,21.0,187.0,€1044.5만
2026,오스트리아,Stefan Posch,수비수,Como,28.0,190.0,€469.7만
2026,오스트리아,Alessandro Schöpf,미드필더,Wolfsberger AC,31.0,178.0,€20.9만
2026,오스트리아,Christoph Baumgartner,미드필더,RB Leipzig,26.0,178.0,€1370.8만
2026,오스트리아,Florian Grillitsch,미드필더,Braga,30.0,187.0,€158.5만
2026,오스트리아,Marcel Sabitzer,미드필더,Borussia Dortmund,31.0,177.0,€561만
2026,오스트리아,Nicolas Seiwald,미드필더,RB Leipzig,24.0,179.0,€2043.6만
2026,오스트리아,Patrick Wimmer,미드필더,Wolfsburg,24.0,182.0,€1634.4만
2026,오스트리아,Romano Schmid,미드필더,Werder Bremen,25.0,167.0,€1503.4만
2026,오스트리아,Xaver Schlager,미드필더,RB Leipzig,27.0,174.0,€609.4만
2026,오스트리아,Andreas Weimann,공격수,Derby County,34.0,188.0,€62만
2026,오스트리아,Marco Grüll,공격수,Werder Bremen,27.0,182.0,€205.4만
2026,오스트리아,Marko Arnautovic,공격수,FK Crvena Zvezda,36.0,192.0,€187.4만
2026,오스트리아,Michael Gregoritsch,공격수,Brøndby IF,31.0,190.0,€211.3만
2026,오스트리아,Nikolaus Wurmbrand,공격수,Rapid Wien,19.0,173.0,€205.3만
2026,오스트리아,Raul Florucz,공격수,Union St.Gilloise,24.0,182.0,€167.3만
2026,대한민국,Bum-Keun Song,골키퍼,Jeonbuk Hyundai Motors FC,27.0,194.0,€60.2만
2026,대한민국,Hyeon-Woo Jo,골키퍼,Ulsan HD FC,34.0,189.0,€54.5만
2026,대한민국,Seung-Gyu Kim,골키퍼,FC Tokyo,34.0,187.0,€45.8만
2026,대한민국,Han-Beom Lee,수비수,FC Midtjylland,23.0,188.0,€124.6만
2026,대한민국,Jun-Soo Byeon,수비수,Gwangju FC,23.0,190.0,€57.9만
2026,대한민국,Ju-Sung Kim,수비수,Sanfrecce Hiroshima,24.0,186.0,€94.6만
2026,대한민국,Min-Jae Kim,수비수,Bayern München,28.0,188.0,€4203.8만
2026,대한민국,Moon-Hwan Kim,수비수,Daejeon Hana Citizen,30.0,172.0,€64만
2026,대한민국,Myung-Jae Lee,수비수,Daejeon Hana Citizen,31.0,182.0,€23.7만
2026,대한민국,Tae-Hyeon Kim,수비수,Kashima Antlers,,,
2026,대한민국,Tae-Seok Lee,수비수,Austria Wien,23.0,174.0,€112.6만
2026,대한민국,Young-Woo Seol,수비수,FK Crvena Zvezda,26.0,180.0,€480만
2026,대한민국,Jae-Sung Lee,미드필더,Mainz 05,33.0,180.0,€189.9만
2026,대한민국,Jens Castrop,미드필더,Borussia Mönchengladbach,22.0,177.0,€932.1만
2026,대한민국,Jin-Gyu Kim,미드필더,Jeonbuk Hyundai Motors FC,28.0,177.0,€76.8만
2026,대한민국,Jin-Seob Park,미드필더,Jeonbuk Hyundai Motors FC,29.0,184.0,€75.7만
2026,대한민국,Min-Woo Seo,미드필더,Gangwon FC,27.0,183.0,€35.9만
2026,대한민국,Seung-Ho Paik,미드필더,Birmingham City,28.0,180.0,€124.2만
2026,대한민국,Yong-Woo Park,미드필더,Al-Ain,32.0,186.0,€180만
2026,대한민국,Dong-Gyeong Lee,공격수,Gimcheon Sangmu,28.0,175.0,€88.4만
2026,대한민국,Heung-Min Son,공격수,Los Angeles FC,33.0,184.0,€1932.5만
2026,대한민국,Hyun-Gyu Oh,공격수,Genk,24.0,183.0,€427.8만
2026,대한민국,Joon-Ho Bae,공격수,Stoke City,22.0,180.0,€53만
2026,대한민국,Kang-In Lee,공격수,Paris Saint-Germain,24.0,173.0,€2593.7만
2026,대한민국,Sang-Bin Jeong,공격수,St. Louis City,23.0,173.0,€171.4만
2026,대한민국,Se-Hun Oh,공격수,Machida Zelvia,26.0,193.0,€88.6만
2026,에콰도르,David Cabezas,골키퍼,El Nacional,,,
2026,에콰도르,Gonzalo Valle,골키퍼,LDU de Quito,,,
2026,에콰도르,Hernán Galindez,골키퍼,Huracan,38.0,189.0,€71.1만
2026,에콰도르,Moisés Ramirez,골키퍼,Kifisia FC,25.0,185.0,€80만
2026,에콰도르,Cristian Ramirez,수비수,Lokomotiv Moscow,31.0,173.0,€163.8만
2026,에콰도르,Félix Torres,수비수,Corinthians,28.0,187.0,€600만
2026,에콰도르,Joel Ordonez,수비수,Club Brugge,21.0,185.0,€3413.8만
2026,에콰도르,Pervis Estupinán,수비수,Milan,27.0,175.0,€3259.6만
2026,에콰도르,Piero Hincapié,수비수,Arsenal,23.0,184.0,€5876만
2026,에콰도르,Willian Pacho,수비수,Paris Saint-Germain,23.0,188.0,€6445.7만
2026,에콰도르,Xavier Arreaga,수비수,Barcelona SC,30.0,184.0,€84.8만
2026,에콰도르,Alan Franco,미드필더,Atletico MG,27.0,175.0,€400만
2026,에콰도르,Angelo Preciado,미드필더,Sparta Prague,27.0,173.0,€188.9만
2026,에콰도르,Darwin Guagua,미드필더,Independiente del Valle,,,
2026,에콰도르,Denil Castillo,미드필더,FC Midtjylland,21.0,189.0,€130만
2026,에콰도르,Jordy Alcivar,미드필더,Independiente del Valle,26.0,173.0,€94만
2026,에콰도르,Moisés Caicedo,미드필더,Chelsea,23.0,178.0,€8439.1만
2026,에콰도르,Patrik Mercado,미드필더,Independiente del Valle,22.0,175.0,€16만
2026,에콰도르,Pedro Vite,미드필더,Pumas,23.0,170.0,€662.6만
2026,에콰도르,Yaimar Medina,미드필더,Genk,20.0,178.0,€500.8만
2026,에콰도르,Alan Minda,공격수,Cercle Brugge,22.0,171.0,€501.8만
2026,에콰도르,Bryan Ramirez,공격수,LDU de Quito,,,
2026,에콰도르,Enner Valencia,공격수,Pachuca,35.0,177.0,€100.3만
2026,에콰도르,Gonzalo Plata,공격수,Flamengo,24.0,178.0,€850.7만
2026,에콰도르,John Mercado,공격수,Sparta Prague,23.0,185.0,€216만
2026,에콰도르,John Yeboah,공격수,Venezia,25.0,170.0,€202.2만
2026,에콰도르,Kendry Paez,공격수,Strasbourg,18.0,177.0,€1508.9만
2026,에콰도르,Kevin Rodriguez,공격수,Union St.Gilloise,25.0,190.0,€132.7만
2026,에콰도르,Leonardo Campana,공격수,New England Revolution,25.0,187.0,€192.4만
2026,에콰도르,Nilson Angulo,공격수,Anderlecht,22.0,182.0,€202.2만
2026,오스트레일리아,Joe Gauci,골키퍼,Port Vale,25.0,194.0,€116.1만
2026,오스트레일리아,Mathew Ryan,골키퍼,Levante,33.0,184.0,€150.7만
2026,오스트레일리아,Paul Izzo,골키퍼,Randers FC,30.0,185.0,€37.4만
2026,오스트레일리아,Thomas Glover,골키퍼,오스트레일리아,27.0,190.0,€39.5만
2026,오스트레일리아,Alessandro Circati,수비수,Parma,21.0,190.0,€1026.7만
2026,오스트레일리아,Alex Bonetig,수비수,Western Sydney Wanderers FC,23.0,184.0,€33.1만
2026,오스트레일리아,Alex Gersbach,수비수,Western Sydney Wanderers FC,28.0,183.0,€23.4만
2026,오스트레일리아,Aziz Behich,수비수,Melbourne City FC,34.0,170.0,€26.4만
2026,오스트레일리아,Cameron Burgess,수비수,Swansea City,29.0,194.0,€156.3만
2026,오스트레일리아,Jack Iredale,수비수,Hibernian,29.0,184.0,€45.2만
2026,오스트레일리아,Jason Davidson,수비수,오스트레일리아,,,
2026,오스트레일리아,Jason Geria,수비수,Albirex Niigata,32.0,184.0,€35.9만
2026,오스트레일리아,Kai Trewin,수비수,Melbourne City FC,24.0,179.0,€49.8만
2026,오스트레일리아,Kasey Bos,수비수,Mainz 05,21.0,180.0,€103.6만
2026,오스트레일리아,Kye Rowles,수비수,DC United,27.0,185.0,€59만
2026,오스트레일리아,Lewis Miller,수비수,Blackburn Rovers,25.0,189.0,€108.2만
2026,오스트레일리아,Milos Degenek,수비수,TSC Backa Topola,31.0,187.0,€20.6만
2026,오스트레일리아,Sebastian Esposito,수비수,Melbourne Victory,20.0,191.0,€25만
2026,오스트레일리아,Aiden O'Neill,미드필더,New York City FC,27.0,178.0,€189.7만
2026,오스트레일리아,Anthony Caceres,미드필더,Macarthur FC,32.0,173.0,€18.5만
2026,오스트레일리아,Connor Metcalfe,미드필더,St. Pauli,25.0,178.0,€153만
2026,오스트레일리아,Keanu Baccus,미드필더,St. Mirren,27.0,178.0,€63.8만
2026,오스트레일리아,Maximilien Balard,미드필더,NAC Breda,24.0,178.0,€172.2만
2026,오스트레일리아,Nicolas Milanovic,미드필더,Aberdeen,23.0,185.0,€106만
2026,오스트레일리아,Patrick Yazbek,미드필더,Nashville SC,23.0,183.0,€167.5만
2026,오스트레일리아,Ryan Teague,미드필더,KV Mechelen,23.0,182.0,€75.5만
2026,오스트레일리아,Adam Taggart,공격수,Perth Glory,32.0,180.0,€27.9만
2026,오스트레일리아,Brandon Borrello,공격수,Western Sydney Wanderers FC,30.0,178.0,€66.6만
2026,오스트레일리아,Daniel Arzani,공격수,Ferencvaros,26.0,171.0,€28.8만
2026,오스트레일리아,Kusini Yengi,공격수,Aberdeen,26.0,189.0,€58.3만
2026,오스트레일리아,Marco Tilio,공격수,Rapid Wien,24.0,165.0,€85.5만
2026,오스트레일리아,Martin Boyle,공격수,Hibernian,32.0,178.0,€48.7만
2026,오스트레일리아,Mitchell Duke,공격수,Machida Zelvia,34.0,182.0,€27만
2026,오스트레일리아,Mohamed Toure,공격수,Randers FC,21.0,186.0,€141.7만
2026,오스트레일리아,Nestory Irankunda,공격수,Watford,19.0,175.0,€732.4만
2026,오스트레일리아,Riley McGree,공격수,Middlesbrough,26.0,178.0,€199만
2026,캐나다,Dayne St. Clair,골키퍼,Minnesota United,28.0,191.0,€143.9만
2026,캐나다,Jayden Hibbert,골키퍼,Atlanta United,21.0,188.0,€3만
2026,캐나다,Maxime Crepeau,골키퍼,Portland Timbers,31.0,185.0,€144만
2026,캐나다,Thomas McGill,골키퍼,Brighton & Hove Albion Academy,25.0,185.0,€70.1만
2026,캐나다,Derek Cornelius,수비수,Rangers,27.0,187.0,€470.5만
2026,캐나다,Jahkeele Marshall-Rutty,수비수,Charlotte FC,21.0,170.0,€143.7만
2026,캐나다,Jamie Knight-Lebel,수비수,Swindon Town,20.0,188.0,€94.4만
2026,캐나다,Joel Waterman,수비수,Chicago Fire FC,29.0,188.0,€148.4만
2026,캐나다,Luc De Fougerolles,수비수,FCV Dender EH,19.0,178.0,€89.7만
2026,캐나다,Niko Sigur,수비수,Hajduk Split,22.0,180.0,€402만
2026,캐나다,Richie Laryea,수비수,Toronto FC,30.0,175.0,€70.7만
2026,캐나다,Ismael Kone,미드필더,Sassuolo,23.0,187.0,€1157.9만
2026,캐나다,Jacob Shaffelburg,미드필더,Nashville SC,25.0,178.0,€247.5만
2026,캐나다,Junior Hoilett,미드필더,Hibernian,35.0,173.0,€28.8만
2026,캐나다,Mathieu Choiniere,미드필더,Los Angeles FC,26.0,175.0,€55.4만
2026,캐나다,Nathan Saliba,미드필더,Anderlecht,21.0,173.0,€340만
2026,캐나다,Stephen Eustaquio,미드필더,FC Porto,28.0,178.0,€837.5만
2026,캐나다,Tajon Buchanan,미드필더,Villarreal,26.0,183.0,€624.3만
2026,캐나다,Zorhan Bassong,미드필더,Sporting Kansas City,26.0,179.0,€23.2만
2026,캐나다,Ali Ahmed,공격수,Vancouver Whitecaps,24.0,180.0,€122.1만
2026,캐나다,Jayden Nelson,공격수,Vancouver Whitecaps,23.0,170.0,€193.9만
2026,캐나다,Jonathan David,공격수,Juventus,25.0,175.0,€4448.3만
2026,캐나다,Promise David,공격수,Union St.Gilloise,24.0,195.0,€1268.2만
2026,캐나다,Tani Oluwaseyi,공격수,Villarreal,25.0,188.0,€653.3만
2026,캐나다,Thelonius Bair,공격수,Lausanne,26.0,193.0,€150.2만
2026,노르웨이,Egil Selvik,골키퍼,Watford,28.0,192.0,€125만
2026,노르웨이,Mathias Dyngeland,골키퍼,Brann,29.0,184.0,€90.1만
2026,노르웨이,Ørjan Håskjold Nyland,골키퍼,Sevilla,35.0,192.0,€92.4만
2026,노르웨이,Andreas Hanche-Olsen,수비수,Mainz 05,28.0,185.0,€522.9만
2026,노르웨이,David Møller Wolfe,수비수,Wolverhampton Wanderers,23.0,185.0,€492.8만
2026,노르웨이,Fredrik André Bjørkan,수비수,Bodø/Glimt,27.0,180.0,€191.2만
2026,노르웨이,Julian Ryerson,수비수,Borussia Dortmund,27.0,183.0,€2209.4만
2026,노르웨이,Kristoffer Vassbakk Ajer,수비수,Brentford,27.0,196.0,€2149.4만
2026,노르웨이,Leo Østigard,수비수,Genoa,25.0,182.0,€1067.4만
2026,노르웨이,Tobias Guddal,수비수,Tromsø,23.0,201.0,€213.6만
2026,노르웨이,Torbjoern Lysaker Heggem,수비수,Bologna,26.0,185.0,€141만
2026,노르웨이,Antonio Nusa,미드필더,RB Leipzig,20.0,180.0,€3553.9만
2026,노르웨이,Aron Dønnum,미드필더,Toulouse,27.0,179.0,€404.3만
2026,노르웨이,Felix Horn Myhre,미드필더,Brann,26.0,180.0,€249.9만
2026,노르웨이,Marcus Holmgren Pedersen,미드필더,Torino,25.0,183.0,€266.2만
2026,노르웨이,Martin Ødegaard,미드필더,Arsenal,26.0,176.0,€8727.3만
2026,노르웨이,Morten Thorsby,미드필더,Genoa,29.0,186.0,€207만
2026,노르웨이,Patrick Berg,미드필더,Bodø/Glimt,27.0,178.0,€256.6만
2026,노르웨이,Sander Berge,미드필더,Fulham,27.0,193.0,€2873.4만
2026,노르웨이,Thelo Aasgaard,미드필더,Rangers,23.0,188.0,€213.7만
2026,노르웨이,Alexander Sørloth,공격수,Atletico Madrid,29.0,193.0,€2412.6만
2026,노르웨이,Andreas Schjelderup,공격수,Benfica,21.0,176.0,€1903.9만
2026,노르웨이,Aune Selland Heggebø,공격수,West Bromwich Albion,24.0,185.0,€513.7만
2026,노르웨이,Erling Haaland,공격수,Manchester City,25.0,194.0,€1.9억
2026,노르웨이,Jørgen Strand Larsen,공격수,Wolverhampton Wanderers,25.0,193.0,€3827.3만
2026,노르웨이,Oscar Bobb,공격수,Manchester City,22.0,174.0,€2794만
2026,스웨덴,Kristoffer Nordfeldt,골키퍼,AIK,36.0,190.0,€23.1만
2026,스웨덴,Robin Olsen,골키퍼,Malmö FF,35.0,198.0,€81.2만
2026,스웨덴,Viktor Johansson,골키퍼,Stoke City,27.0,186.0,€696.4만
2026,스웨덴,Axel Norén,수비수,Mjällby,26.0,184.0,€130.8만
2026,스웨덴,Emil Krafth,수비수,Newcastle United,31.0,181.0,€167.6만
2026,스웨덴,Gabriel Gudmundsson,수비수,Leeds United,26.0,181.0,€1023.6만
2026,스웨덴,Hjalmar Ekdal,수비수,Burnley,26.0,187.0,€280.6만
2026,스웨덴,Isak Hien,수비수,Atalanta,26.0,191.0,€3397만
2026,스웨덴,Samuel Dahl,수비수,Benfica,22.0,171.0,€902.9만
2026,스웨덴,Alexander Bernhardsson,미드필더,Holstein Kiel,27.0,185.0,€205.7만
2026,스웨덴,Anton Salétros,미드필더,AIK,29.0,185.0,€164만
2026,스웨덴,Daniel Svensson,미드필더,Borussia Dortmund,23.0,183.0,€1541.2만
2026,스웨덴,Hugo Larsson,미드필더,Eintracht Frankfurt,21.0,187.0,€2178.8만
2026,스웨덴,Jesper Karlström,미드필더,Udinese,30.0,182.0,€223.4만
2026,스웨덴,Ken Sema,미드필더,Pafos FC,31.0,177.0,€66.6만
2026,스웨덴,Lucas Bergvall,미드필더,Tottenham Hotspur,19.0,186.0,€5287.8만
2026,스웨덴,Yasin Ayari,미드필더,Brighton & Hove Albion,21.0,172.0,€2444.9만
2026,스웨덴,Alexander Isak,공격수,Liverpool,26.0,192.0,€1.1억
2026,스웨덴,Anthony Elanga,공격수,Newcastle United,23.0,178.0,€3674.3만
2026,스웨덴,Benjamin Nygren,공격수,Celtic,24.0,184.0,€703.7만
2026,스웨덴,Jordan Larsson,공격수,FC København,28.0,175.0,€192.2만
2026,스웨덴,Niclas Eliasson,공격수,AEK Athens,29.0,174.0,€228.6만
2026,스웨덴,Sebastian Nanasi,공격수,Strasbourg,23.0,178.0,€2121.6만
2026,스웨덴,Viktor Gyökeres,공격수,Arsenal,27.0,187.0,€7994.9만
2026,세르비아,Djordje Petrovic,골키퍼,AFC Bournemouth,25.0,194.0,€2566.5만
2026,세르비아,Dragan Rosic,골키퍼,Vojvodina,29.0,189.0,€45만
2026,세르비아,Vanja Milinkovic-Savic,골키퍼,Napoli,28.0,202.0,€1402.3만
2026,세르비아,Veljko Ilic,골키퍼,Widzew Łódź,22.0,195.0,€356.5만
2026,세르비아,Aleksa Terzic,수비수,Salzburg,26.0,185.0,€233.4만
2026,세르비아,Jan-Carlo Simic,수비수,Al Ittihad,20.0,186.0,€1208.9만
2026,세르비아,Kosta Nedeljkovic,수비수,RB Leipzig,19.0,184.0,€1388.9만
2026,세르비아,Milos Veljkovic,수비수,FK Crvena Zvezda,30.0,188.0,€183.5만
2026,세르비아,Nemanja Stojic,수비수,PFC Sochi,27.0,190.0,€165만
2026,세르비아,Nikola Milenkovic,수비수,Nottingham Forest,27.0,195.0,€4380.9만
2026,세르비아,Srdjan Babic,수비수,Spartak Moscow,29.0,195.0,€456.4만
2026,세르비아,Strahinja Erakovic,수비수,Zenit St. Petersburg,24.0,184.0,€1038.7만
2026,세르비아,Strahinja Pavlovic,수비수,Milan,24.0,194.0,€2129.9만
2026,세르비아,Aleksandar Katai,미드필더,FK Crvena Zvezda,34.0,182.0,€23만
2026,세르비아,Filip Kostic,미드필더,Juventus,32.0,184.0,€240.6만
2026,세르비아,Ivan Ilic,미드필더,Torino,24.0,182.0,€1552.7만
2026,세르비아,Lazar Samardzic,미드필더,Atalanta,23.0,184.0,€1892.5만
2026,세르비아,Nemanja Gudelj,미드필더,Sevilla,33.0,187.0,€198.4만
2026,세르비아,Nemanja Maksimovic,미드필더,Shabab Al-Ahli Dubai FC,30.0,189.0,€500만
2026,세르비아,Ognjen Ugresic,미드필더,Partizan Beograd,19.0,188.0,€119.7만
2026,세르비아,Sasa Lukic,미드필더,Fulham,29.0,183.0,€1434.6만
2026,세르비아,Uros Racic,미드필더,Aris Thessaloniki FC,27.0,193.0,€231.5만
2026,세르비아,Aleksandar Mitrovic,공격수,Al-Rayyan,31.0,187.0,€1033.5만
2026,세르비아,Andrija Zivkovic,공격수,PAOK Thessaloniki FC,29.0,169.0,€647.7만
2026,세르비아,Dusan Vlahovic,공격수,Juventus,25.0,190.0,€2743.4만
2026,세르비아,Luka Jovic,공격수,AEK Athens,27.0,181.0,€274.8만
2026,세르비아,Nikola Stulic,공격수,Lecce,24.0,188.0,€600.2만
2026,세르비아,Stefan Mitrovic,공격수,Excelsior,23.0,181.0,€178.2만
2026,세르비아,Veljko Birmancevic,공격수,Sparta Prague,27.0,179.0,€381.3만
2026,이집트,Abdelaziz El Balouti,골키퍼,National Bank,,,
2026,이집트,Mohamed El Shenawy,골키퍼,Al Ahly SC,36.0,191.0,€96.4만
2026,이집트,Mohamed Sobhi,골키퍼,Zamalek SC,,,
2026,이집트,Mostafa Ahmed Shobeir,골키퍼,Al Ahly SC,25.0,185.0,€45만
2026,이집트,Ahmed Eid,수비수,Al Masry SC,24.0,178.0,€18만
2026,이집트,Ahmed Kouka,수비수,Al Ahly SC,24.0,178.0,€84만
2026,이집트,Ahmed Ramadan,수비수,Al Ahly SC,,,
2026,이집트,Amr El Gazar,수비수,National Bank,26.0,181.0,€39만
2026,이집트,Hossam Abdelmaguid,수비수,Zamalek SC,24.0,193.0,€105만
2026,이집트,Khaled Sobhi,수비수,Al Masry SC,,,
2026,이집트,Mohamed Abdelmonem,수비수,Nice,26.0,183.0,€374.5만
2026,이집트,Mohamed Hamdi,수비수,Pyramids FC,30.0,174.0,€91.8만
2026,이집트,Mohamed Hany,수비수,Al Ahly SC,29.0,180.0,€121.1만
2026,이집트,Mohamed Rabia,수비수,ZED FC,,,
2026,이집트,Rami Rabia,수비수,Al-Ain,,,
2026,이집트,Hamdi Fathi,미드필더,Al-Wakrah,,,
2026,이집트,Mahmoud Saber,미드필더,ZED FC,,,
2026,이집트,Marwan Attia,미드필더,Al Ahly SC,27.0,170.0,€175.9만
2026,이집트,Mohamed Shehata,미드필더,Zamalek SC,,,
2026,이집트,Mohanad Lasheen,미드필더,Pyramids FC,29.0,179.0,€114.8만
2026,이집트,Nabil Dunga,미드필더,Zamalek SC,29.0,179.0,€63.9만
2026,이집트,Zizo,미드필더,Al Ahly SC,29.0,180.0,€223.6만
2026,이집트,Ibrahim Adel,공격수,Al-Jazira,24.0,173.0,€409.8만
2026,이집트,Mohamed Salah,공격수,Liverpool,33.0,175.0,€4582.7만
2026,이집트,Mostafa Fathi,공격수,Pyramids FC,,,
2026,이집트,Mostafa Mohamed,공격수,Nantes,27.0,185.0,€594.7만
2026,이집트,Omar Marmoush,공격수,Manchester City,26.0,183.0,€7492.5만
2026,이집트,Osama Faisal,공격수,National Bank,,,
2026,이집트,Trezeguet,공격수,Al Ahly SC,30.0,181.0,€470만
2026,폴란드,Bartlomiej Dragowski,골키퍼,Panathinaikos,28.0,188.0,€186.8만
2026,폴란드,Bartosz Mrozek,골키퍼,Lech Poznan,25.0,191.0,€246.1만
2026,폴란드,Kamil Grabara,골키퍼,Wolfsburg,26.0,190.0,€1594만
2026,폴란드,Lukasz Skorupski,골키퍼,Bologna,34.0,187.0,€219.4만
2026,폴란드,Arkadiusz Pyrka,수비수,St. Pauli,23.0,177.0,€152.4만
2026,폴란드,Jakub Kiwior,수비수,FC Porto,25.0,189.0,€3538.5만
2026,폴란드,Jan Bednarek,수비수,FC Porto,29.0,189.0,€834.5만
2026,폴란드,Jan Ziolkowski,수비수,Roma,20.0,194.0,€665만
2026,폴란드,Matty Cash,수비수,Aston Villa,28.0,185.0,€2219.5만
2026,폴란드,Pawel Wszolek,수비수,Legia Warszawa,33.0,186.0,€33.1만
2026,폴란드,Przemyslaw Frankowski,수비수,Rennes,30.0,175.0,€590.7만
2026,폴란드,Przemyslaw Wisniewski,수비수,Spezia,27.0,195.0,€162.4만
2026,폴란드,Tomasz Kedziora,수비수,PAOK Thessaloniki FC,31.0,183.0,€121.3만
2026,폴란드,Bartosz Kapustka,미드필더,Legia Warszawa,28.0,179.0,€80만
2026,폴란드,Bartosz Slisz,미드필더,Atlanta United,26.0,179.0,€250.7만
2026,폴란드,Jakub Kaminski,미드필더,1. FC Köln,23.0,179.0,€730.7만
2026,폴란드,Jakub Piotrowski,미드필더,Udinese,27.0,184.0,€189.5만
2026,폴란드,Nicola Zalewski,미드필더,Atalanta,23.0,175.0,€1514.3만
2026,폴란드,Piotr Zielinski,미드필더,Inter,31.0,177.0,€858.9만
2026,폴란드,Sebastian Szymanski,미드필더,Fenerbahçe,26.0,174.0,€1387.5만
2026,폴란드,Adam Buksa,공격수,Udinese,29.0,191.0,€573.7만
2026,폴란드,Kamil Grosicki,공격수,Pogoń Szczecin,37.0,180.0,€27.1만
2026,폴란드,Karol Swiderski,공격수,Panathinaikos,28.0,184.0,€248.6만
2026,폴란드,Krzysztof Piatek,공격수,Al-Duhail SC,30.0,183.0,€745.8만
2026,폴란드,Robert Lewandowski,공격수,Barcelona,37.0,185.0,€997.5만
2026,파라과이,Carlos Coronel,골키퍼,New York Red Bulls,28.0,192.0,€91.9만
2026,파라과이,Juan Espinola,골키퍼,Newell's Old Boys,30.0,179.0,€73.6만
2026,파라과이,Orlando Gill,골키퍼,San Lorenzo,,,
2026,파라과이,Roberto Fernandez,골키퍼,Cerro Porteno,37.0,191.0,€30만
2026,파라과이,Agustin Sandez,수비수,Rosario Central,24.0,184.0,€231.6만
2026,파라과이,Alan Benitez,수비수,Internacional,31.0,177.0,€57만
2026,파라과이,Alexis Duarte,수비수,Santos FC,25.0,185.0,€243.3만
2026,파라과이,Blas Riveros,수비수,Cerro Porteno,27.0,177.0,€50만
2026,파라과이,Fabian Balbuena,수비수,Gremio,34.0,190.0,€125.1만
2026,파라과이,Gustavo Gomez,수비수,Palmeiras,32.0,186.0,€394.9만
2026,파라과이,Gustavo Velazquez,수비수,Cerro Porteno,34.0,179.0,€85만
2026,파라과이,Juan Caceres,수비수,Dinamo Moscow,25.0,173.0,€391.6만
2026,파라과이,Junior Alonso,수비수,Atletico MG,32.0,185.0,€400만
2026,파라과이,Omar Alderete,수비수,Sunderland,28.0,188.0,€1071.5만
2026,파라과이,Andrés Cubas,미드필더,Vancouver Whitecaps,29.0,169.0,€215만
2026,파라과이,Braian Ojeda,미드필더,Real Salt Lake,25.0,173.0,€204.3만
2026,파라과이,Damian Bobadilla,미드필더,Sao Paulo,24.0,181.0,€300만
2026,파라과이,Diego Gomez,미드필더,Brighton & Hove Albion,22.0,183.0,€157만
2026,파라과이,Hugo Cuenca,미드필더,Genoa,20.0,183.0,€69.1만
2026,파라과이,Julio Enciso,미드필더,Strasbourg,21.0,173.0,€2136.7만
2026,파라과이,Kaku,미드필더,Al-Ain,30.0,165.0,€350만
2026,파라과이,Lucas Romero,미드필더,Recoleta,,,
2026,파라과이,Mathias Villasanti,미드필더,Gremio,28.0,178.0,€950만
2026,파라과이,Ruben Lezcano,미드필더,Fluminense,21.0,178.0,€430만
2026,파라과이,Adrian Alcaraz,공격수,Olimpia,25.0,181.0,€44만
2026,파라과이,Alex Arce,공격수,Independiente Rivadavia,30.0,187.0,€256.6만
2026,파라과이,Angel Romero,공격수,Corinthians,33.0,177.0,€130만
2026,파라과이,Antonio Sanabria,공격수,Cremonese,29.0,180.0,€217.7만
2026,파라과이,Gabriel Avalos,공격수,Independiente,34.0,185.0,€130만
2026,파라과이,Isidro Pitta,공격수,Red Bull Bragantino,26.0,183.0,€696.9만
2026,파라과이,Matias Galarza,공격수,River Plate,23.0,175.0,€213.1만
2026,파라과이,Miguel Almiron,공격수,Atlanta United,31.0,174.0,€2264.4만
2026,파라과이,Ramon Sosa,공격수,Palmeiras,26.0,179.0,€1353.9만
2026,파라과이,Rodney Redes,공격수,Olimpia,25.0,173.0,€150만
2026,파라과이,Ronaldo Martinez,공격수,Club Atletico Platense,29.0,178.0,€135.4만
2026,알제리,Alexis Guendouz,골키퍼,MC Alger,,,
2026,알제리,Oussama Benbot,골키퍼,USM Alger,,,
2026,알제리,Zakaria Bouhalfaya,골키퍼,CS Constantine,,,
2026,알제리,Ahmed Touba,수비수,Panathinaikos,27.0,184.0,€161만
2026,알제리,Aissa Mandi,수비수,Lille,33.0,186.0,€88.4만
2026,알제리,Jaouen Hadjam,수비수,Young Boys,22.0,184.0,€941.8만
2026,알제리,Kevin Van Den Kerkhof,수비수,Sporting Charleroi,29.0,190.0,€54.6만
2026,알제리,Mohamed Tougai,수비수,Espérance,,,
2026,알제리,Naoufel Khacef,수비수,CR Belouizdad,27.0,179.0,€33만
2026,알제리,Ramy Bensebaini,수비수,Borussia Dortmund,30.0,186.0,€1650.8만
2026,알제리,Youcef Atal,수비수,Al-Sadd,29.0,176.0,€156.8만
2026,알제리,Fares Chaibi,미드필더,Eintracht Frankfurt,22.0,183.0,€1279.8만
2026,알제리,Hicham Boudaoui,미드필더,Nice,26.0,173.0,€1444.1만
2026,알제리,Himad Abdelli,미드필더,Angers,25.0,185.0,€529.5만
2026,알제리,Houssem Aouar,미드필더,Al Ittihad,27.0,175.0,€922.1만
2026,알제리,Ibrahim Maza,미드필더,Bayer Leverkusen,19.0,180.0,€1669.9만
2026,알제리,Ilan Kebbal,미드필더,Paris FC,27.0,169.0,€484.1만
2026,알제리,Mohammed Benkhemassa,미드필더,MC Alger,,,
2026,알제리,Nabil Bentaleb,미드필더,Lille,30.0,187.0,€87.1만
2026,알제리,Ramiz Zerrouki,미드필더,FC Twente,27.0,183.0,€405.5만
2026,알제리,Rayan Ait Nouri,미드필더,Manchester City,24.0,180.0,€4548.6만
2026,알제리,Yassine Benzia,미드필더,Al-Fayha,31.0,178.0,€55.1만
2026,알제리,Amine Gouiri,공격수,Marseille,25.0,180.0,€3269.9만
2026,알제리,Anis Hadj Moussa,공격수,Feyenoord,23.0,176.0,€1710.9만
2026,알제리,Baghdad Bounedjah,공격수,Al-Shamal,33.0,184.0,€155.8만
2026,알제리,Mohamed Amoura,공격수,Wolfsburg,25.0,168.0,€3709.4만
2026,알제리,Riyad Mahrez,공격수,Al Ahli,34.0,179.0,€527.9만
2026,알제리,Said Benrahma,공격수,Neom SC,30.0,172.0,€705.1만
2026,알제리,Youcef Belaili,공격수,Espérance,33.0,178.0,€92.5만
2026,체코,Jindrich Stanek,골키퍼,Slavia Prague,29.0,192.0,€180.5만
2026,체코,Matej Kovar,골키퍼,PSV Eindhoven,25.0,196.0,€457.2만
2026,체코,Vitezslav Jaros,골키퍼,Ajax,24.0,187.0,€213.5만
2026,체코,David Jurasek,수비수,Beşiktaş,25.0,183.0,€519만
2026,체코,Jaroslav Zeleny,수비수,Sparta Prague,33.0,189.0,€58만
2026,체코,Ladislav Krejci,수비수,Wolverhampton Wanderers,26.0,191.0,€1635.4만
2026,체코,Martin Cedidla,수비수,Jablonec,23.0,184.0,€68.8만
2026,체코,Martin Vitik,수비수,Bologna,22.0,192.0,€1338.2만
2026,체코,Robin Hranac,수비수,Hoffenheim,25.0,190.0,€103.6만
2026,체코,Tomas Holes,수비수,Slavia Prague,32.0,180.0,€147.8만
2026,체코,Vaclav Jemelka,수비수,Viktoria Plzen,30.0,186.0,€138.3만
2026,체코,Adam Karabec,미드필더,Lyon,22.0,186.0,€384만
2026,체코,Alex Kral,미드필더,Union Berlin,27.0,185.0,€422.8만
2026,체코,David Doudera,미드필더,Slavia Prague,27.0,175.0,€210.8만
2026,체코,Lukas Cerv,미드필더,Viktoria Plzen,24.0,179.0,€466.1만
2026,체코,Michal Beran,미드필더,Sigma Olomouc,25.0,167.0,€106.8만
2026,체코,Michal Sadilek,미드필더,Slavia Prague,26.0,169.0,€766.6만
2026,체코,Pavel Sulc,미드필더,Lyon,24.0,177.0,€1144.9만
2026,체코,Tomas Soucek,미드필더,West Ham United,30.0,190.0,€1938.4만
2026,체코,Jan Kuchta,공격수,Sparta Prague,28.0,184.0,€223.9만
2026,체코,Lukas Provod,공격수,Slavia Prague,28.0,189.0,€548.8만
2026,체코,Matej Vydra,공격수,Viktoria Plzen,33.0,180.0,€51.9만
2026,체코,Patrik Schick,공격수,Bayer Leverkusen,29.0,186.0,€2434.6만
2026,체코,Tomas Chory,공격수,Slavia Prague,30.0,198.0,€240.1만
2026,체코,Václav Cerny,공격수,Beşiktaş,27.0,178.0,€714.9만
2026,체코,Vasil Kusej,공격수,Slavia Prague,25.0,168.0,€284.9만
2026,그리스,Christos Mandas,골키퍼,Lazio,24.0,185.0,€1283.6만
2026,그리스,Konstantinos Tzolakis,골키퍼,Olympiacos,22.0,193.0,€1138.5만
2026,그리스,Odysseas Vlachodimos,골키퍼,Sevilla,31.0,191.0,€196.5만
2026,그리스,Georgios Vagiannidis,수비수,Sporting CP,24.0,182.0,€1001.5만
2026,그리스,Giorgos Kyriakopoulos,수비수,Panathinaikos,29.0,178.0,€170.1만
2026,그리스,Konstantinos Koulierakis,수비수,Wolfsburg,21.0,187.0,€2807.2만
2026,그리스,Konstantinos Mavropanos,수비수,West Ham United,27.0,194.0,€1806.1만
2026,그리스,Konstantinos Tsimikas,수비수,Roma,29.0,179.0,€1708.2만
2026,그리스,Lazaros Rota,수비수,AEK Athens,28.0,180.0,€82.9만
2026,그리스,Panagiotis Retsos,수비수,Olympiacos,27.0,185.0,€423.2만
2026,그리스,Pantelis Hatzidiakos,수비수,FC København,28.0,181.0,€210.2만
2026,그리스,Anastasios Bakasetas,미드필더,Panathinaikos,32.0,180.0,€202.9만
2026,그리스,Christos Mouzakitis,미드필더,Olympiacos,18.0,175.0,€1570만
2026,그리스,Christos Zafeiris,미드필더,Slavia Prague,22.0,172.0,€1222만
2026,그리스,Dimitrios Giannoulis,미드필더,Augsburg,29.0,175.0,€349.6만
2026,그리스,Dimitrios Kourbelis,미드필더,Al Khaleej,31.0,182.0,€37.1만
2026,그리스,Dimitrios Pelkas,미드필더,PAOK Thessaloniki FC,31.0,175.0,€100.2만
2026,그리스,Giannis Konstantelias,미드필더,PAOK Thessaloniki FC,22.0,175.0,€1769.7만
2026,그리스,Konstantinos Karetsas,미드필더,Genk,17.0,171.0,€2261.3만
2026,그리스,Manolis Siopis,미드필더,Panathinaikos,31.0,168.0,€104.5만
2026,그리스,Petros Mantalos,미드필더,AEK Athens,34.0,176.0,€44.9만
2026,그리스,Anastasios Douvikas,공격수,Como,26.0,184.0,€1119.8만
2026,그리스,Christos Tzolis,공격수,Club Brugge,23.0,175.0,€2583.1만
2026,그리스,Fotis Ioannidis,공격수,Sporting CP,25.0,186.0,€1638.6만
2026,그리스,Giorgos Masouras,공격수,Al Khaleej,31.0,184.0,€149.9만
2026,그리스,Vangelis Pavlidis,공격수,Benfica,26.0,186.0,€3849.8만
2026,코트디부아르,Alban Lafont,골키퍼,Panathinaikos,26.0,191.0,€221.2만
2026,코트디부아르,Mohamed Koné,골키퍼,Sporting Charleroi,23.0,186.0,€154.1만
2026,코트디부아르,Yahia Fofana,골키퍼,Rizespor,25.0,194.0,€596.1만
2026,코트디부아르,Armel Zohouri,수비수,Iberia 1999,24.0,176.0,€22.2만
2026,코트디부아르,Christopher Operi,수비수,Başakşehir,28.0,182.0,€230.7만
2026,코트디부아르,Clement Akpa,수비수,Auxerre,23.0,183.0,€695만
2026,코트디부아르,Emmanuel Agbadou,수비수,Wolverhampton Wanderers,28.0,192.0,€2385.1만
2026,코트디부아르,Evan N'Dicka,수비수,Roma,26.0,192.0,€2888.4만
2026,코트디부아르,Ghislain Konan,수비수,Gil Vicente,29.0,176.0,€57.3만
2026,코트디부아르,Jean-Philippe Gbamin,수비수,Metz,30.0,186.0,€119.2만
2026,코트디부아르,Luck Zogbe,수비수,Brest,20.0,178.0,€498.6만
2026,코트디부아르,Odilon Kossounou,수비수,Atalanta,24.0,188.0,€2836.5만
2026,코트디부아르,Wilfried Singo,수비수,Galatasaray,24.0,190.0,€2577.8만
2026,코트디부아르,Amad,미드필더,Manchester United,23.0,174.0,€5324.3만
2026,코트디부아르,Franck Kessié,미드필더,Al Ahli,28.0,180.0,€1122만
2026,코트디부아르,Ibrahim Sangaré,미드필더,Nottingham Forest,27.0,191.0,€2469.7만
2026,코트디부아르,Seko Fofana,미드필더,Rennes,30.0,183.0,€1017.8만
2026,코트디부아르,Bazoumana Touré,공격수,Hoffenheim,,,
2026,코트디부아르,Evann Guessand,공격수,Aston Villa,24.0,185.0,€2793만
2026,코트디부아르,Nicolas Pépé,공격수,Villarreal,30.0,178.0,€499.4만
2026,코트디부아르,Parfait Guiagon,공격수,Sporting Charleroi,24.0,169.0,€146.5만
2026,코트디부아르,Sebastien Haller,공격수,FC Utrecht,31.0,187.0,€205.7만
2026,코트디부아르,Simon Adingra,공격수,Sunderland,23.0,175.0,€3572.4만
2026,코트디부아르,Vakoun Issouf Bayo,공격수,Udinese,28.0,184.0,€378.5만
2026,나이지리아,Adebayo Adeleye,골키퍼,NFC Volos,,,
2026,나이지리아,Amas Obasogie,골키퍼,나이지리아,,,
2026,나이지리아,Stanley Nwabili,골키퍼,Chippa United,,,
2026,나이지리아,Benjamin Fredrick,수비수,FCV Dender EH,,,
2026,나이지리아,Bright Osayi-Samuel,수비수,Birmingham City,27.0,175.0,€630.4만
2026,나이지리아,Calvin Bassey,수비수,Fulham,25.0,185.0,€2489.4만
2026,나이지리아,Chidozie Awaziem,수비수,Nantes,28.0,192.0,€164.6만
2026,나이지리아,Ola Aina,수비수,Nottingham Forest,28.0,184.0,€2584.2만
2026,나이지리아,Sopuruchukwu Onyemaechi,수비수,Olympiacos,26.0,183.0,€300만
2026,나이지리아,William Troost-Ekong,수비수,Al Kholood,32.0,191.0,€112.3만
2026,나이지리아,Ademola Lookman,미드필더,Atalanta,27.0,174.0,€4782.4만
2026,나이지리아,Alhassan Yusuf,미드필더,New England Revolution,25.0,175.0,€220.4만
2026,나이지리아,Felix Agu,미드필더,Werder Bremen,26.0,180.0,€891.6만
2026,나이지리아,Fisayo Dele-Bashiru,미드필더,Lazio,24.0,176.0,€896.2만
2026,나이지리아,Frank Onyeka,미드필더,Brentford,27.0,183.0,€897.2만
2026,나이지리아,Fredrick Godwin,미드필더,Mjøndalen,,,
2026,나이지리아,Nathan Tella,미드필더,Bayer Leverkusen,26.0,173.0,€1723.7만
2026,나이지리아,Raphael Onyedika,미드필더,Club Brugge,24.0,184.0,€2009.7만
2026,나이지리아,Wilfred Ndidi,미드필더,Beşiktaş,28.0,183.0,€1568.2만
2026,나이지리아,Akor Adams,공격수,Sevilla,25.0,190.0,€625.8만
2026,나이지리아,Alex Iwobi,공격수,Fulham,29.0,180.0,€3430.5만
2026,나이지리아,Christantus Uche,공격수,Crystal Palace,22.0,190.0,€1907.6만
2026,나이지리아,Cyriel Dessers,공격수,Panathinaikos,30.0,185.0,€245.6만
2026,나이지리아,Moses Simon,공격수,Paris FC,30.0,168.0,€1271.2만
2026,나이지리아,Samuel Chukwueze,공격수,Fulham,26.0,172.0,€1156.6만
2026,나이지리아,Terem Moffi,공격수,Nice,26.0,188.0,€1448.8만
2026,나이지리아,Tolu Arokodare,공격수,Wolverhampton Wanderers,24.0,197.0,€1678.4만
2026,나이지리아,Umar Sadiq,공격수,Real Sociedad,28.0,192.0,€501.5만
2026,나이지리아,Victor Okoh Boniface,공격수,Werder Bremen,24.0,191.0,€3956만
2026,나이지리아,Victor Osimhen,공격수,Galatasaray,26.0,185.0,€7674.2만
2026,튀니지,Aymen Dahmen,골키퍼,CS Sfaxien,28.0,188.0,€64.4만
2026,튀니지,Bechir Ben Said,골키퍼,Espérance,32.0,193.0,€69.1만
2026,튀니지,Noureddine Farhati,골키퍼,튀니지,,,
2026,튀니지,Alaa Ghram,수비수,Shakhtar Donetsk,24.0,190.0,€153만
2026,튀니지,Amine Ben Hamida,수비수,Espérance,,,
2026,튀니지,Dylan Bronn,수비수,Servette,30.0,186.0,€34.7만
2026,튀니지,Montassar Talbi,수비수,Lorient,27.0,190.0,€536.3만
2026,튀니지,Moutaz Neffati,수비수,IFK Norrköping,,,
2026,튀니지,Yan Valery,수비수,Sheffield Wednesday,26.0,180.0,€145.1만
2026,튀니지,Yassine Meriah,수비수,Espérance,32.0,183.0,€96.8만
2026,튀니지,Aissa Laidouni,미드필더,튀니지,28.0,183.0,€344.7만
2026,튀니지,Ali Abdi,미드필더,Nice,31.0,177.0,€198.7만
2026,튀니지,Ferjani Sassi,미드필더,Al-Gharafa,33.0,186.0,€60.1만
2026,튀니지,Firas Ben Larbi,미드필더,Sharjah Cultural Club,29.0,171.0,€38만
2026,튀니지,Hadj Mahmoud,미드필더,Lugano,25.0,179.0,€420만
2026,튀니지,Hannibal Mejbri,미드필더,Burnley,22.0,177.0,€1653.7만
2026,튀니지,Mohamed Ali Ben Romdhane,미드필더,Al Ahly SC,26.0,182.0,€133.2만
2026,튀니지,Naim Sliti,미드필더,Al-Shamal,33.0,173.0,€149.4만
2026,튀니지,Amor Layouni,공격수,Häcken,32.0,191.0,€47.5만
2026,튀니지,Elias Achouri,공격수,FC København,26.0,177.0,€242.8만
2026,튀니지,Elias Saad,공격수,Augsburg,25.0,185.0,€366.9만
2026,튀니지,Firas Chaouat,공격수,Club Africain,29.0,185.0,€69.6만
2026,튀니지,Hazem Mastouri,공격수,Dynamo Makhachkala,28.0,191.0,€83.5만
2026,튀니지,Ismaël Gharbi,공격수,Augsburg,21.0,173.0,€1047.5만
2026,튀니지,Mortadha Ben Ouanes,공격수,Kasımpaşa,31.0,182.0,€125.1만
2026,튀니지,Sebastian Tounekti,공격수,Celtic,23.0,183.0,€119만
2026,코스타리카,Alexandre Lezcano,골키퍼,Deportiva San Carlos,,,
2026,코스타리카,Keylor Navas,골키퍼,Pumas,38.0,185.0,€67.5만
2026,코스타리카,Patrick Sequeira,골키퍼,Casa Pia AC,26.0,190.0,€254.2만
2026,코스타리카,Alexis Gamboa,수비수,LD Alajuelense,26.0,189.0,€40만
2026,코스타리카,Carlos Mora,수비수,Universitatea Craiova,24.0,178.0,€101.2만
2026,코스타리카,Francisco Calvo,수비수,Al-Ettifaq,33.0,180.0,€38만
2026,코스타리카,Joseph Mora,수비수,Deportivo Saprissa,32.0,170.0,€55만
2026,코스타리카,Juan Pablo Vargas,수비수,Millonarios,30.0,192.0,€140만
2026,코스타리카,Julio Cascante,수비수,Austin FC,31.0,186.0,€65.5만
2026,코스타리카,Kenay Myrie,수비수,Deportivo Saprissa,,,
2026,코스타리카,Santiago van der Putten,수비수,LD Alajuelense,,,
2026,코스타리카,Alejandro Bran,미드필더,LD Alajuelense,24.0,175.0,€32만
2026,코스타리카,Ariel Lassiter,미드필더,Portland Timbers,31.0,178.0,€30만
2026,코스타리카,Brandon Aguilera,미드필더,Rio Ave,22.0,181.0,€152.9만
2026,코스타리카,Creichel Perez,미드필더,LD Alajuelense,,,
2026,코스타리카,Orlando Galo,미드필더,Riga FC,25.0,176.0,€24.5만
2026,코스타리카,Sebastian Acuna,미드필더,Deportivo Saprissa,,,
2026,코스타리카,Alonso Martinez,공격수,New York City FC,26.0,177.0,€544만
2026,코스타리카,Andy Rojas,공격수,New York Red Bulls,19.0,181.0,€110만
2026,코스타리카,Anthony Contreras,공격수,Riga FC,25.0,180.0,€24.3만
2026,코스타리카,Josimar Alcocer,공격수,Westerlo,21.0,185.0,€237.2만
2026,코스타리카,Kenneth Vargas,공격수,Hearts,23.0,178.0,€90만
2026,코스타리카,Manfred Ugalde,공격수,Spartak Moscow,23.0,173.0,€1898.1만
2026,슬로베니아,Igor Vekic,골키퍼,Vejle Boldklub,27.0,192.0,€50만
2026,슬로베니아,Jan Oblak,골키퍼,Atletico Madrid,32.0,189.0,€1887.6만
2026,슬로베니아,Martin Turk,골키퍼,Estoril,22.0,190.0,€99.2만
2026,슬로베니아,David Brekalo,수비수,Orlando City,26.0,186.0,€196만
2026,슬로베니아,David Zec,수비수,Holstein Kiel,25.0,190.0,€198.8만
2026,슬로베니아,Erik Janza,수비수,Górnik Zabrze,32.0,175.0,€25.9만
2026,슬로베니아,Jaka Bijol,수비수,Leeds United,26.0,190.0,€2312.9만
2026,슬로베니아,Jure Balkovec,수비수,Fatih Karagümrük,31.0,185.0,€82.1만
2026,슬로베니아,Vanja Drkusic,수비수,Zenit St. Petersburg,25.0,185.0,€369.6만
2026,슬로베니아,Zan Karnicnik,수비수,NK Celje,31.0,184.0,€31만
2026,슬로베니아,Adam Gnezda Cerin,미드필더,Panathinaikos,26.0,180.0,€457.7만
2026,슬로베니아,Adrian Zeljkovic,미드필더,Viktoria Plzen,23.0,192.0,€200.2만
2026,슬로베니아,Dejan Petrovic,미드필더,Rijeka,27.0,179.0,€81.2만
2026,슬로베니아,Jan Mlakar,미드필더,Amiens,26.0,183.0,€120만
2026,슬로베니아,Jon Gorenc-Stankovic,미드필더,Sturm Graz,29.0,190.0,€216.6만
2026,슬로베니아,Petar Stojanovic,미드필더,Legia Warszawa,29.0,180.0,€71.6만
2026,슬로베니아,Sandi Lovric,미드필더,Udinese,27.0,180.0,€984.2만
2026,슬로베니아,Svit Seslar,미드필더,Eyüpspor,23.0,185.0,€212만
2026,슬로베니아,Tamar Svetlin,미드필더,Korona Kielce,24.0,177.0,€63만
2026,슬로베니아,Timi Elsnik,미드필더,FK Crvena Zvezda,27.0,190.0,€88.7만
2026,슬로베니아,Tomi Horvat,미드필더,Sturm Graz,26.0,175.0,€226.7만
2026,슬로베니아,Andraz Sporar,공격수,Slovan Bratislava,31.0,186.0,€119.2만
2026,슬로베니아,Benjamin Sesko,공격수,Manchester United,22.0,195.0,€7561.7만
2026,슬로베니아,Danijel Sturm,공격수,NK Celje,26.0,184.0,€35.7만
2026,슬로베니아,Zan Vipotnik,공격수,Swansea City,23.0,185.0,€240.7만
2026,카메룬,Andre Onana,골키퍼,Trabzonspor,29.0,190.0,€2735.7만
2026,카메룬,Simon Ngapandouetnbu,골키퍼,Montpellier,22.0,187.0,€59만
2026,카메룬,Simon Omossola,골키퍼,AS Vita Club,,,
2026,카메룬,Christopher Wooh,수비수,Spartak Moscow,24.0,191.0,€429.2만
2026,카메룬,Collins Fai,수비수,카메룬,33.0,167.0,€95만
2026,카메룬,Flavien Boyomo,수비수,Osasuna,23.0,184.0,€2397.6만
2026,카메룬,Guy-Marcelin Kilama,수비수,Hatayspor,26.0,182.0,€96.7만
2026,카메룬,Jean-Charles Castelletto,수비수,Al-Duhail SC,30.0,185.0,€244.6만
2026,카메룬,Joyskim Dawa,수비수,FCSB,29.0,194.0,€185.1만
2026,카메룬,Malcom Bokele Mputu,수비수,Göztepe,25.0,193.0,€203만
2026,카메룬,Michael Ngadeu-Ngadjui,수비수,Beijing Guoan,34.0,190.0,€34.6만
2026,카메룬,Nouhou Tolo,수비수,Seattle Sounders FC,28.0,178.0,€174.6만
2026,카메룬,Andre-Frank Zambo Anguissa,미드필더,Napoli,29.0,184.0,€3000만
2026,카메룬,Arthur Avom,미드필더,Lorient,20.0,185.0,€667.1만
2026,카메룬,Carlos Baleba,미드필더,Brighton & Hove Albion,21.0,179.0,€5665.7만
2026,카메룬,Danny Namaso,미드필더,Auxerre,25.0,182.0,€430.9만
2026,카메룬,Jackson Tchatchoua,미드필더,Wolverhampton Wanderers,24.0,186.0,€1268.4만
2026,카메룬,James Eto'o,미드필더,CSKA Sofia,24.0,180.0,€118.2만
2026,카메룬,Mahamadou Nagida,미드필더,Rennes,20.0,176.0,€155만
2026,카메룬,Martin Hongla,미드필더,Granada,27.0,183.0,€137.2만
2026,카메룬,Martin Ndzie,미드필더,Rapid Wien,22.0,188.0,€128.3만
2026,카메룬,Wilitty Younoussa,미드필더,Rodez,24.0,174.0,€66.6만
2026,카메룬,Yvan Neyou Noupa,미드필더,Getafe,28.0,180.0,€224.7만
2026,카메룬,Bryan Mbeumo,공격수,Manchester United,26.0,171.0,€6514.5만
2026,카메룬,Christian Bassogog,공격수,Al Akhdoud,29.0,178.0,€65.2만
2026,카메룬,Eric Maxim Choupo-Moting,공격수,New York Red Bulls,36.0,191.0,€113.8만
2026,카메룬,Frank Magri,공격수,Toulouse,26.0,178.0,€217.3만
2026,카메룬,Georges-Kevin N'Koudou,공격수,Al-Diraiyah,30.0,174.0,€330만
2026,카메룬,Ignatius Ganago,공격수,New England Revolution,26.0,176.0,€156.4만
2026,카메룬,Nathan N'Goumou,공격수,Borussia Mönchengladbach,25.0,182.0,€283.5만
2026,카메룬,Nicolas Ngamaleu,공격수,Dinamo Moscow,31.0,181.0,€170.2만
2026,카메룬,Patrick Soko,공격수,Almeria,27.0,176.0,€106.6만
2026,카메룬,Vincent Aboubakar,공격수,Hatayspor,33.0,184.0,€330만
2026,카타르,Mahmud Abunada,골키퍼,Al-Arabi,,,
2026,카타르,Meshaal Barsham,골키퍼,Al-Sadd,27.0,180.0,€80.2만
2026,카타르,Salah Zakaria,골키퍼,Al-Duhail SC,,,
2026,카타르,Abdullah Yousif,수비수,카타르,,,
2026,카타르,Ahmed Suhail,수비수,Al-Sadd,,,
2026,카타르,Almahdi Ali Mukhtar,수비수,카타르,33.0,185.0,€15만
2026,카타르,Bassam Al-Rawi,수비수,Al-Duhail SC,27.0,175.0,€28.7만
2026,카타르,Boualem Khoukhi,수비수,Al-Sadd,35.0,185.0,€32.8만
2026,카타르,Homam Elamin,수비수,Al-Duhail SC,26.0,188.0,€35만
2026,카타르,Pedro Miguel,수비수,Al-Sadd,35.0,180.0,€55만
2026,카타르,Sultan Al Brake,수비수,Al-Duhail SC,29.0,175.0,€19.3만
2026,카타르,Tarek Salman,수비수,Al-Sadd,27.0,179.0,€56.7만
2026,카타르,Abdulaziz Hatem,미드필더,Al-Rayyan,34.0,182.0,€19.1만
2026,카타르,Ahmed Fathi,미드필더,Al-Arabi,32.0,171.0,€18.3만
2026,카타르,Assim Madibo,미드필더,카타르,28.0,168.0,€19.3만
2026,카타르,Guilherme,미드필더,Al-Sadd,34.0,178.0,€58.3만
2026,카타르,Hassan Al Haidos,미드필더,Al-Sadd,34.0,174.0,€22만
2026,카타르,Jassem Gaber,미드필더,Al-Rayyan,23.0,182.0,€65.2만
2026,카타르,Karim Boudiaf,미드필더,Al-Duhail SC,35.0,190.0,€18.5만
2026,카타르,Mohamed Al Mannai,미드필더,Al-Shamal,,,
2026,카타르,Ahmed Al Ganehi,공격수,Al-Gharafa,,,
2026,카타르,Ahmed Alaaeldin,공격수,Al-Rayyan,32.0,176.0,€75만
2026,카타르,Ahmed Al-Rawi,공격수,Al-Rayyan,21.0,177.0,€11만
2026,카타르,Akram Afif,공격수,Al-Sadd,28.0,176.0,€398.3만
2026,카타르,Edmilson Junior,공격수,Al-Duhail SC,31.0,180.0,€134.4만
2026,카타르,Ismael Mohammad,공격수,Al-Duhail SC,35.0,172.0,€21.6만
2026,카타르,Mohamed Gouda,공격수,카타르,,,
2026,카타르,Mohammed Muntari,공격수,Al-Gharafa,31.0,192.0,€22.6만
2026,카타르,Yusuf Abdurisag,공격수,Al-Sadd,26.0,175.0,€27.5만
2026,남아프리카,Sipho Chaine,골키퍼,Orlando Pirates,,,
2026,남아프리카,Ronwen Williams,골키퍼,Mamelodi Sundowns FC,1.0,33.0,184cm
2026,남아프리카,Ricardo Goss,골키퍼,0,22.0,31.0,181cm
2026,남아프리카,Khulumani Ndamane,수비수,TS Galaxy,,,
2026,남아프리카,Mbekezeli Mbokazi,수비수,Orlando Pirates,,,
2026,남아프리카,Samukelo Kabini,수비수,Molde,,,
2026,남아프리카,Siyabonga Ngezana,수비수,FCSB,28.0,191.0,€380만
2026,남아프리카,Thabiso Monyane,수비수,Kaizer Chiefs,25.0,167.0,€45.8만
2026,남아프리카,Ime Okon,수비수,Hannover 96,5.0,21.0,187cm
2026,남아프리카,Aubrey Modiba,수비수,Mamelodi Sundowns FC,6.0,30.0,167cm
2026,남아프리카,Thabo Moloisane,수비수,Stellenbosch FC,8.0,26.0,178cm
2026,남아프리카,Zuko Mdunyelwa,수비수,Mamelodi Sundowns FC,18.0,26.0,173cm
2026,남아프리카,Bathusi Aubaas,미드필더,Mamelodi Sundowns FC,30.0,180.0,€55만
2026,남아프리카,Luke Le Roux,미드필더,Portsmouth,25.0,184.0,€85.7만
2026,남아프리카,Patrick Maswanganyi,미드필더,Orlando Pirates,,,
2026,남아프리카,Sipho Mbule,미드필더,Orlando Pirates,27.0,177.0,€31.8만
2026,남아프리카,Thalente Mbatha,미드필더,Orlando Pirates,25.0,164.0,€40만
2026,남아프리카,Teboho Mokoena,미드필더,Mamelodi Sundowns FC,4.0,28.0,176cm
2026,남아프리카,Mduduzi Shabalala,미드필더,Kaizer Chiefs,,,
2026,남아프리카,Lyle Foster,공격수,Burnley,25.0,185.0,€1035.4만
2026,남아프리카,Mohau Nkota,공격수,Al-Ettifaq,20.0,167.0,€85만
2026,남아프리카,Relebohile Mofokeng,공격수,Orlando Pirates,,,
2026,남아프리카,Oswin Appollis,공격수,Orlando Pirates,7.0,24.0,171cm
2026,남아프리카,Iqraam Rayners,공격수,Mamelodi Sundowns FC,18.0,29.0,176cm
2026,남아프리카,Kamogelo Sebelebele,공격수,Orlando Pirates,,,
2026,칠레,Lawrence Vigouroux,골키퍼,Swansea City,31.0,194.0,€56.1만
2026,칠레,Thomas Gillier,골키퍼,CF Montreal,21.0,186.0,€130.5만
2026,칠레,Vicente Reyes,골키퍼,Peterborough United,21.0,190.0,€46.4만
2026,칠레,Benjamin Kuscevic,수비수,Fortaleza,29.0,185.0,€156.7만
2026,칠레,Daniel Gonzalez,수비수,Universidad Catolica,23.0,175.0,€82.3만
2026,칠레,Esteban Matus,수비수,Audax Italiano,23.0,170.0,€103만
2026,칠레,Fabian Hormazabal,수비수,Universidad de Chile,29.0,176.0,€131.3만
2026,칠레,Guillermo Maripan,수비수,Torino,31.0,185.0,€228.1만
2026,칠레,Ian Garguez,수비수,Palestino,20.0,181.0,€50만
2026,칠레,Ivan Roman,수비수,Atletico MG,19.0,183.0,€130만
2026,칠레,Paulo Diaz,수비수,River Plate,31.0,184.0,€252만
2026,칠레,Cesar Perez,미드필더,Defensa y Justicia,22.0,176.0,€227.7만
2026,칠레,Felipe Loyola,미드필더,Independiente,24.0,177.0,€930만
2026,칠레,Gabriel Suazo,미드필더,Sevilla,28.0,180.0,€371.8만
2026,칠레,Ignacio Saavedra,미드필더,PFC Sochi,26.0,172.0,€170만
2026,칠레,Javier Altamirano,미드필더,Universidad de Chile,26.0,173.0,€129.2만
2026,칠레,Luciano Cabral,미드필더,Independiente,30.0,170.0,€230만
2026,칠레,Matias Sepulveda,미드필더,Universidad de Chile,26.0,184.0,€91.2만
2026,칠레,Rodrigo Echeverria,미드필더,Leon,30.0,181.0,€330만
2026,칠레,Vicente Pizarro,미드필더,Colo Colo,22.0,172.0,€213.1만
2026,칠레,Alexander Aravena,공격수,Gremio,23.0,174.0,€650만
2026,칠레,Ben Brereton Diaz,공격수,Derby County,26.0,186.0,€882.2만
2026,칠레,Bruno Barticciotto,공격수,Santos Laguna,24.0,177.0,€401.9만
2026,칠레,Dario Osorio,공격수,FC Midtjylland,21.0,184.0,€980.2만
2026,칠레,Emiliano Ramos,공격수,Everton CD,20.0,179.0,€18만
2026,칠레,Gonzalo Tapia,공격수,Sao Paulo,23.0,178.0,€156.1만
2026,칠레,Lucas Assadi,공격수,Universidad de Chile,21.0,172.0,€133.6만
2026,칠레,Lucas Cepeda,공격수,Colo Colo,22.0,177.0,€252.2만
2026,칠레,Maximiliano Gutierrez,공격수,Huachipato,21.0,183.0,€102만
2026,사우디아라비아,Abdulrahman Al-Sanbi,골키퍼,Al Ahli,,,
2026,사우디아라비아,Mohammed Al-Yami,골키퍼,Al Hilal,28.0,190.0,€63만
2026,사우디아라비아,Nawaf Alaqidi,골키퍼,Al Nassr FC,25.0,186.0,€58.3만
2026,사우디아라비아,Osama Al-Mermesh,골키퍼,Al Ittihad,,,
2026,사우디아라비아,Ali Majrashi,수비수,Al Ahli,,,
2026,사우디아라비아,Hassan Al Tambakti,수비수,Al Hilal,26.0,182.0,€100만
2026,사우디아라비아,Jehad Thakri,수비수,Al Qadasiya,,,
2026,사우디아라비아,Mohammed Al Shanqiti,수비수,Al Qadasiya,,,
2026,사우디아라비아,Mohammed Sulaiman,수비수,Al Ahli,,,
2026,사우디아라비아,Moteb Al-Harbi,수비수,Al Hilal,25.0,173.0,€75만
2026,사우디아라비아,Muhannad Shanqeeti,수비수,Al Ittihad,,,
2026,사우디아라비아,Nawaf Al-Boushail,수비수,Al Nassr FC,26.0,178.0,€95.7만
2026,사우디아라비아,Saad Al-Mousa,수비수,Al Ittihad,,,
2026,사우디아라비아,Saad Al-Nasser,수비수,Al Nassr FC,24.0,168.0,€25만
2026,사우디아라비아,Abdullah Al-Hamdan,미드필더,Al Hilal,26.0,179.0,€27만
2026,사우디아라비아,Abdullah Alkhaibari,미드필더,Al Nassr FC,29.0,175.0,€67.5만
2026,사우디아라비아,Ayman Ahmed,미드필더,Al Nassr FC,,,
2026,사우디아라비아,Mohamed Kanno,미드필더,Al Hilal,31.0,192.0,€48.5만
2026,사우디아라비아,Mukhtar Sheik,미드필더,Al-Ettifaq,,,
2026,사우디아라비아,Musab Al-Juwayr,미드필더,Al Qadasiya,22.0,178.0,€42만
2026,사우디아라비아,Nasser Al Dawsari,미드필더,Al Hilal,26.0,178.0,€47.2만
2026,사우디아라비아,Ziyad Aljohani,미드필더,Al Ahli,,,
2026,사우디아라비아,Abdulrahman Al-Obood,공격수,Al Ittihad,30.0,174.0,€61.2만
2026,사우디아라비아,Firas Al-Buraikan,공격수,Al Ahli,25.0,181.0,€455.7만
2026,사우디아라비아,Marwan Al-Sahafi,공격수,Royal Antwerp,21.0,188.0,€170만
2026,사우디아라비아,Muhannad Al Saad,공격수,Lausanne,22.0,183.0,€42.4만
2026,사우디아라비아,Saleh Abu Al-Shamat,공격수,Al Ahli,,,
2026,사우디아라비아,Saleh Al-Shehri,공격수,Al Ittihad,31.0,184.0,€38.5만
2026,사우디아라비아,Salem Al-Dawsari,공격수,Al Hilal,34.0,172.0,€119.7만
2026,온두라스,Edrick Menjivar,골키퍼,CD Olimpia,,,
2026,온두라스,Luis Lopez,골키퍼,Real Espana,,,
2026,온두라스,Luis Ortiz,골키퍼,온두라스,,,
2026,온두라스,Andy Nájar,수비수,Nashville SC,32.0,171.0,€13만
2026,온두라스,Cristopher Melendez,수비수,FC Motagua,,,
2026,온두라스,Franklin Flores,수비수,Real Espana,,,
2026,온두라스,Getsel Montes,수비수,Club Sport Herediano,,,
2026,온두라스,Joseph Rosales,수비수,Minnesota United,24.0,180.0,€182.7만
2026,온두라스,Julian Martinez,수비수,Alverca,21.0,185.0,€60.4만
2026,온두라스,Luis Crisanto,수비수,Juticalpa,,,
2026,온두라스,Raul Garcia,수비수,Lobos UPNFM,,,
2026,온두라스,Alexy Vega,미드필더,CD Marathon,,,
2026,온두라스,Carlos Pineda,미드필더,Sporting FC,,,
2026,온두라스,David Ruiz,미드필더,Inter Miami CF,21.0,181.0,€185.8만
2026,온두라스,Denis Melendez,미드필더,FC Motagua,,,
2026,온두라스,Deybi Flores,미드필더,Al Najma,29.0,183.0,€34.4만
2026,온두라스,Edwin Rodriguez,미드필더,CD Olimpia,,,
2026,온두라스,Jorge Alvarez,미드필더,CD Olimpia,,,
2026,온두라스,Raul Santos,미드필더,FC Motagua,,,
2026,온두라스,Alenis Vargas,공격수,SJK,21.0,188.0,€36만
2026,온두라스,Anthony Lozano,공격수,Santos Laguna,32.0,183.0,€79.5만
2026,온두라스,Jorge Benguche,공격수,CD Olimpia,,,
2026,온두라스,Jose Mario Pinto,공격수,CD Olimpia,,,
2026,온두라스,Justin Arboleda,공격수,CD Olimpia,,,
2026,온두라스,Luis Palma,공격수,Lech Poznan,25.0,178.0,€221.3만
2026,온두라스,Romell Quioto,공격수,Al Najma,34.0,178.0,€250만
2026,가나,Benjamin Asare,골키퍼,가나,,,
2026,가나,Joseph Anang,골키퍼,St. Patrick's Athletic,25.0,183.0,€16.8만
2026,가나,Joseph Wollacott,골키퍼,Crawley Town,29.0,190.0,€35만
2026,가나,Lawrence Ati-Zigi,골키퍼,St. Gallen,28.0,188.0,€129만
2026,가나,Alexander Djiku,수비수,Spartak Moscow,31.0,182.0,€320.7만
2026,가나,Ebenezer Annan,수비수,Saint-Etienne,23.0,178.0,€212.8만
2026,가나,Gideon Mensah,수비수,Auxerre,27.0,178.0,€228.9만
2026,가나,Jerome Opoku,수비수,Başakşehir,26.0,195.0,€432.2만
2026,가나,Jonas Adjei Adjetey,수비수,Basel,21.0,188.0,€25만
2026,가나,Mamudu Kamaradin,수비수,Medeama SC,,,
2026,가나,Mohammed Salisu,수비수,Monaco,26.0,191.0,€1378.9만
2026,가나,Razak Simpson,수비수,Nations FC,,,
2026,가나,Tariq Lamptey,수비수,Fiorentina,24.0,170.0,€1164.4만
2026,가나,Abu Francis,미드필더,Toulouse,24.0,182.0,€160.4만
2026,가나,Caleb Yirenkyi,미드필더,Nordsjælland,,,
2026,가나,Derrick Köhn,미드필더,Union Berlin,26.0,180.0,€529.8만
2026,가나,Elisha Owusu,미드필더,Auxerre,27.0,182.0,€238.4만
2026,가나,Ibrahim Sulemana,미드필더,Bologna,22.0,180.0,€228만
2026,가나,Kwasi Sibo,미드필더,Real Oviedo,27.0,183.0,€69.3만
2026,가나,Lawrence Agyekum,미드필더,Cercle Brugge,21.0,174.0,€246.5만
2026,가나,Salis Abdul Samed,미드필더,Nice,25.0,179.0,€557.5만
2026,가나,Thomas Partey,미드필더,Villarreal,32.0,185.0,€1389.1만
2026,가나,Antoine Semenyo,공격수,AFC Bournemouth,25.0,185.0,€4480.6만
2026,가나,Christopher Bonsu Baah,공격수,Al Qadasiya,20.0,172.0,€1060.3만
2026,가나,Ernest Nuamah,공격수,Lyon,21.0,178.0,€1888.9만
2026,가나,Ibrahim Osman,공격수,Auxerre,20.0,179.0,€1376.2만
2026,가나,Inaki Williams,공격수,Athletic Club,31.0,186.0,€2272만
2026,가나,Jerry Afriyie,공격수,RAAL La Louviere,,,
2026,가나,Jordan Ayew,공격수,Leicester City,34.0,182.0,€150.2만
2026,가나,Joseph Paintsil,공격수,LA Galaxy,27.0,170.0,€1062.8만
2026,가나,Kamaldeen Sulemana,공격수,Atalanta,23.0,175.0,€1705.2만
2026,가나,Kingsley Schindler,공격수,가나,32.0,180.0,€80만
2026,가나,Mohammed Kudus,공격수,Tottenham Hotspur,25.0,175.0,€5192.9만
2026,앙골라,Signori António,골키퍼,Etoile Carouge,1.0,31.0,187cm
2026,앙골라,Agostinho Calunga,골키퍼,앙골라,,,
2026,앙골라,Neblú,골키퍼,0,22.0,31.0,183cm
2026,앙골라,Clinton Mata,수비수,Lyon,32.0,180.0,€252만
2026,앙골라,David Carmo,수비수,Real Oviedo,26.0,196.0,€1134.4만
2026,앙골라,Núrio Fortuna,수비수,NFC Volos,2.0,30.0,177cm
2026,앙골라,Jonathan Buatu,수비수,Gil Vicente,3.0,32.0,187cm
2026,앙골라,Kialonda Gaspar,수비수,Lecce,6.0,28.0,193cm
2026,앙골라,Pedro Bondo,수비수,Famalicao,13.0,20.0,172cm
2026,앙골라,Eddie Afonso,수비수,Petro Atletico,21.0,31.0,177cm
2026,앙골라,Anderson Cruz,수비수,Petro Atletico,26.0,29.0,175cm
2026,앙골라,Hossi,미드필더,Petro Atletico,,,
2026,앙골라,Beni,미드필더,Vitoria de Guimaraes,8.0,23.0,180cm
2026,앙골라,Maestro,미드필더,Alanyaspor,10.0,22.0,173cm
2026,앙골라,Fredy,미드필더,Bodrum FK,16.0,35.0,170cm
2026,앙골라,Show,미드필더,Kocaelispor,23.0,26.0,180cm
2026,앙골라,Capita,공격수,Radomiak Radom,23.0,171.0,€50.3만
2026,앙골라,M'Bala Nzola,공격수,Pisa,29.0,185.0,€543.1만
2026,앙골라,Manuel Benson,공격수,Swansea City,28.0,178.0,€239.6만
2026,앙골라,Zine,공격수,AEK Athens,9.0,23.0,181cm
2026,앙골라,Milson,공격수,FK Crvena Zvezda,11.0,25.0,170cm
2026,앙골라,Zito Luvumbo,공격수,Cagliari,15.0,23.0,171cm
2026,앙골라,Randy Nteka,공격수,Rayo Vallecano,17.0,27.0,189cm
2026,앙골라,Depú,공격수,Radomiak Radom,19.0,25.0,187cm
