Year,Nation,Eng_Nation,Q_WR,Q_GR,F_Rank,F_Point,F_Rd,F_Pd
1998,알제리,Algeria,0.6666666666666666,5,79.0,442.0,,
1998,앙골라,Angola,0.4,1,56.0,507.0,,
1998,호주,Australia,0.6,20,64.0,490.0,,
1998,벨기에,Belgium,0.0,0,32.0,589.0,,
1998,브라질,Brazil,0.6666666666666666,8,1.0,838.0,,
1998,크로아티아,Croatia,0.6666666666666666,2,6.0,727.0,,
1998,체코,Czech Republic,0.8,5,2.0,772.0,,
1998,덴마크,Denmark,0.0,-2,16.0,661.0,,
1998,에콰도르,Ecuador,0.0,-4,60.0,497.0,,
1998,이집트,Egypt,0.0,-2,38.0,565.0,,
1998,잉글랜드,England,0.5,4,12.0,683.0,,
1998,프랑스,France,0.5,3,3.0,766.0,,
1998,독일,Germany,0.4,2,5.0,735.0,,
1998,가나,Ghana,0.75,4,47.0,543.0,,
1998,그리스,Greece,0.3333333333333333,3,37.0,568.0,,
1998,온두라스,Honduras,0.5,1,75.0,450.0,,
1998,이란,Iran,0.7777777777777778,15,50.0,534.0,,
1998,이탈리아,Italy,0.6666666666666666,4,8.0,714.0,,
1998,코트디부아르,Ivory Coast,0.25,0,48.0,541.0,,
1998,일본,Japan,0.6666666666666666,5,51.0,533.0,,
1998,멕시코,Mexico,0.5,2,10.0,709.0,,
1998,모로코,Morocco,1.0,2,21.0,620.0,,
1998,네덜란드,Netherlands,0.3333333333333333,2,14.0,668.0,,
1998,나이지리아,Nigeria,0.0,-5,76.0,450.0,,
1998,북한,North Korea,0.2,-6,163.0,135.0,,
1998,폴란드,Poland,1.0,11,29.0,595.0,,
1998,포르투갈,Portugal,0.8,7,13.0,671.0,,
1998,카타르,Qatar,0.4117647058823529,2,85.0,430.0,,
1998,러시아,Russia,0.0,-9,19.0,642.0,,
1998,사우디아라비아,Saudi Arabia,0.8181818181818182,19,39.0,565.0,,
1998,세네갈,Senegal,0.3333333333333333,-1,83.0,434.0,,
1998,세르비아,Serbia,0.25,-1,17.0,656.0,,
1998,슬로베니아,Slovenia,0.25,-1,52.0,522.0,,
1998,남아프리카 공화국,South Africa,1.0,2,31.0,591.0,,
1998,대한민국,South Korea,0.5714285714285714,6,40.0,559.0,,
1998,스페인,Spain,0.5,1,4.0,757.0,,
1998,스웨덴,Sweden,1.0,3,15.0,667.0,,
1998,스위스,Switzerland,0.0,-4,53.0,516.0,,
1998,튀니지,Tunisia,0.6666666666666666,4,30.0,593.0,,
1998,미국,United States,0.0,0,20.0,621.0,,
1998,우루과이,Uruguay,0.0,-4,41.0,557.0,,
1999,알제리,Algeria,0.5,3,79.0,442.0,,
1999,앙골라,Angola,0.5,2,56.0,507.0,,
1999,아르헨티나,Argentina,0.5,5,7.0,717.0,,
1999,벨기에,Belgium,0.2857142857142857,1,32.0,589.0,,
1999,브라질,Brazil,0.7,33,1.0,838.0,,
1999,카메룬,Cameroon,0.75,7,54.0,515.0,,
1999,캐나다,Canada,0.5,2,94.0,400.0,,
1999,칠레,Chile,0.3636363636363636,4,24.0,618.0,,
1999,콜롬비아,Colombia,0.2857142857142857,2,23.0,619.0,,
1999,코스타리카,Costa Rica,0.4615384615384615,20,67.0,474.0,,
1999,크로아티아,Croatia,0.2307692307692307,-4,6.0,727.0,,
1999,체코,Czech Republic,0.8181818181818182,18,2.0,772.0,,
1999,덴마크,Denmark,0.6363636363636364,13,16.0,661.0,,
1999,에콰도르,Ecuador,0.2307692307692307,-2,60.0,497.0,,
1999,이집트,Egypt,0.2857142857142857,-5,38.0,565.0,,
1999,잉글랜드,England,0.4,8,12.0,683.0,,
1999,프랑스,France,0.7272727272727273,11,3.0,766.0,,
1999,독일,Germany,0.5384615384615384,8,5.0,735.0,,
1999,가나,Ghana,0.4,0,47.0,543.0,,
1999,그리스,Greece,0.6111111111111112,15,37.0,568.0,,
1999,온두라스,Honduras,0.7,15,75.0,450.0,,
1999,이란,Iran,0.3333333333333333,2,50.0,534.0,,
1999,이탈리아,Italy,0.2222222222222222,2,8.0,714.0,,
1999,코트디부아르,Ivory Coast,0.4444444444444444,4,48.0,541.0,,
1999,일본,Japan,0.0,-7,51.0,533.0,,
1999,멕시코,Mexico,0.4583333333333333,11,10.0,709.0,,
1999,모로코,Morocco,0.4444444444444444,-1,21.0,620.0,,
1999,네덜란드,Netherlands,0.0,-3,14.0,668.0,,
1999,나이지리아,Nigeria,0.4,-3,76.0,450.0,,
1999,북한,North Korea,0.0,0,163.0,135.0,,
1999,파라과이,Paraguay,0.5294117647058824,7,18.0,647.0,,
1999,폴란드,Poland,0.4166666666666667,0,29.0,595.0,,
1999,포르투갈,Portugal,0.6666666666666666,28,13.0,671.0,,
1999,러시아,Russia,0.7777777777777778,15,19.0,642.0,,
1999,사우디아라비아,Saudi Arabia,0.4,-1,39.0,565.0,,
1999,세네갈,Senegal,0.5833333333333334,14,83.0,434.0,,
1999,세르비아,Serbia,0.5714285714285714,9,17.0,656.0,,
1999,슬로베니아,Slovenia,0.5,4,52.0,522.0,,
1999,남아프리카 공화국,South Africa,0.3571428571428571,4,31.0,591.0,,
1999,대한민국,South Korea,0.2,0,40.0,559.0,,
1999,스페인,Spain,0.8,38,4.0,757.0,,
1999,스웨덴,Sweden,0.6363636363636364,6,15.0,667.0,,
1999,스위스,Switzerland,0.5454545454545454,4,53.0,516.0,,
1999,튀니지,Tunisia,0.625,5,30.0,593.0,,
1999,미국,United States,0.5384615384615384,8,20.0,621.0,,
1999,우루과이,Uruguay,0.3636363636363636,-2,41.0,557.0,,
2000,알제리,Algeria,0.2941176470588235,6,80.0,461.0,-1.0,19.0
2000,앙골라,Angola,0.4545454545454545,8,51.0,536.0,5.0,29.0
2000,아르헨티나,Argentina,0.75,16,3.0,752.0,4.0,35.0
2000,호주,Australia,0.5333333333333333,28,67.0,492.0,-3.0,2.0
2000,벨기에,Belgium,0.4,5,25.0,607.0,7.0,18.0
2000,브라질,Brazil,0.6153846153846154,22,1.0,818.0,0.0,-20.0
2000,카메룬,Cameroon,0.5384615384615384,18,34.0,580.0,20.0,65.0
2000,캐나다,Canada,0.4705882352941176,2,58.0,512.0,36.0,112.0
2000,칠레,Chile,0.3529411764705882,-2,20.0,645.0,4.0,27.0
2000,콜롬비아,Colombia,0.4375,2,17.0,668.0,6.0,49.0
2000,코스타리카,Costa Rica,0.4285714285714285,3,55.0,524.0,12.0,50.0
2000,크로아티아,Croatia,0.1428571428571428,-1,15.0,675.0,-9.0,-52.0
2000,체코,Czech Republic,0.5,8,4.0,746.0,-2.0,-26.0
2000,덴마크,Denmark,0.2727272727272727,-6,18.0,652.0,-2.0,-9.0
2000,에콰도르,Ecuador,0.4285714285714285,-1,60.0,511.0,0.0,14.0
2000,이집트,Egypt,0.6470588235294118,11,31.0,586.0,7.0,21.0
2000,잉글랜드,England,0.2727272727272727,0,14.0,682.0,-2.0,-1.0
2000,프랑스,France,0.6875,20,2.0,807.0,1.0,41.0
2000,독일,Germany,0.4166666666666667,7,9.0,712.0,-4.0,-23.0
2000,가나,Ghana,0.5,8,53.0,530.0,-6.0,-13.0
2000,그리스,Greece,0.4,0,33.0,581.0,4.0,13.0
2000,온두라스,Honduras,0.75,39,46.0,545.0,29.0,95.0
2000,이란,Iran,0.5769230769230769,44,44.0,559.0,6.0,25.0
2000,이탈리아,Italy,0.6428571428571429,11,6.0,725.0,2.0,11.0
2000,코트디부아르,Ivory Coast,0.5454545454545454,10,48.0,542.0,0.0,1.0
2000,일본,Japan,0.6111111111111112,36,50.0,537.0,1.0,4.0
2000,멕시코,Mexico,0.5714285714285714,21,13.0,693.0,-3.0,-16.0
2000,모로코,Morocco,0.4666666666666667,-3,26.0,605.0,-5.0,-15.0
2000,네덜란드,Netherlands,0.6428571428571429,17,10.0,710.0,4.0,42.0
2000,나이지리아,Nigeria,0.6428571428571429,20,54.0,530.0,22.0,80.0
2000,북한,North Korea,0.1428571428571428,-4,147.0,240.0,16.0,105.0
2000,파라과이,Paraguay,0.5,9,16.0,672.0,2.0,25.0
2000,폴란드,Poland,0.3,-1,36.0,568.0,-7.0,-27.0
2000,포르투갈,Portugal,0.7142857142857143,17,7.0,724.0,6.0,53.0
2000,카타르,Qatar,0.4,12,92.0,434.0,-7.0,4.0
2000,러시아,Russia,0.7142857142857143,5,24.0,625.0,-5.0,-17.0
2000,사우디아라비아,Saudi Arabia,0.5,12,63.0,507.0,-24.0,-58.0
2000,세네갈,Senegal,0.1176470588235294,-3,85.0,452.0,-2.0,18.0
2000,세르비아,Serbia,0.4615384615384615,1,8.0,714.0,9.0,58.0
2000,슬로베니아,Slovenia,0.3636363636363636,6,37.0,568.0,15.0,46.0
2000,남아프리카 공화국,South Africa,0.5789473684210527,7,23.0,631.0,8.0,40.0
2000,대한민국,South Korea,0.5454545454545454,29,43.0,563.0,-3.0,4.0
2000,스페인,Spain,0.5,5,5.0,740.0,-1.0,-17.0
2000,스웨덴,Sweden,0.1666666666666666,-2,21.0,639.0,-6.0,-28.0
2000,스위스,Switzerland,0.2222222222222222,5,61.0,511.0,-8.0,-5.0
2000,튀니지,Tunisia,0.4444444444444444,12,27.0,605.0,3.0,12.0
2000,미국,United States,0.5294117647058824,23,19.0,646.0,1.0,25.0
2000,우루과이,Uruguay,0.4,5,32.0,583.0,9.0,26.0
2001,알제리,Algeria,0.4,-2,73.0,508.0,7.0,47.0
2001,앙골라,Angola,0.4117647058823529,4,55.0,563.0,-4.0,27.0
2001,아르헨티나,Argentina,0.6666666666666666,14,3.0,794.0,0.0,42.0
2001,호주,Australia,0.625,67,51.0,578.0,16.0,86.0
2001,벨기에,Belgium,0.6,14,26.0,643.0,-1.0,36.0
2001,브라질,Brazil,0.4,9,2.0,799.0,-1.0,-19.0
2001,카메룬,Cameroon,0.5,4,39.0,608.0,-5.0,28.0
2001,캐나다,Canada,0.1666666666666666,-8,84.0,483.0,-26.0,-29.0
2001,칠레,Chile,0.3,-8,37.0,612.0,-17.0,-33.0
2001,콜롬비아,Colombia,0.7222222222222222,19,7.0,719.0,10.0,51.0
2001,코스타리카,Costa Rica,0.6,20,29.0,630.0,26.0,106.0
2001,크로아티아,Croatia,0.5454545454545454,12,16.0,674.0,-1.0,-1.0
2001,체코,Czech Republic,0.4166666666666667,10,14.0,704.0,-10.0,-42.0
2001,덴마크,Denmark,0.6,17,18.0,664.0,0.0,12.0
2001,에콰도르,Ecuador,0.4285714285714285,6,46.0,591.0,14.0,80.0
2001,이집트,Egypt,0.4285714285714285,17,41.0,604.0,-10.0,18.0
2001,잉글랜드,England,0.7,16,9.0,712.0,5.0,30.0
2001,프랑스,France,0.6923076923076923,22,1.0,810.0,1.0,3.0
2001,독일,Germany,0.5454545454545454,8,12.0,708.0,-3.0,-4.0
2001,가나,Ghana,0.3571428571428571,0,57.0,552.0,-4.0,22.0
2001,그리스,Greece,0.2,-6,61.0,548.0,-28.0,-33.0
2001,온두라스,Honduras,0.4090909090909091,11,20.0,656.0,26.0,111.0
2001,이란,Iran,0.55,15,38.0,610.0,6.0,51.0
2001,이탈리아,Italy,0.6666666666666666,9,4.0,737.0,2.0,12.0
2001,코트디부아르,Ivory Coast,0.5833333333333334,18,45.0,593.0,3.0,51.0
2001,일본,Japan,0.4285714285714285,2,28.0,633.0,22.0,96.0
2001,멕시코,Mexico,0.4074074074074074,-1,10.0,711.0,3.0,18.0
2001,모로코,Morocco,0.4375,7,32.0,621.0,-6.0,16.0
2001,네덜란드,Netherlands,0.6,21,8.0,717.0,2.0,7.0
2001,나이지리아,Nigeria,0.5384615384615384,14,40.0,604.0,14.0,74.0
2001,북한,North Korea,0.1666666666666666,-1,138.0,294.0,9.0,54.0
2001,파라과이,Paraguay,0.2857142857142857,-5,11.0,710.0,5.0,38.0
2001,폴란드,Poland,0.4545454545454545,10,27.0,634.0,9.0,66.0
2001,포르투갈,Portugal,0.7,25,5.0,732.0,2.0,8.0
2001,카타르,Qatar,0.4814814814814814,15,83.0,484.0,9.0,50.0
2001,러시아,Russia,0.5454545454545454,11,24.0,648.0,0.0,23.0
2001,사우디아라비아,Saudi Arabia,0.7083333333333334,46,35.0,615.0,28.0,108.0
2001,세네갈,Senegal,0.6,17,69.0,525.0,16.0,73.0
2001,세르비아,Serbia,0.5,17,13.0,705.0,-5.0,-9.0
2001,슬로베니아,Slovenia,0.4166666666666667,3,31.0,622.0,6.0,54.0
2001,남아프리카 공화국,South Africa,0.5,7,30.0,628.0,-7.0,-3.0
2001,대한민국,South Korea,0.4705882352941176,-1,43.0,597.0,0.0,34.0
2001,스페인,Spain,0.7777777777777778,14,6.0,730.0,-1.0,-10.0
2001,스웨덴,Sweden,0.7058823529411765,29,17.0,673.0,4.0,34.0
2001,스위스,Switzerland,0.4,-2,56.0,563.0,5.0,52.0
2001,튀니지,Tunisia,0.6153846153846154,24,25.0,645.0,2.0,40.0
2001,미국,United States,0.4,1,19.0,660.0,0.0,14.0
2001,우루과이,Uruguay,0.4117647058823529,5,21.0,653.0,11.0,70.0
2002,알제리,Algeria,0.3333333333333333,5,74.0,495.0,-1.0,-13.0
2002,앙골라,Angola,0.1666666666666666,-2,62.0,521.0,-7.0,-42.0
2002,아르헨티나,Argentina,0.4285714285714285,3,5.0,760.0,-2.0,-34.0
2002,호주,Australia,0.8,21,43.0,579.0,8.0,1.0
2002,벨기에,Belgium,0.4615384615384615,2,19.0,672.0,7.0,29.0
2002,브라질,Brazil,0.875,33,1.0,858.0,1.0,59.0
2002,카메룬,Cameroon,0.5333333333333333,10,15.0,682.0,24.0,74.0
2002,캐나다,Canada,0.4285714285714285,1,70.0,503.0,14.0,20.0
2002,칠레,Chile,0.3333333333333333,-1,57.0,529.0,-20.0,-83.0
2002,콜롬비아,Colombia,0.25,-1,18.0,675.0,-11.0,-44.0
2002,코스타리카,Costa Rica,0.2857142857142857,-2,25.0,651.0,4.0,21.0
2002,크로아티아,Croatia,0.3636363636363636,2,29.0,641.0,-13.0,-33.0
2002,체코,Czech Republic,0.7,16,17.0,676.0,-3.0,-28.0
2002,덴마크,Denmark,0.6923076923076923,7,13.0,703.0,5.0,39.0
2002,에콰도르,Ecuador,0.4,0,31.0,639.0,15.0,48.0
2002,이집트,Egypt,0.4375,8,41.0,594.0,0.0,-10.0
2002,잉글랜드,England,0.3076923076923077,7,9.0,718.0,0.0,6.0
2002,프랑스,France,0.5384615384615384,16,2.0,774.0,-1.0,-36.0
2002,독일,Germany,0.6111111111111112,29,4.0,770.0,8.0,62.0
2002,가나,Ghana,0.25,-4,61.0,522.0,-4.0,-30.0
2002,그리스,Greece,0.375,1,46.0,562.0,15.0,14.0
2002,온두라스,Honduras,0.5,1,40.0,604.0,-20.0,-52.0
2002,이란,Iran,0.4,4,34.0,633.0,4.0,23.0
2002,이탈리아,Italy,0.3076923076923077,1,10.0,717.0,-6.0,-20.0
2002,코트디부아르,Ivory Coast,0.1666666666666666,2,49.0,548.0,-4.0,-45.0
2002,일본,Japan,0.3846153846153846,1,27.0,648.0,1.0,15.0
2002,멕시코,Mexico,0.6666666666666666,9,6.0,730.0,4.0,19.0
2002,모로코,Morocco,0.6363636363636364,13,36.0,620.0,-4.0,-1.0
2002,네덜란드,Netherlands,0.8571428571428571,12,12.0,708.0,-4.0,-9.0
2002,나이지리아,Nigeria,0.45,8,30.0,641.0,10.0,37.0
2002,북한,North Korea,0.3333333333333333,2,129.0,336.0,9.0,42.0
2002,파라과이,Paraguay,0.2727272727272727,-3,16.0,680.0,-5.0,-30.0
2002,폴란드,Poland,0.4615384615384615,-1,35.0,626.0,-8.0,-8.0
2002,포르투갈,Portugal,0.3636363636363636,4,11.0,712.0,-6.0,-20.0
2002,카타르,Qatar,0.5833333333333334,4,68.0,506.0,15.0,22.0
2002,러시아,Russia,0.2727272727272727,2,24.0,652.0,0.0,4.0
2002,사우디아라비아,Saudi Arabia,0.5714285714285714,1,37.0,618.0,-2.0,3.0
2002,세네갈,Senegal,0.5294117647058824,8,32.0,638.0,37.0,113.0
2002,세르비아,Serbia,0.3636363636363636,-4,20.0,672.0,-7.0,-33.0
2002,슬로베니아,Slovenia,0.3636363636363636,-7,28.0,642.0,3.0,20.0
2002,남아프리카 공화국,South Africa,0.4166666666666667,10,33.0,635.0,-3.0,7.0
2002,대한민국,South Korea,0.2608695652173913,2,21.0,667.0,22.0,70.0
2002,스페인,Spain,0.5384615384615384,15,3.0,774.0,3.0,44.0
2002,스웨덴,Sweden,0.0714285714285714,-2,22.0,662.0,-5.0,-11.0
2002,스위스,Switzerland,0.5,4,55.0,532.0,1.0,-31.0
2002,튀니지,Tunisia,0.0,-8,39.0,609.0,-14.0,-36.0
2002,미국,United States,0.5789473684210527,15,8.0,720.0,11.0,60.0
2002,우루과이,Uruguay,0.3,0,23.0,655.0,-2.0,2.0
2003,알제리,Algeria,0.5,9,71.0,515.0,3.0,20.0
2003,앙골라,Angola,0.4,5,85.0,477.0,-23.0,-44.0
2003,아르헨티나,Argentina,0.6923076923076923,16,4.0,750.0,1.0,-10.0
2003,호주,Australia,0.6666666666666666,2,62.0,526.0,-19.0,-53.0
2003,벨기에,Belgium,0.625,6,16.0,692.0,3.0,20.0
2003,브라질,Brazil,0.4705882352941176,7,1.0,855.0,0.0,-3.0
2003,카메룬,Cameroon,0.4444444444444444,0,13.0,710.0,2.0,28.0
2003,캐나다,Canada,0.2222222222222222,-15,79.0,487.0,-9.0,-16.0
2003,칠레,Chile,0.4,-1,58.0,538.0,-1.0,9.0
2003,콜롬비아,Colombia,0.1764705882352941,-7,28.0,629.0,-10.0,-46.0
2003,코스타리카,Costa Rica,0.5882352941176471,7,19.0,681.0,6.0,30.0
2003,크로아티아,Croatia,0.5833333333333334,10,23.0,646.0,6.0,5.0
2003,체코,Czech Republic,0.8888888888888888,24,9.0,736.0,8.0,60.0
2003,덴마크,Denmark,0.6,9,14.0,708.0,-1.0,5.0
2003,에콰도르,Ecuador,0.3636363636363636,-2,33.0,626.0,-2.0,-13.0
2003,이집트,Egypt,0.8333333333333334,19,40.0,606.0,1.0,12.0
2003,잉글랜드,England,0.7272727272727273,9,6.0,745.0,3.0,27.0
2003,프랑스,France,0.9285714285714286,34,2.0,829.0,0.0,55.0
2003,독일,Germany,0.4545454545454545,4,9.0,736.0,-5.0,-34.0
2003,가나,Ghana,0.3,4,75.0,503.0,-14.0,-19.0
2003,그리스,Greece,0.7272727272727273,9,26.0,633.0,20.0,71.0
2003,온두라스,Honduras,0.2222222222222222,-3,41.0,593.0,-1.0,-11.0
2003,이란,Iran,0.6,12,45.0,579.0,-11.0,-54.0
2003,이탈리아,Italy,0.8181818181818182,16,12.0,726.0,-2.0,9.0
2003,코트디부아르,Ivory Coast,0.5714285714285714,7,61.0,534.0,-12.0,-14.0
2003,일본,Japan,0.3333333333333333,3,24.0,637.0,3.0,-11.0
2003,멕시코,Mexico,0.3333333333333333,5,5.0,746.0,1.0,16.0
2003,모로코,Morocco,0.6,6,36.0,616.0,0.0,-4.0
2003,네덜란드,Netherlands,0.5454545454545454,14,7.0,744.0,5.0,36.0
2003,나이지리아,Nigeria,0.5555555555555556,1,30.0,628.0,0.0,-13.0
2003,북한,North Korea,0.0909090909090909,-11,116.0,391.0,13.0,55.0
2003,파라과이,Paraguay,0.4285714285714285,0,21.0,652.0,-5.0,-28.0
2003,폴란드,Poland,0.6666666666666666,17,31.0,627.0,4.0,1.0
2003,포르투갈,Portugal,0.5833333333333334,14,17.0,687.0,-6.0,-25.0
2003,카타르,Qatar,0.2,-6,80.0,486.0,-12.0,-20.0
2003,러시아,Russia,0.4,3,28.0,629.0,-4.0,-23.0
2003,사우디아라비아,Saudi Arabia,0.6666666666666666,32,49.0,555.0,-12.0,-63.0
2003,세네갈,Senegal,0.5555555555555556,5,27.0,632.0,5.0,-6.0
2003,세르비아,Serbia,0.2,-6,35.0,622.0,-15.0,-50.0
2003,슬로베니아,Slovenia,0.4,1,33.0,626.0,-5.0,-16.0
2003,남아프리카 공화국,South Africa,0.5454545454545454,5,36.0,616.0,-3.0,-19.0
2003,대한민국,South Korea,0.4666666666666667,25,39.0,610.0,-18.0,-57.0
2003,스페인,Spain,0.7272727272727273,20,3.0,767.0,0.0,-7.0
2003,스웨덴,Sweden,0.5714285714285714,20,18.0,684.0,4.0,22.0
2003,스위스,Switzerland,0.375,1,44.0,581.0,11.0,49.0
2003,튀니지,Tunisia,0.5555555555555556,5,42.0,588.0,-3.0,-21.0
2003,미국,United States,0.625,18,11.0,731.0,-3.0,11.0
2003,우루과이,Uruguay,0.5,10,22.0,647.0,1.0,-8.0
2004,알제리,Algeria,0.0714285714285714,-10,62.0,550.0,9.0,35.0
2004,앙골라,Angola,0.5,5,82.0,512.0,3.0,35.0
2004,아르헨티나,Argentina,0.6666666666666666,18,4.0,775.0,0.0,25.0
2004,호주,Australia,0.5833333333333334,26,59.0,555.0,3.0,29.0
2004,벨기에,Belgium,0.125,-9,30.0,647.0,-14.0,-45.0
2004,브라질,Brazil,0.4736842105263157,25,1.0,848.0,0.0,-7.0
2004,카메룬,Cameroon,0.2727272727272727,-3,17.0,697.0,-4.0,-13.0
2004,캐나다,Canada,0.4,4,99.0,469.0,-20.0,-18.0
2004,칠레,Chile,0.1666666666666666,-2,66.0,537.0,-8.0,-1.0
2004,콜롬비아,Colombia,0.5,11,28.0,654.0,0.0,25.0
2004,코스타리카,Costa Rica,0.3571428571428571,1,34.0,642.0,-15.0,-39.0
2004,크로아티아,Croatia,0.4615384615384615,4,25.0,662.0,-2.0,16.0
2004,체코,Czech Republic,0.6,11,5.0,760.0,4.0,24.0
2004,덴마크,Denmark,0.3076923076923077,3,15.0,707.0,-1.0,-1.0
2004,에콰도르,Ecuador,0.2666666666666666,-11,42.0,594.0,-9.0,-32.0
2004,이집트,Egypt,0.4666666666666667,11,35.0,637.0,5.0,31.0
2004,잉글랜드,England,0.5,14,7.0,732.0,-1.0,-13.0
2004,프랑스,France,0.4666666666666667,13,2.0,802.0,0.0,-27.0
2004,독일,Germany,0.5625,18,12.0,714.0,-3.0,-22.0
2004,가나,Ghana,0.2857142857142857,4,74.0,525.0,1.0,22.0
2004,그리스,Greece,0.5,4,14.0,709.0,12.0,76.0
2004,온두라스,Honduras,0.2222222222222222,2,47.0,573.0,-6.0,-20.0
2004,이란,Iran,0.7222222222222222,37,21.0,690.0,24.0,111.0
2004,이탈리아,Italy,0.5384615384615384,7,9.0,722.0,3.0,-4.0
2004,코트디부아르,Ivory Coast,0.875,12,58.0,555.0,3.0,21.0
2004,일본,Japan,0.7272727272727273,28,18.0,695.0,6.0,58.0
2004,멕시코,Mexico,0.7777777777777778,47,8.0,728.0,-3.0,-18.0
2004,모로코,Morocco,0.5333333333333333,17,33.0,642.0,3.0,26.0
2004,네덜란드,Netherlands,0.4705882352941176,17,6.0,746.0,1.0,2.0
2004,나이지리아,Nigeria,0.6,15,20.0,691.0,10.0,63.0
2004,북한,North Korea,0.5,6,112.0,418.0,4.0,27.0
2004,파라과이,Paraguay,0.25,-1,23.0,683.0,-2.0,31.0
2004,폴란드,Poland,0.4615384615384615,7,29.0,647.0,2.0,20.0
2004,포르투갈,Portugal,0.5625,24,11.0,714.0,6.0,27.0
2004,카타르,Qatar,0.44,22,61.0,550.0,19.0,64.0
2004,러시아,Russia,0.3636363636363636,0,26.0,659.0,2.0,30.0
2004,사우디아라비아,Saudi Arabia,0.5555555555555556,13,27.0,655.0,22.0,100.0
2004,세네갈,Senegal,0.5,9,31.0,645.0,-4.0,13.0
2004,세르비아,Serbia,0.4444444444444444,10,52.0,566.0,-17.0,-56.0
2004,슬로베니아,Slovenia,0.2222222222222222,-3,46.0,579.0,-13.0,-47.0
2004,남아프리카 공화국,South Africa,0.4615384615384615,-3,39.0,609.0,-3.0,-7.0
2004,대한민국,South Korea,0.5882352941176471,21,24.0,683.0,15.0,73.0
2004,스페인,Spain,0.5384615384615384,11,3.0,788.0,0.0,21.0
2004,스웨덴,Sweden,0.5,21,22.0,686.0,-4.0,2.0
2004,스위스,Switzerland,0.25,-1,49.0,569.0,-5.0,-12.0
2004,튀니지,Tunisia,0.5,4,36.0,631.0,6.0,43.0
2004,미국,United States,0.5714285714285714,19,10.0,717.0,1.0,-14.0
2004,우루과이,Uruguay,0.3571428571428571,-10,19.0,693.0,3.0,46.0
2005,알제리,Algeria,0.2857142857142857,-3,83.0,519.0,-21.0,-31.0
2005,앙골라,Angola,0.4166666666666667,1,65.0,562.0,17.0,50.0
2005,아르헨티나,Argentina,0.4705882352941176,5,3.0,778.0,1.0,3.0
2005,호주,Australia,0.5833333333333334,13,50.0,593.0,9.0,38.0
2005,벨기에,Belgium,0.4444444444444444,7,47.0,608.0,-17.0,-39.0
2005,브라질,Brazil,0.625,33,1.0,839.0,0.0,-9.0
2005,카메룬,Cameroon,0.75,8,22.0,688.0,-5.0,-9.0
2005,캐나다,Canada,0.375,-5,84.0,516.0,15.0,47.0
2005,칠레,Chile,0.3333333333333333,-2,76.0,538.0,-10.0,1.0
2005,콜롬비아,Colombia,0.3529411764705882,4,26.0,677.0,2.0,23.0
2005,코스타리카,Costa Rica,0.4166666666666667,4,19.0,700.0,15.0,58.0
2005,크로아티아,Croatia,0.5,10,24.0,686.0,1.0,24.0
2005,체코,Czech Republic,0.75,23,4.0,777.0,1.0,17.0
2005,덴마크,Denmark,0.7,14,14.0,721.0,1.0,14.0
2005,에콰도르,Ecuador,0.4705882352941176,3,33.0,658.0,9.0,64.0
2005,이집트,Egypt,0.6666666666666666,20,31.0,662.0,4.0,25.0
2005,잉글랜드,England,0.7272727272727273,8,11.0,738.0,-4.0,6.0
2005,프랑스,France,0.5454545454545454,13,6.0,770.0,-4.0,-32.0
2005,독일,Germany,0.4666666666666667,8,15.0,718.0,-3.0,4.0
2005,가나,Ghana,0.625,11,62.0,566.0,12.0,41.0
2005,그리스,Greece,0.4615384615384615,0,20.0,699.0,-6.0,-10.0
2005,온두라스,Honduras,0.5,10,43.0,620.0,4.0,47.0
2005,이란,Iran,0.7272727272727273,10,18.0,702.0,3.0,12.0
2005,이탈리아,Italy,0.5384615384615384,12,13.0,725.0,-4.0,3.0
2005,코트디부아르,Ivory Coast,0.4444444444444444,4,50.0,593.0,8.0,38.0
2005,일본,Japan,0.55,11,16.0,716.0,2.0,21.0
2005,멕시코,Mexico,0.5,18,5.0,771.0,3.0,43.0
2005,모로코,Morocco,0.5,8,36.0,649.0,-3.0,7.0
2005,네덜란드,Netherlands,0.6363636363636364,15,2.0,785.0,4.0,39.0
2005,나이지리아,Nigeria,0.5714285714285714,7,29.0,672.0,-9.0,-19.0
2005,북한,North Korea,0.3529411764705882,20,85.0,515.0,27.0,97.0
2005,파라과이,Paraguay,0.5384615384615384,4,34.0,656.0,-11.0,-27.0
2005,폴란드,Poland,0.7857142857142857,20,17.0,705.0,12.0,58.0
2005,포르투갈,Portugal,0.6666666666666666,19,9.0,743.0,2.0,29.0
2005,카타르,Qatar,0.0,-3,75.0,541.0,-14.0,-9.0
2005,러시아,Russia,0.4,7,30.0,669.0,-4.0,10.0
2005,사우디아라비아,Saudi Arabia,0.4375,3,28.0,675.0,-1.0,20.0
2005,세네갈,Senegal,0.5,8,35.0,652.0,-4.0,7.0
2005,세르비아,Serbia,0.3333333333333333,3,48.0,601.0,4.0,35.0
2005,슬로베니아,Slovenia,0.1111111111111111,-8,52.0,590.0,-6.0,11.0
2005,남아프리카 공화국,South Africa,0.3125,-3,42.0,622.0,-3.0,13.0
2005,대한민국,South Korea,0.3888888888888889,9,26.0,677.0,-2.0,-6.0
2005,스페인,Spain,0.6666666666666666,24,8.0,750.0,-5.0,-38.0
2005,스웨덴,Sweden,0.5,14,10.0,740.0,12.0,54.0
2005,스위스,Switzerland,0.5454545454545454,8,38.0,643.0,11.0,74.0
2005,튀니지,Tunisia,0.6666666666666666,16,23.0,687.0,13.0,56.0
2005,미국,United States,0.65,21,7.0,768.0,3.0,51.0
2005,우루과이,Uruguay,0.25,-3,25.0,680.0,-6.0,-13.0
2006,알제리,Algeria,0.3333333333333333,-1,83.0,388.0,0.0,-131.0
2006,앙골라,Angola,0.3529411764705882,3,52.0,550.0,13.0,-12.0
2006,아르헨티나,Argentina,0.4444444444444444,5,3.0,1492.0,0.0,714.0
2006,호주,Australia,0.4615384615384615,6,38.0,727.0,12.0,134.0
2006,벨기에,Belgium,0.4444444444444444,5,50.0,572.0,-3.0,-36.0
2006,브라질,Brazil,0.8333333333333334,20,1.0,1574.0,0.0,735.0
2006,카메룬,Cameroon,0.625,11,12.0,1062.0,10.0,374.0
2006,캐나다,Canada,0.4,1,71.0,433.0,13.0,-83.0
2006,칠레,Chile,0.6666666666666666,7,45.0,637.0,31.0,99.0
2006,콜롬비아,Colombia,0.4285714285714285,1,20.0,867.0,6.0,190.0
2006,코스타리카,Costa Rica,0.1,-15,53.0,536.0,-34.0,-164.0
2006,크로아티아,Croatia,0.4666666666666667,15,24.0,825.0,0.0,139.0
2006,체코,Czech Republic,0.5384615384615384,14,7.0,1312.0,-3.0,535.0
2006,덴마크,Denmark,0.5555555555555556,10,16.0,940.0,-2.0,219.0
2006,에콰도르,Ecuador,0.25,-2,30.0,785.0,3.0,127.0
2006,이집트,Egypt,0.5384615384615384,10,27.0,814.0,4.0,152.0
2006,잉글랜드,England,0.6428571428571429,21,4.0,1477.0,7.0,739.0
2006,프랑스,France,0.7058823529411765,21,2.0,1534.0,4.0,764.0
2006,독일,Germany,0.7222222222222222,40,8.0,1291.0,7.0,573.0
2006,가나,Ghana,0.4705882352941176,3,23.0,830.0,39.0,264.0
2006,그리스,Greece,0.5,3,22.0,833.0,-2.0,134.0
2006,온두라스,Honduras,0.6666666666666666,4,81.0,395.0,-38.0,-225.0
2006,이란,Iran,0.4615384615384615,9,43.0,658.0,-25.0,-44.0
2006,이탈리아,Italy,0.5,13,5.0,1474.0,8.0,749.0
2006,코트디부아르,Ivory Coast,0.4705882352941176,9,19.0,879.0,31.0,286.0
2006,일본,Japan,0.4736842105263157,11,47.0,594.0,-31.0,-122.0
2006,멕시코,Mexico,0.5,2,17.0,891.0,-12.0,120.0
2006,모로코,Morocco,0.4545454545454545,8,41.0,694.0,-5.0,45.0
2006,네덜란드,Netherlands,0.6428571428571429,13,6.0,1327.0,-4.0,542.0
2006,나이지리아,Nigeria,0.75,7,11.0,1166.0,18.0,494.0
2006,북한,North Korea,0.0,0,111.0,223.0,-26.0,-292.0
2006,파라과이,Paraguay,0.2,-1,21.0,854.0,13.0,198.0
2006,폴란드,Poland,0.4705882352941176,3,35.0,737.0,-18.0,32.0
2006,포르투갈,Portugal,0.6,14,9.0,1272.0,0.0,529.0
2006,카타르,Qatar,0.875,14,63.0,476.0,12.0,-65.0
2006,러시아,Russia,0.4285714285714285,4,39.0,702.0,-9.0,33.0
2006,사우디아라비아,Saudi Arabia,0.375,7,68.0,460.0,-40.0,-215.0
2006,세네갈,Senegal,0.4166666666666667,2,33.0,756.0,2.0,104.0
2006,세르비아,Serbia,0.4166666666666667,-4,32.0,759.0,16.0,158.0
2006,슬로베니아,Slovenia,0.375,-5,78.0,408.0,-26.0,-182.0
2006,남아프리카 공화국,South Africa,0.3636363636363636,-2,76.0,417.0,-34.0,-205.0
2006,대한민국,South Korea,0.4,7,49.0,580.0,-23.0,-97.0
2006,스페인,Spain,0.5714285714285714,10,10.0,1255.0,-2.0,505.0
2006,스웨덴,Sweden,0.3333333333333333,-2,18.0,888.0,-8.0,148.0
2006,스위스,Switzerland,0.5384615384615384,13,14.0,1016.0,24.0,373.0
2006,튀니지,Tunisia,0.4375,6,31.0,780.0,-8.0,93.0
2006,미국,United States,0.4615384615384615,6,29.0,805.0,-22.0,37.0
2006,우루과이,Uruguay,0.5,6,15.0,960.0,10.0,280.0
2007,알제리,Algeria,0.375,-2,85.0,395.0,-2.0,7.0
2007,앙골라,Angola,0.3636363636363636,3,69.0,446.0,-17.0,-104.0
2007,아르헨티나,Argentina,0.6875,18,2.0,1451.0,1.0,-41.0
2007,호주,Australia,0.4,4,48.0,620.0,-10.0,-107.0
2007,벨기에,Belgium,0.3,-6,60.0,509.0,-10.0,-63.0
2007,브라질,Brazil,0.6111111111111112,25,3.0,1444.0,-2.0,-130.0
2007,카메룬,Cameroon,0.4285714285714285,1,25.0,856.0,-13.0,-206.0
2007,캐나다,Canada,0.4,5,54.0,547.0,17.0,114.0
2007,칠레,Chile,0.3684210526315789,-8,47.0,624.0,-2.0,-13.0
2007,콜롬비아,Colombia,0.5882352941176471,7,24.0,862.0,-4.0,-5.0
2007,코스타리카,Costa Rica,0.3684210526315789,14,56.0,534.0,-3.0,-2.0
2007,크로아티아,Croatia,0.8181818181818182,16,10.0,1151.0,14.0,326.0
2007,체코,Czech Republic,0.7,13,11.0,1082.0,-4.0,-230.0
2007,덴마크,Denmark,0.5,3,28.0,794.0,-12.0,-146.0
2007,에콰도르,Ecuador,0.2777777777777778,-9,57.0,527.0,-27.0,-258.0
2007,이집트,Egypt,0.375,3,43.0,679.0,-16.0,-135.0
2007,잉글랜드,England,0.5,12,9.0,1165.0,-5.0,-312.0
2007,프랑스,France,0.5833333333333334,12,6.0,1220.0,-4.0,-314.0
2007,독일,Germany,0.6666666666666666,15,4.0,1330.0,4.0,39.0
2007,가나,Ghana,0.5,3,45.0,671.0,-22.0,-159.0
2007,그리스,Greece,0.6363636363636364,7,15.0,940.0,7.0,107.0
2007,온두라스,Honduras,0.5294117647058824,14,59.0,516.0,22.0,121.0
2007,이란,Iran,0.5833333333333334,11,40.0,685.0,3.0,27.0
2007,이탈리아,Italy,0.8,11,1.0,1488.0,4.0,14.0
2007,코트디부아르,Ivory Coast,0.5555555555555556,15,27.0,806.0,-8.0,-73.0
2007,일본,Japan,0.5384615384615384,14,34.0,731.0,13.0,137.0
2007,멕시코,Mexico,0.5652173913043478,13,13.0,1026.0,4.0,135.0
2007,모로코,Morocco,0.5,6,38.0,688.0,3.0,-6.0
2007,네덜란드,Netherlands,0.6666666666666666,11,5.0,1246.0,1.0,-81.0
2007,나이지리아,Nigeria,0.5,2,23.0,867.0,-12.0,-299.0
2007,북한,North Korea,0.5,19,131.0,215.0,-20.0,-8.0
2007,파라과이,Paraguay,0.375,4,31.0,750.0,-10.0,-104.0
2007,폴란드,Poland,0.4615384615384615,14,16.0,926.0,19.0,189.0
2007,포르투갈,Portugal,0.5,11,8.0,1169.0,1.0,-103.0
2007,카타르,Qatar,0.2352941176470588,-4,91.0,374.0,-28.0,-102.0
2007,러시아,Russia,0.5,4,26.0,851.0,13.0,149.0
2007,사우디아라비아,Saudi Arabia,0.6842105263157895,22,51.0,579.0,17.0,119.0
2007,세네갈,Senegal,0.6,10,40.0,685.0,-7.0,-71.0
2007,세르비아,Serbia,0.3,6,22.0,877.0,10.0,118.0
2007,슬로베니아,Slovenia,0.2727272727272727,-3,75.0,429.0,3.0,21.0
2007,남아프리카 공화국,South Africa,0.3571428571428571,5,73.0,437.0,3.0,20.0
2007,대한민국,South Korea,0.3636363636363636,1,50.0,605.0,-1.0,25.0
2007,스페인,Spain,0.8333333333333334,16,7.0,1178.0,3.0,-77.0
2007,스웨덴,Sweden,0.4285714285714285,5,20.0,888.0,-2.0,0.0
2007,스위스,Switzerland,0.4,-1,42.0,683.0,-28.0,-333.0
2007,튀니지,Tunisia,0.5555555555555556,11,37.0,692.0,-6.0,-88.0
2007,미국,United States,0.6470588235294118,10,18.0,897.0,11.0,92.0
2007,우루과이,Uruguay,0.4285714285714285,7,19.0,889.0,-4.0,-71.0
2008,알제리,Algeria,0.4444444444444444,4,76.0,423.0,9.0,28.0
2008,앙골라,Angola,0.2857142857142857,3,58.0,513.0,11.0,67.0
2008,아르헨티나,Argentina,0.4166666666666667,7,7.0,1230.0,-5.0,-221.0
2008,호주,Australia,0.6153846153846154,12,39.0,655.0,9.0,35.0
2008,벨기에,Belgium,0.25,-5,55.0,530.0,5.0,21.0
2008,브라질,Brazil,0.5454545454545454,10,6.0,1252.0,-3.0,-192.0
2008,카메룬,Cameroon,0.6923076923076923,17,14.0,999.0,11.0,143.0
2008,캐나다,Canada,0.25,-3,81.0,412.0,-27.0,-135.0
2008,칠레,Chile,0.5,3,40.0,654.0,7.0,30.0
2008,콜롬비아,Colombia,0.1428571428571428,-7,29.0,785.0,-5.0,-77.0
2008,코스타리카,Costa Rica,0.5833333333333334,17,73.0,438.0,-17.0,-96.0
2008,크로아티아,Croatia,0.5384615384615384,6,5.0,1266.0,5.0,115.0
2008,체코,Czech Republic,0.4166666666666667,3,8.0,1134.0,3.0,52.0
2008,덴마크,Denmark,0.3333333333333333,1,36.0,696.0,-8.0,-98.0
2008,에콰도르,Ecuador,0.4166666666666667,0,52.0,556.0,5.0,29.0
2008,이집트,Egypt,0.7222222222222222,23,21.0,841.0,22.0,162.0
2008,잉글랜드,England,0.8,17,15.0,991.0,-6.0,-174.0
2008,프랑스,France,0.4285714285714285,0,11.0,1019.0,-5.0,-201.0
2008,독일,Germany,0.6875,20,3.0,1329.0,1.0,-1.0
2008,가나,Ghana,0.5294117647058824,9,20.0,864.0,25.0,193.0
2008,그리스,Greece,0.5,8,18.0,921.0,-3.0,-19.0
2008,온두라스,Honduras,0.6923076923076923,15,60.0,502.0,-1.0,-14.0
2008,이란,Iran,0.5454545454545454,19,46.0,614.0,-6.0,-71.0
2008,이탈리아,Italy,0.4615384615384615,6,2.0,1339.0,-1.0,-149.0
2008,코트디부아르,Ivory Coast,0.5,15,23.0,814.0,4.0,8.0
2008,일본,Japan,0.5263157894736842,18,35.0,707.0,-1.0,-24.0
2008,멕시코,Mexico,0.6,15,24.0,807.0,-11.0,-219.0
2008,모로코,Morocco,0.6923076923076923,18,37.0,671.0,1.0,-17.0
2008,네덜란드,Netherlands,0.7333333333333333,20,4.0,1295.0,1.0,49.0
2008,나이지리아,Nigeria,0.6153846153846154,11,27.0,791.0,-4.0,-76.0
2008,북한,North Korea,0.3809523809523809,8,116.0,296.0,15.0,81.0
2008,파라과이,Paraguay,0.3846153846153846,0,25.0,801.0,6.0,51.0
2008,폴란드,Poland,0.4375,2,30.0,779.0,-14.0,-147.0
2008,포르투갈,Portugal,0.3846153846153846,4,9.0,1120.0,-1.0,-49.0
2008,카타르,Qatar,0.391304347826087,-7,81.0,412.0,10.0,38.0
2008,러시아,Russia,0.6153846153846154,9,12.0,1013.0,14.0,162.0
2008,사우디아라비아,Saudi Arabia,0.6666666666666666,17,48.0,573.0,3.0,-6.0
2008,세네갈,Senegal,0.3333333333333333,3,45.0,623.0,-5.0,-62.0
2008,세르비아,Serbia,0.3636363636363636,6,33.0,746.0,-11.0,-131.0
2008,슬로베니아,Slovenia,0.3333333333333333,-1,79.0,415.0,-4.0,-14.0
2008,남아프리카 공화국,South Africa,0.5714285714285714,12,70.0,447.0,3.0,10.0
2008,대한민국,South Korea,0.5333333333333333,16,51.0,558.0,-1.0,-47.0
2008,스페인,Spain,0.9375,28,1.0,1565.0,6.0,387.0
2008,스웨덴,Sweden,0.2857142857142857,-5,31.0,773.0,-11.0,-115.0
2008,스위스,Switzerland,0.5384615384615384,5,43.0,644.0,-1.0,-39.0
2008,튀니지,Tunisia,0.4375,9,44.0,643.0,-7.0,-49.0
2008,미국,United States,0.6428571428571429,22,28.0,788.0,-10.0,-109.0
2008,우루과이,Uruguay,0.3636363636363636,9,22.0,817.0,-3.0,-72.0
2009,알제리,Algeria,0.7777777777777778,8,44.0,707.0,32.0,284.0
2009,앙골라,Angola,0.1538461538461538,-7,92.0,361.0,-34.0,-152.0
2009,아르헨티나,Argentina,0.5714285714285714,1,8.0,1113.0,-1.0,-117.0
2009,호주,Australia,0.5,7,14.0,907.0,25.0,252.0
2009,벨기에,Belgium,0.3333333333333333,-8,68.0,479.0,-13.0,-51.0
2009,브라질,Brazil,0.8235294117647058,26,1.0,1604.0,5.0,352.0
2009,카메룬,Cameroon,0.6,10,29.0,819.0,-15.0,-180.0
2009,캐나다,Canada,0.5,1,66.0,504.0,15.0,92.0
2009,칠레,Chile,0.6,8,21.0,846.0,19.0,192.0
2009,콜롬비아,Colombia,0.5833333333333334,3,48.0,657.0,-19.0,-128.0
2009,코스타리카,Costa Rica,0.4782608695652174,12,39.0,735.0,34.0,297.0
2009,크로아티아,Croatia,0.7777777777777778,9,9.0,1101.0,-4.0,-165.0
2009,체코,Czech Republic,0.3636363636363636,9,18.0,870.0,-10.0,-264.0
2009,덴마크,Denmark,0.4545454545454545,8,16.0,892.0,20.0,196.0
2009,에콰도르,Ecuador,0.3,-1,36.0,749.0,16.0,193.0
2009,이집트,Egypt,0.5294117647058824,11,32.0,786.0,-11.0,-55.0
2009,잉글랜드,England,0.6363636363636364,19,7.0,1127.0,8.0,136.0
2009,프랑스,France,0.5833333333333334,9,10.0,1040.0,1.0,21.0
2009,독일,Germany,0.6363636363636364,19,4.0,1186.0,-1.0,-143.0
2009,가나,Ghana,0.5,7,32.0,786.0,-12.0,-78.0
2009,그리스,Greece,0.4,2,12.0,971.0,6.0,50.0
2009,온두라스,Honduras,0.625,18,42.0,712.0,18.0,210.0
2009,이란,Iran,0.3636363636363636,7,60.0,541.0,-14.0,-73.0
2009,이탈리아,Italy,0.5333333333333333,8,4.0,1186.0,-2.0,-153.0
2009,코트디부아르,Ivory Coast,0.6,16,20.0,852.0,3.0,38.0
2009,일본,Japan,0.6470588235294118,28,40.0,734.0,-5.0,27.0
2009,멕시코,Mexico,0.5714285714285714,25,24.0,835.0,0.0,28.0
2009,모로코,Morocco,0.1111111111111111,-3,57.0,560.0,-20.0,-111.0
2009,네덜란드,Netherlands,0.5454545454545454,14,3.0,1376.0,1.0,81.0
2009,나이지리아,Nigeria,0.4444444444444444,6,34.0,773.0,-7.0,-18.0
2009,북한,North Korea,0.4615384615384615,15,90.0,379.0,26.0,83.0
2009,파라과이,Paraguay,0.3076923076923077,-7,23.0,842.0,2.0,41.0
2009,폴란드,Poland,0.3076923076923077,5,36.0,749.0,-6.0,-30.0
2009,포르투갈,Portugal,0.75,17,17.0,880.0,-8.0,-240.0
2009,카타르,Qatar,0.35,-3,83.0,400.0,-2.0,-12.0
2009,러시아,Russia,0.6,9,6.0,1129.0,6.0,116.0
2009,사우디아라비아,Saudi Arabia,0.45,15,65.0,505.0,-17.0,-68.0
2009,세네갈,Senegal,0.2,-3,80.0,410.0,-35.0,-213.0
2009,세르비아,Serbia,0.75,15,13.0,916.0,20.0,170.0
2009,슬로베니아,Slovenia,0.5,9,54.0,576.0,25.0,161.0
2009,남아프리카 공화국,South Africa,0.2857142857142857,-8,73.0,445.0,-3.0,-2.0
2009,대한민국,South Korea,0.4615384615384615,8,49.0,641.0,2.0,83.0
2009,스페인,Spain,0.9375,35,2.0,1588.0,-1.0,23.0
2009,스웨덴,Sweden,0.5384615384615384,7,41.0,723.0,-10.0,-50.0
2009,스위스,Switzerland,0.4444444444444444,8,15.0,898.0,28.0,254.0
2009,튀니지,Tunisia,0.4,6,50.0,614.0,-6.0,-29.0
2009,미국,United States,0.5416666666666666,7,11.0,974.0,17.0,186.0
2009,우루과이,Uruguay,0.4166666666666667,0,28.0,820.0,-6.0,3.0
2010,알제리,Algeria,0.1875,-16,35.0,732.0,9.0,25.0
2010,앙골라,Angola,0.2727272727272727,-2,93.0,342.0,-1.0,-19.0
2010,아르헨티나,Argentina,0.8571428571428571,20,5.0,1351.0,3.0,238.0
2010,호주,Australia,0.4615384615384615,-5,24.0,874.0,-10.0,-33.0
2010,벨기에,Belgium,0.375,1,62.0,526.0,6.0,47.0
2010,브라질,Brazil,0.75,20,4.0,1480.0,-3.0,-124.0
2010,카메룬,Cameroon,0.25,-1,37.0,717.0,-8.0,-102.0
2010,캐나다,Canada,0.1666666666666666,-7,88.0,360.0,-22.0,-144.0
2010,칠레,Chile,0.6666666666666666,11,10.0,1004.0,11.0,158.0
2010,콜롬비아,Colombia,0.25,1,40.0,684.0,8.0,27.0
2010,코스타리카,Costa Rica,0.2,-8,53.0,561.0,-14.0,-174.0
2010,크로아티아,Croatia,0.7,12,11.0,998.0,-2.0,-103.0
2010,체코,Czech Republic,0.5,5,37.0,717.0,-19.0,-153.0
2010,덴마크,Denmark,0.3333333333333333,-3,29.0,781.0,-13.0,-111.0
2010,에콰도르,Ecuador,0.2857142857142857,0,72.0,477.0,-36.0,-272.0
2010,이집트,Egypt,0.6923076923076923,16,9.0,1034.0,23.0,248.0
2010,잉글랜드,England,0.5833333333333334,9,6.0,1191.0,1.0,64.0
2010,프랑스,France,0.3846153846153846,0,27.0,835.0,-17.0,-205.0
2010,독일,Germany,0.7058823529411765,30,3.0,1490.0,1.0,304.0
2010,가나,Ghana,0.3888888888888889,0,20.0,889.0,12.0,103.0
2010,그리스,Greece,0.4166666666666667,-3,12.0,973.0,0.0,2.0
2010,온두라스,Honduras,0.1875,-11,52.0,565.0,-10.0,-147.0
2010,이란,Iran,0.7272727272727273,9,57.0,546.0,3.0,5.0
2010,이탈리아,Italy,0.25,6,13.0,965.0,-9.0,-221.0
2010,코트디부아르,Ivory Coast,0.5333333333333333,8,23.0,877.0,-3.0,25.0
2010,일본,Japan,0.4444444444444444,1,30.0,773.0,10.0,39.0
2010,멕시코,Mexico,0.5,12,28.0,795.0,-4.0,-40.0
2010,모로코,Morocco,0.5,2,95.0,330.0,-38.0,-230.0
2010,네덜란드,Netherlands,0.8823529411764706,27,2.0,1663.0,1.0,287.0
2010,나이지리아,Nigeria,0.375,5,34.0,733.0,0.0,-40.0
2010,북한,North Korea,0.238095238095238,-5,106.0,270.0,-16.0,-109.0
2010,파라과이,Paraguay,0.375,12,17.0,904.0,6.0,62.0
2010,폴란드,Poland,0.3076923076923077,1,66.0,504.0,-30.0,-245.0
2010,포르투갈,Portugal,0.5384615384615384,20,8.0,1049.0,9.0,169.0
2010,카타르,Qatar,0.2307692307692307,-3,104.0,278.0,-21.0,-122.0
2010,러시아,Russia,0.5714285714285714,2,25.0,868.0,-19.0,-261.0
2010,사우디아라비아,Saudi Arabia,0.4,8,73.0,460.0,-8.0,-45.0
2010,세네갈,Senegal,0.7142857142857143,10,79.0,405.0,1.0,-5.0
2010,세르비아,Serbia,0.4285714285714285,3,15.0,945.0,-2.0,29.0
2010,슬로베니아,Slovenia,0.5454545454545454,10,19.0,897.0,35.0,321.0
2010,남아프리카 공화국,South Africa,0.5294117647058824,16,58.0,545.0,15.0,100.0
2010,대한민국,South Korea,0.5263157894736842,8,44.0,640.0,5.0,-1.0
2010,스페인,Spain,0.7647058823529411,16,1.0,1824.0,1.0,236.0
2010,스웨덴,Sweden,0.7,13,32.0,760.0,9.0,37.0
2010,스위스,Switzerland,0.25,-2,21.0,882.0,-6.0,-16.0
2010,튀니지,Tunisia,0.2727272727272727,4,56.0,551.0,-6.0,-63.0
2010,미국,United States,0.3571428571428571,-2,18.0,899.0,-7.0,-75.0
2010,우루과이,Uruguay,0.6153846153846154,18,7.0,1182.0,21.0,362.0
2011,알제리,Algeria,0.6,0,46.0,605.0,-11.0,-127.0
2011,앙골라,Angola,0.3636363636363636,3,84.0,407.0,9.0,65.0
2011,아르헨티나,Argentina,0.4285714285714285,13,10.0,1024.0,-5.0,-327.0
2011,호주,Australia,0.7058823529411765,27,19.0,882.0,5.0,8.0
2011,벨기에,Belgium,0.4545454545454545,8,34.0,729.0,28.0,203.0
2011,브라질,Brazil,0.5625,12,7.0,1132.0,-3.0,-348.0
2011,카메룬,Cameroon,0.4,8,48.0,596.0,-11.0,-121.0
2011,캐나다,Canada,0.5,16,87.0,395.0,1.0,35.0
2011,칠레,Chile,0.4117647058823529,3,14.0,932.0,-4.0,-72.0
2011,콜롬비아,Colombia,0.5384615384615384,6,32.0,738.0,8.0,54.0
2011,코스타리카,Costa Rica,0.2272727272727272,-5,57.0,549.0,-4.0,-12.0
2011,크로아티아,Croatia,0.5454545454545454,9,9.0,1057.0,2.0,59.0
2011,체코,Czech Republic,0.4166666666666667,4,40.0,656.0,-3.0,-61.0
2011,덴마크,Denmark,0.7,10,17.0,893.0,12.0,112.0
2011,에콰도르,Ecuador,0.3529411764705882,8,69.0,481.0,3.0,4.0
2011,이집트,Egypt,0.6,13,36.0,713.0,-27.0,-321.0
2011,잉글랜드,England,0.6666666666666666,9,8.0,1089.0,-2.0,-102.0
2011,프랑스,France,0.5384615384615384,12,12.0,956.0,15.0,121.0
2011,독일,Germany,0.6923076923076923,19,3.0,1290.0,0.0,-200.0
2011,가나,Ghana,0.6,11,37.0,700.0,-17.0,-189.0
2011,그리스,Greece,0.5,6,11.0,1000.0,1.0,27.0
2011,온두라스,Honduras,0.3684210526315789,0,53.0,564.0,-1.0,-1.0
2011,이란,Iran,0.8,31,50.0,576.0,7.0,30.0
2011,이탈리아,Italy,0.6666666666666666,11,6.0,1142.0,7.0,177.0
2011,코트디부아르,Ivory Coast,0.8571428571428571,13,16.0,910.0,7.0,33.0
2011,일본,Japan,0.6,24,15.0,924.0,15.0,151.0
2011,멕시코,Mexico,0.5714285714285714,22,20.0,866.0,8.0,71.0
2011,모로코,Morocco,0.5,9,59.0,534.0,36.0,204.0
2011,네덜란드,Netherlands,0.5454545454545454,18,2.0,1571.0,0.0,-92.0
2011,나이지리아,Nigeria,0.5454545454545454,13,43.0,613.0,-9.0,-120.0
2011,북한,North Korea,0.4375,5,120.0,258.0,-14.0,-12.0
2011,파라과이,Paraguay,0.3,-1,24.0,825.0,-7.0,-79.0
2011,폴란드,Poland,0.4615384615384615,2,65.0,496.0,1.0,-8.0
2011,포르투갈,Portugal,0.6,16,5.0,1158.0,3.0,109.0
2011,카타르,Qatar,0.3125,5,100.0,350.0,4.0,72.0
2011,러시아,Russia,0.4545454545454545,10,13.0,954.0,12.0,86.0
2011,사우디아라비아,Saudi Arabia,0.2142857142857142,1,97.0,359.0,-24.0,-101.0
2011,세네갈,Senegal,0.5,3,42.0,614.0,37.0,209.0
2011,세르비아,Serbia,0.3333333333333333,-1,21.0,855.0,-6.0,-90.0
2011,슬로베니아,Slovenia,0.3333333333333333,0,33.0,732.0,-14.0,-165.0
2011,남아프리카 공화국,South Africa,0.4444444444444444,5,51.0,574.0,7.0,29.0
2011,대한민국,South Korea,0.5882352941176471,17,29.0,749.0,15.0,109.0
2011,스페인,Spain,0.75,20,1.0,1605.0,0.0,-219.0
2011,스웨덴,Sweden,0.6923076923076923,16,25.0,792.0,7.0,32.0
2011,스위스,Switzerland,0.4444444444444444,4,18.0,886.0,3.0,4.0
2011,튀니지,Tunisia,0.5,12,61.0,526.0,-5.0,-25.0
2011,미국,United States,0.3529411764705882,-4,31.0,741.0,-13.0,-158.0
2011,우루과이,Uruguay,0.5625,15,4.0,1184.0,3.0,2.0
2012,알제리,Algeria,0.75,12,28.0,734.0,18.0,129.0
2012,앙골라,Angola,0.3333333333333333,4,80.0,433.0,4.0,26.0
2012,아르헨티나,Argentina,0.7272727272727273,15,7.0,1121.0,3.0,97.0
2012,호주,Australia,0.5384615384615384,20,25.0,778.0,-6.0,-104.0
2012,벨기에,Belgium,0.4444444444444444,7,40.0,626.0,-6.0,-103.0
2012,브라질,Brazil,0.6923076923076923,25,12.0,996.0,-5.0,-136.0
2012,카메룬,Cameroon,0.5,6,61.0,510.0,-13.0,-86.0
2012,캐나다,Canada,0.4444444444444444,-4,73.0,454.0,14.0,59.0
2012,칠레,Chile,0.3636363636363636,-3,14.0,984.0,0.0,52.0
2012,콜롬비아,Colombia,0.75,13,22.0,843.0,10.0,105.0
2012,코스타리카,Costa Rica,0.3846153846153846,9,66.0,487.0,-9.0,-62.0
2012,크로아티아,Croatia,0.4545454545454545,3,9.0,1020.0,0.0,-37.0
2012,체코,Czech Republic,0.3846153846153846,2,19.0,869.0,21.0,213.0
2012,덴마크,Denmark,0.1818181818181818,-7,10.0,1006.0,7.0,113.0
2012,에콰도르,Ecuador,0.625,5,17.0,890.0,52.0,409.0
2012,이집트,Egypt,0.65,28,38.0,634.0,-2.0,-79.0
2012,잉글랜드,England,0.5384615384615384,12,3.0,1274.0,5.0,185.0
2012,프랑스,France,0.5714285714285714,9,15.0,965.0,-3.0,9.0
2012,독일,Germany,0.5714285714285714,10,2.0,1437.0,1.0,147.0
2012,가나,Ghana,0.5,9,31.0,714.0,6.0,14.0
2012,그리스,Greece,0.5384615384615384,5,11.0,1001.0,0.0,1.0
2012,온두라스,Honduras,0.3636363636363636,9,72.0,460.0,-19.0,-104.0
2012,이란,Iran,0.375,10,54.0,573.0,-4.0,-3.0
2012,이탈리아,Italy,0.3571428571428571,-1,6.0,1174.0,0.0,32.0
2012,코트디부아르,Ivory Coast,0.7333333333333333,21,16.0,912.0,0.0,2.0
2012,일본,Japan,0.6666666666666666,12,23.0,793.0,-8.0,-131.0
2012,멕시코,Mexico,0.8333333333333334,17,21.0,845.0,-1.0,-21.0
2012,모로코,Morocco,0.25,-4,68.0,478.0,-9.0,-56.0
2012,네덜란드,Netherlands,0.5384615384615384,14,8.0,1044.0,-6.0,-527.0
2012,나이지리아,Nigeria,0.4166666666666667,10,58.0,523.0,-15.0,-90.0
2012,북한,North Korea,0.7272727272727273,22,81.0,429.0,39.0,171.0
2012,파라과이,Paraguay,0.5454545454545454,0,29.0,728.0,-5.0,-97.0
2012,폴란드,Poland,0.4285714285714285,8,56.0,547.0,9.0,51.0
2012,포르투갈,Portugal,0.4285714285714285,5,4.0,1232.0,1.0,74.0
2012,카타르,Qatar,0.2,-6,92.0,380.0,8.0,30.0
2012,러시아,Russia,0.5384615384615384,15,13.0,990.0,0.0,36.0
2012,사우디아라비아,Saudi Arabia,0.3076923076923077,-2,105.0,328.0,-8.0,-31.0
2012,세네갈,Senegal,0.2727272727272727,-3,62.0,508.0,-20.0,-106.0
2012,세르비아,Serbia,0.2727272727272727,0,42.0,624.0,-21.0,-231.0
2012,슬로베니아,Slovenia,0.25,-3,24.0,784.0,9.0,52.0
2012,남아프리카 공화국,South Africa,0.3636363636363636,5,74.0,448.0,-23.0,-126.0
2012,대한민국,South Korea,0.5555555555555556,6,27.0,763.0,2.0,14.0
2012,스페인,Spain,0.8125,37,1.0,1617.0,0.0,12.0
2012,스웨덴,Sweden,0.6923076923076923,9,18.0,875.0,7.0,83.0
2012,스위스,Switzerland,0.6666666666666666,8,20.0,847.0,-2.0,-39.0
2012,튀니지,Tunisia,0.5,9,41.0,625.0,20.0,99.0
2012,미국,United States,0.6428571428571429,10,33.0,697.0,-2.0,-44.0
2012,우루과이,Uruguay,0.2,-6,5.0,1217.0,-1.0,33.0
2013,알제리,Algeria,0.5384615384615384,6,28.0,762.0,0.0,28.0
2013,앙골라,Angola,0.3333333333333333,3,89.0,400.0,-9.0,-33.0
2013,아르헨티나,Argentina,0.5833333333333334,15,2.0,1263.0,5.0,142.0
2013,호주,Australia,0.3333333333333333,-6,53.0,603.0,-28.0,-175.0
2013,벨기에,Belgium,0.6363636363636364,7,6.0,1159.0,34.0,533.0
2013,브라질,Brazil,0.6842105263157895,34,8.0,1067.0,4.0,71.0
2013,카메룬,Cameroon,0.5,7,61.0,558.0,0.0,48.0
2013,캐나다,Canada,0.0,-14,106.0,324.0,-33.0,-130.0
2013,칠레,Chile,0.6428571428571429,19,16.0,967.0,-2.0,-17.0
2013,콜롬비아,Colombia,0.5454545454545454,9,5.0,1180.0,17.0,337.0
2013,코스타리카,Costa Rica,0.5909090909090909,17,33.0,733.0,33.0,246.0
2013,크로아티아,Croatia,0.5,6,10.0,1051.0,-1.0,31.0
2013,체코,Czech Republic,0.5,6,32.0,738.0,-13.0,-131.0
2013,덴마크,Denmark,0.5454545454545454,5,23.0,825.0,-13.0,-181.0
2013,에콰도르,Ecuador,0.3076923076923077,3,20.0,851.0,-3.0,-39.0
2013,이집트,Egypt,0.6,11,50.0,611.0,-12.0,-23.0
2013,잉글랜드,England,0.5,16,17.0,947.0,-14.0,-327.0
2013,프랑스,France,0.4166666666666667,8,25.0,812.0,-10.0,-153.0
2013,독일,Germany,0.75,20,3.0,1261.0,-1.0,-176.0
2013,가나,Ghana,0.5789473684210527,20,24.0,815.0,7.0,101.0
2013,그리스,Greece,0.7,8,12.0,1016.0,-1.0,15.0
2013,온두라스,Honduras,0.3636363636363636,-6,40.0,680.0,32.0,220.0
2013,이란,Iran,0.7777777777777778,16,48.0,633.0,6.0,60.0
2013,이탈리아,Italy,0.3333333333333333,7,4.0,1199.0,2.0,25.0
2013,코트디부아르,Ivory Coast,0.5,11,19.0,902.0,-3.0,-10.0
2013,일본,Japan,0.4210526315789473,0,42.0,671.0,-19.0,-122.0
2013,멕시코,Mexico,0.391304347826087,8,21.0,837.0,0.0,-8.0
2013,모로코,Morocco,0.2727272727272727,1,74.0,492.0,-6.0,14.0
2013,네덜란드,Netherlands,0.5833333333333334,23,9.0,1058.0,-1.0,14.0
2013,나이지리아,Nigeria,0.5,18,36.0,707.0,22.0,184.0
2013,북한,North Korea,0.2,0,113.0,297.0,-32.0,-132.0
2013,파라과이,Paraguay,0.125,-4,41.0,673.0,-12.0,-55.0
2013,폴란드,Poland,0.3333333333333333,3,65.0,539.0,-9.0,-8.0
2013,포르투갈,Portugal,0.5833333333333334,8,11.0,1029.0,-7.0,-203.0
2013,카타르,Qatar,0.5416666666666666,17,108.0,309.0,-16.0,-71.0
2013,러시아,Russia,0.5,10,15.0,968.0,-2.0,-22.0
2013,사우디아라비아,Saudi Arabia,0.4615384615384615,1,109.0,307.0,-4.0,-21.0
2013,세네갈,Senegal,0.25,-3,66.0,534.0,-4.0,26.0
2013,세르비아,Serbia,0.5,9,43.0,666.0,-1.0,42.0
2013,슬로베니아,Slovenia,0.6,4,29.0,754.0,-5.0,-30.0
2013,남아프리카 공화국,South Africa,0.5,15,68.0,528.0,6.0,80.0
2013,대한민국,South Korea,0.3333333333333333,-2,58.0,574.0,-31.0,-189.0
2013,스페인,Spain,0.7058823529411765,24,1.0,1514.0,0.0,-103.0
2013,스웨덴,Sweden,0.4666666666666667,5,22.0,836.0,-4.0,-39.0
2013,스위스,Switzerland,0.5555555555555556,5,14.0,992.0,6.0,145.0
2013,튀니지,Tunisia,0.3076923076923077,0,46.0,643.0,-5.0,18.0
2013,미국,United States,0.6818181818181818,22,13.0,996.0,20.0,299.0
2013,우루과이,Uruguay,0.5294117647058824,15,7.0,1126.0,-2.0,-91.0
2014,알제리,Algeria,0.6923076923076923,12,20.0,926.0,8.0,164.0
2014,앙골라,Angola,0.2,2,101.0,312.0,-12.0,-88.0
2014,아르헨티나,Argentina,0.6666666666666666,16,2.0,1631.0,0.0,368.0
2014,호주,Australia,0.0909090909090909,-11,84.0,390.0,-31.0,-213.0
2014,벨기에,Belgium,0.7142857142857143,20,5.0,1444.0,1.0,285.0
2014,브라질,Brazil,0.7333333333333333,19,6.0,1291.0,2.0,224.0
2014,카메룬,Cameroon,0.4285714285714285,-2,42.0,601.0,19.0,43.0
2014,캐나다,Canada,0.0,0,120.0,265.0,-14.0,-59.0
2014,칠레,Chile,0.5,8,12.0,1100.0,4.0,133.0
2014,콜롬비아,Colombia,0.6363636363636364,12,3.0,1488.0,2.0,308.0
2014,코스타리카,Costa Rica,0.3571428571428571,2,15.0,988.0,18.0,255.0
2014,크로아티아,Croatia,0.5833333333333334,12,19.0,928.0,-9.0,-123.0
2014,체코,Czech Republic,0.5,3,28.0,812.0,4.0,74.0
2014,덴마크,Denmark,0.3333333333333333,-1,27.0,833.0,-4.0,8.0
2014,에콰도르,Ecuador,0.2857142857142857,-1,21.0,889.0,-1.0,38.0
2014,이집트,Egypt,0.4444444444444444,2,61.0,513.0,-11.0,-98.0
2014,잉글랜드,England,0.6153846153846154,15,18.0,935.0,-1.0,-12.0
2014,프랑스,France,0.6666666666666666,27,9.0,1202.0,16.0,390.0
2014,독일,Germany,0.6470588235294118,22,1.0,1765.0,2.0,504.0
2014,가나,Ghana,0.3846153846153846,5,33.0,661.0,-9.0,-154.0
2014,그리스,Greece,0.1538461538461538,-9,14.0,1052.0,-2.0,36.0
2014,온두라스,Honduras,0.0,-15,56.0,535.0,-16.0,-145.0
2014,이란,Iran,0.3,0,44.0,572.0,4.0,-61.0
2014,이탈리아,Italy,0.5,5,13.0,1068.0,-9.0,-131.0
2014,코트디부아르,Ivory Coast,0.3571428571428571,-1,22.0,879.0,-3.0,-23.0
2014,일본,Japan,0.5384615384615384,4,48.0,557.0,-6.0,-114.0
2014,멕시코,Mexico,0.5384615384615384,8,16.0,963.0,5.0,126.0
2014,모로코,Morocco,0.5555555555555556,12,87.0,371.0,-13.0,-121.0
2014,네덜란드,Netherlands,0.5294117647058824,14,4.0,1456.0,5.0,398.0
2014,나이지리아,Nigeria,0.2857142857142857,0,37.0,642.0,-1.0,-65.0
2014,북한,North Korea,0.3333333333333333,0,150.0,160.0,-37.0,-137.0
2014,파라과이,Paraguay,0.2857142857142857,-2,60.0,514.0,-19.0,-159.0
2014,폴란드,Poland,0.6,17,70.0,436.0,-5.0,-103.0
2014,포르투갈,Portugal,0.5833333333333334,7,11.0,1150.0,0.0,121.0
2014,카타르,Qatar,0.5,20,96.0,342.0,12.0,33.0
2014,러시아,Russia,0.4615384615384615,12,23.0,875.0,-8.0,-93.0
2014,사우디아라비아,Saudi Arabia,0.3846153846153846,-3,82.0,402.0,27.0,95.0
2014,세네갈,Senegal,0.5,9,36.0,645.0,30.0,111.0
2014,세르비아,Serbia,0.375,-2,34.0,646.0,9.0,-20.0
2014,슬로베니아,Slovenia,0.2857142857142857,-5,53.0,555.0,-24.0,-199.0
2014,남아프리카 공화국,South Africa,0.4,3,67.0,458.0,1.0,-70.0
2014,대한민국,South Korea,0.3333333333333333,-10,63.0,501.0,-5.0,-73.0
2014,스페인,Spain,0.5833333333333334,10,8.0,1228.0,-7.0,-286.0
2014,스웨덴,Sweden,0.3636363636363636,2,32.0,662.0,-10.0,-174.0
2014,스위스,Switzerland,0.5,8,10.0,1175.0,4.0,183.0
2014,튀니지,Tunisia,0.5555555555555556,4,31.0,701.0,15.0,58.0
2014,미국,United States,0.4166666666666667,-2,17.0,936.0,-4.0,-60.0
2014,우루과이,Uruguay,0.5833333333333334,6,7.0,1243.0,0.0,117.0
2015,알제리,Algeria,0.5384615384615384,16,19.0,955.0,1.0,29.0
2015,앙골라,Angola,0.375,0,88.0,381.0,13.0,69.0
2015,아르헨티나,Argentina,0.5333333333333333,21,1.0,1442.0,1.0,-189.0
2015,호주,Australia,0.7142857142857143,25,61.0,548.0,23.0,158.0
2015,벨기에,Belgium,0.8888888888888888,16,2.0,1269.0,3.0,-175.0
2015,브라질,Brazil,0.7142857142857143,14,5.0,1209.0,1.0,-82.0
2015,카메룬,Cameroon,0.4285714285714285,4,42.0,671.0,0.0,70.0
2015,캐나다,Canada,0.4545454545454545,9,102.0,319.0,18.0,54.0
2015,칠레,Chile,0.5714285714285714,8,8.0,1149.0,4.0,49.0
2015,콜롬비아,Colombia,0.4166666666666667,7,4.0,1224.0,-1.0,-264.0
2015,코스타리카,Costa Rica,0.1818181818181818,-3,39.0,731.0,-24.0,-257.0
2015,크로아티아,Croatia,0.625,12,14.0,1037.0,5.0,109.0
2015,체코,Czech Republic,0.4444444444444444,0,20.0,940.0,8.0,128.0
2015,덴마크,Denmark,0.3,-1,22.0,901.0,5.0,68.0
2015,에콰도르,Ecuador,0.6363636363636364,10,34.0,764.0,-13.0,-125.0
2015,이집트,Egypt,0.8333333333333334,12,49.0,619.0,12.0,106.0
2015,잉글랜드,England,0.7,18,10.0,1143.0,8.0,208.0
2015,프랑스,France,0.6,5,24.0,893.0,-15.0,-309.0
2015,독일,Germany,0.5555555555555556,9,3.0,1248.0,-2.0,-517.0
2015,가나,Ghana,0.5625,13,27.0,827.0,6.0,166.0
2015,그리스,Greece,0.1111111111111111,-4,44.0,657.0,-30.0,-395.0
2015,온두라스,Honduras,0.2666666666666666,-1,81.0,404.0,-25.0,-131.0
2015,이란,Iran,0.6666666666666666,23,40.0,716.0,4.0,144.0
2015,이탈리아,Italy,0.4,2,16.0,1012.0,-3.0,-56.0
2015,코트디부아르,Ivory Coast,0.5333333333333333,11,21.0,924.0,1.0,45.0
2015,일본,Japan,0.6470588235294118,33,58.0,570.0,-10.0,13.0
2015,멕시코,Mexico,0.4210526315789473,14,26.0,848.0,-10.0,-115.0
2015,모로코,Morocco,0.4285714285714285,3,85.0,391.0,2.0,20.0
2015,네덜란드,Netherlands,0.4444444444444444,0,12.0,1054.0,-8.0,-402.0
2015,나이지리아,Nigeria,0.4,5,53.0,599.0,-16.0,-43.0
2015,북한,North Korea,0.4666666666666667,2,126.0,237.0,24.0,77.0
2015,파라과이,Paraguay,0.25,-6,55.0,592.0,5.0,78.0
2015,폴란드,Poland,0.5555555555555556,14,34.0,764.0,36.0,328.0
2015,포르투갈,Portugal,0.7,4,6.0,1186.0,5.0,36.0
2015,카타르,Qatar,0.6,24,94.0,347.0,2.0,5.0
2015,러시아,Russia,0.6666666666666666,11,32.0,780.0,-9.0,-95.0
2015,사우디아라비아,Saudi Arabia,0.6363636363636364,21,93.0,350.0,-11.0,-52.0
2015,세네갈,Senegal,0.5833333333333334,9,38.0,734.0,-2.0,89.0
2015,세르비아,Serbia,0.375,-1,66.0,528.0,-32.0,-118.0
2015,슬로베니아,Slovenia,0.3333333333333333,4,45.0,653.0,8.0,98.0
2015,남아프리카 공화국,South Africa,0.3888888888888889,6,72.0,469.0,-5.0,11.0
2015,대한민국,South Korea,0.8,40,57.0,574.0,6.0,73.0
2015,스페인,Spain,0.8888888888888888,11,11.0,1122.0,-3.0,-106.0
2015,스웨덴,Sweden,0.5833333333333334,8,36.0,756.0,-4.0,94.0
2015,스위스,Switzerland,0.7,14,17.0,1011.0,-7.0,-164.0
2015,튀니지,Tunisia,0.3333333333333333,6,33.0,774.0,-2.0,73.0
2015,미국,United States,0.5294117647058824,13,28.0,823.0,-11.0,-113.0
2015,우루과이,Uruguay,0.6,11,18.0,1002.0,-11.0,-241.0
2016,알제리,Algeria,0.5,12,35.0,749.0,-16.0,-206.0
2016,앙골라,Angola,0.0,-13,134.0,247.0,-46.0,-134.0
2016,아르헨티나,Argentina,0.6428571428571429,19,1.0,1646.0,0.0,204.0
2016,호주,Australia,0.5,13,45.0,643.0,16.0,95.0
2016,벨기에,Belgium,0.6,23,2.0,1369.0,0.0,100.0
2016,브라질,Brazil,0.6363636363636364,21,4.0,1323.0,1.0,114.0
2016,카메룬,Cameroon,0.3,3,59.0,565.0,-17.0,-106.0
2016,캐나다,Canada,0.3333333333333333,-5,103.0,329.0,-1.0,10.0
2016,칠레,Chile,0.5714285714285714,15,6.0,1284.0,2.0,135.0
2016,콜롬비아,Colombia,0.5,3,4.0,1323.0,0.0,99.0
2016,코스타리카,Costa Rica,0.7272727272727273,11,18.0,943.0,21.0,212.0
2016,크로아티아,Croatia,0.6923076923076923,26,14.0,1059.0,0.0,22.0
2016,체코,Czech Republic,0.2857142857142857,3,33.0,762.0,-13.0,-178.0
2016,덴마크,Denmark,0.5,11,46.0,637.0,-24.0,-264.0
2016,에콰도르,Ecuador,0.25,2,19.0,917.0,15.0,153.0
2016,이집트,Egypt,0.6,8,53.0,587.0,-4.0,-32.0
2016,잉글랜드,England,0.5714285714285714,9,12.0,1130.0,-2.0,-13.0
2016,프랑스,France,0.7647058823529411,22,8.0,1188.0,16.0,295.0
2016,독일,Germany,0.625,24,3.0,1347.0,0.0,99.0
2016,가나,Ghana,0.25,1,43.0,658.0,-16.0,-169.0
2016,그리스,Greece,0.6,7,48.0,622.0,-4.0,-35.0
2016,온두라스,Honduras,0.625,6,82.0,421.0,-1.0,17.0
2016,이란,Iran,0.8,25,37.0,712.0,3.0,-4.0
2016,이탈리아,Italy,0.5333333333333333,9,13.0,1124.0,3.0,112.0
2016,코트디부아르,Ivory Coast,0.3333333333333333,4,34.0,752.0,-13.0,-172.0
2016,일본,Japan,0.7,21,56.0,574.0,2.0,4.0
2016,멕시코,Mexico,0.6923076923076923,8,15.0,1057.0,11.0,209.0
2016,모로코,Morocco,0.6,12,58.0,570.0,27.0,179.0
2016,네덜란드,Netherlands,0.4545454545454545,6,24.0,861.0,-12.0,-193.0
2016,나이지리아,Nigeria,0.7142857142857143,6,64.0,534.0,-11.0,-65.0
2016,북한,North Korea,0.625,5,118.0,302.0,8.0,65.0
2016,파라과이,Paraguay,0.1666666666666666,-10,36.0,720.0,19.0,128.0
2016,폴란드,Poland,0.5,12,17.0,984.0,17.0,220.0
2016,포르투갈,Portugal,0.5882352941176471,31,7.0,1228.0,-1.0,42.0
2016,카타르,Qatar,0.5,1,85.0,389.0,9.0,42.0
2016,러시아,Russia,0.25,-4,38.0,685.0,-6.0,-95.0
2016,사우디아라비아,Saudi Arabia,0.625,10,52.0,588.0,41.0,238.0
2016,세네갈,Senegal,1.0,11,39.0,684.0,-1.0,-50.0
2016,세르비아,Serbia,0.4545454545454545,2,50.0,602.0,16.0,74.0
2016,슬로베니아,Slovenia,0.3333333333333333,1,67.0,502.0,-22.0,-151.0
2016,남아프리카 공화국,South Africa,0.3636363636363636,10,62.0,539.0,10.0,70.0
2016,대한민국,South Korea,0.7,2,47.0,634.0,10.0,60.0
2016,스페인,Spain,0.5333333333333333,23,11.0,1141.0,0.0,19.0
2016,스웨덴,Sweden,0.3076923076923077,6,41.0,677.0,-5.0,-79.0
2016,스위스,Switzerland,0.5,4,16.0,1020.0,1.0,9.0
2016,튀니지,Tunisia,0.5555555555555556,8,42.0,662.0,-9.0,-112.0
2016,미국,United States,0.6,11,22.0,874.0,6.0,51.0
2016,우루과이,Uruguay,0.4545454545454545,6,9.0,1173.0,9.0,171.0
2017,알제리,Algeria,0.5,10,62.0,564.0,-27.0,-185.0
2017,앙골라,Angola,0.1666666666666666,-3,137.0,219.0,-3.0,-28.0
2017,아르헨티나,Argentina,0.5,7,4.0,1325.0,-3.0,-321.0
2017,호주,Australia,0.3846153846153846,0,50.0,662.0,-5.0,19.0
2017,벨기에,Belgium,0.7,19,5.0,1265.0,-3.0,-104.0
2017,브라질,Brazil,0.6363636363636364,17,2.0,1590.0,2.0,267.0
2017,카메룬,Cameroon,0.3684210526315789,-3,45.0,689.0,14.0,124.0
2017,캐나다,Canada,0.4444444444444444,5,96.0,368.0,7.0,39.0
2017,칠레,Chile,0.3125,-1,9.0,1195.0,-3.0,-89.0
2017,콜롬비아,Colombia,0.3636363636363636,8,10.0,1191.0,-6.0,-132.0
2017,코스타리카,Costa Rica,0.3529411764705882,-1,21.0,936.0,-3.0,-7.0
2017,크로아티아,Croatia,0.4166666666666667,3,18.0,977.0,-4.0,-82.0
2017,체코,Czech Republic,0.6,13,58.0,630.0,-25.0,-132.0
2017,덴마크,Denmark,0.5555555555555556,14,26.0,848.0,20.0,211.0
2017,에콰도르,Ecuador,0.3,-2,35.0,767.0,-16.0,-150.0
2017,이집트,Egypt,0.6,8,30.0,815.0,23.0,228.0
2017,잉글랜드,England,0.5,7,15.0,1056.0,-3.0,-74.0
2017,프랑스,France,0.6363636363636364,13,8.0,1208.0,0.0,20.0
2017,독일,Germany,0.7333333333333333,31,1.0,1606.0,2.0,259.0
2017,가나,Ghana,0.4285714285714285,10,52.0,646.0,-9.0,-12.0
2017,그리스,Greece,0.25,1,47.0,665.0,1.0,43.0
2017,온두라스,Honduras,0.3,-8,74.0,467.0,8.0,46.0
2017,이란,Iran,0.6363636363636364,8,25.0,865.0,12.0,153.0
2017,이탈리아,Italy,0.6363636363636364,17,17.0,1035.0,-4.0,-89.0
2017,코트디부아르,Ivory Coast,0.2857142857142857,-1,54.0,637.0,-20.0,-115.0
2017,일본,Japan,0.4615384615384615,4,40.0,737.0,16.0,163.0
2017,멕시코,Mexico,0.5833333333333334,14,14.0,1085.0,1.0,28.0
2017,모로코,Morocco,0.5714285714285714,14,56.0,635.0,2.0,65.0
2017,네덜란드,Netherlands,0.7272727272727273,14,29.0,819.0,-5.0,-42.0
2017,나이지리아,Nigeria,0.4444444444444444,5,44.0,696.0,20.0,162.0
2017,북한,North Korea,0.1818181818181818,-4,124.0,258.0,-6.0,-44.0
2017,파라과이,Paraguay,0.3333333333333333,-7,39.0,738.0,-3.0,18.0
2017,폴란드,Poland,0.625,8,6.0,1250.0,11.0,266.0
2017,포르투갈,Portugal,0.7333333333333333,27,3.0,1386.0,4.0,158.0
2017,카타르,Qatar,0.2777777777777778,-1,85.0,406.0,0.0,17.0
2017,러시아,Russia,0.2727272727272727,2,64.0,558.0,-26.0,-127.0
2017,사우디아라비아,Saudi Arabia,0.4615384615384615,3,53.0,641.0,-1.0,53.0
2017,세네갈,Senegal,0.5625,17,33.0,774.0,6.0,90.0
2017,세르비아,Serbia,0.5555555555555556,8,32.0,789.0,18.0,187.0
2017,슬로베니아,Slovenia,0.3333333333333333,3,55.0,636.0,12.0,134.0
2017,남아프리카 공화국,South Africa,0.4166666666666667,2,80.0,423.0,-18.0,-116.0
2017,대한민국,South Korea,0.3076923076923077,0,51.0,659.0,-4.0,25.0
2017,스페인,Spain,0.8,26,11.0,1184.0,0.0,43.0
2017,스웨덴,Sweden,0.5454545454545454,15,23.0,918.0,18.0,241.0
2017,스위스,Switzerland,0.7777777777777778,12,7.0,1210.0,9.0,190.0
2017,튀니지,Tunisia,0.4615384615384615,3,31.0,810.0,11.0,148.0
2017,미국,United States,0.5,19,28.0,828.0,-6.0,-46.0
2017,우루과이,Uruguay,0.2,-7,16.0,1043.0,-7.0,-130.0
2018,알제리,Algeria,0.4,1,66.0,1351.0,-4.0,787.0
2018,앙골라,Angola,0.4444444444444444,4,137.0,1096.0,0.0,877.0
2018,아르헨티나,Argentina,0.5384615384615384,8,11.0,1574.0,-7.0,249.0
2018,호주,Australia,0.4545454545454545,11,43.0,1431.0,7.0,769.0
2018,벨기에,Belgium,0.7647058823529411,27,2.0,1723.0,3.0,458.0
2018,브라질,Brazil,0.8666666666666667,26,3.0,1657.0,-1.0,67.0
2018,카메룬,Cameroon,0.2857142857142857,-1,47.0,1416.0,-2.0,727.0
2018,캐나다,Canada,1.0,15,79.0,1304.0,17.0,936.0
2018,칠레,Chile,0.4,1,12.0,1570.0,-3.0,375.0
2018,콜롬비아,Colombia,0.5454545454545454,9,14.0,1563.0,-4.0,372.0
2018,코스타리카,Costa Rica,0.2857142857142857,-11,32.0,1471.0,-11.0,535.0
2018,크로아티아,Croatia,0.4705882352941176,-2,4.0,1643.0,14.0,666.0
2018,체코,Czech Republic,0.5,-5,44.0,1430.0,14.0,800.0
2018,덴마크,Denmark,0.4,5,9.0,1580.0,17.0,732.0
2018,에콰도르,Ecuador,0.6666666666666666,6,60.0,1376.0,-25.0,609.0
2018,이집트,Egypt,0.3333333333333333,3,65.0,1355.0,-35.0,540.0
2018,잉글랜드,England,0.5882352941176471,13,6.0,1615.0,9.0,559.0
2018,프랑스,France,0.6666666666666666,14,1.0,1726.0,7.0,518.0
2018,독일,Germany,0.3076923076923077,-3,15.0,1561.0,-14.0,-45.0
2018,가나,Ghana,0.5,3,45.0,1424.0,7.0,778.0
2018,그리스,Greece,0.4444444444444444,-3,42.0,1436.0,5.0,771.0
2018,온두라스,Honduras,0.2,-5,61.0,1368.0,13.0,901.0
2018,이란,Iran,0.6,9,32.0,1471.0,-7.0,606.0
2018,이탈리아,Italy,0.2727272727272727,-2,21.0,1532.0,-4.0,497.0
2018,코트디부아르,Ivory Coast,0.5,6,67.0,1344.0,-13.0,707.0
2018,일본,Japan,0.4285714285714285,7,55.0,1392.0,-15.0,655.0
2018,멕시코,Mexico,0.375,-9,16.0,1560.0,-2.0,475.0
2018,모로코,Morocco,0.6153846153846154,11,46.0,1418.0,10.0,783.0
2018,네덜란드,Netherlands,0.4,7,17.0,1540.0,12.0,721.0
2018,나이지리아,Nigeria,0.4285714285714285,5,49.0,1410.0,-5.0,714.0
2018,북한,North Korea,0.4285714285714285,1,108.0,1196.0,16.0,938.0
2018,파라과이,Paraguay,0.0,-3,30.0,1477.0,9.0,739.0
2018,폴란드,Poland,0.2307692307692307,-2,18.0,1538.0,-12.0,288.0
2018,포르투갈,Portugal,0.4,5,7.0,1599.0,-4.0,213.0
2018,카타르,Qatar,0.5833333333333334,6,98.0,1236.0,-13.0,830.0
2018,러시아,Russia,0.3333333333333333,0,49.0,1410.0,15.0,852.0
2018,사우디아라비아,Saudi Arabia,0.2777777777777778,-11,70.0,1336.0,-17.0,695.0
2018,세네갈,Senegal,0.4166666666666667,6,24.0,1498.0,9.0,724.0
2018,세르비아,Serbia,0.5384615384615384,9,36.0,1459.0,-4.0,670.0
2018,슬로베니아,Slovenia,0.1111111111111111,-6,55.0,1392.0,0.0,756.0
2018,남아프리카 공화국,South Africa,0.4,14,74.0,1327.0,6.0,904.0
2018,대한민국,South Korea,0.3684210526315789,5,57.0,1387.0,-6.0,728.0
2018,스페인,Spain,0.5,16,9.0,1580.0,2.0,396.0
2018,스웨덴,Sweden,0.3529411764705882,1,13.0,1565.0,10.0,647.0
2018,스위스,Switzerland,0.5,16,8.0,1597.0,-1.0,387.0
2018,튀니지,Tunisia,0.4615384615384615,0,24.0,1498.0,7.0,688.0
2018,미국,United States,0.2727272727272727,-4,22.0,1508.0,6.0,680.0
2018,우루과이,Uruguay,0.6153846153846154,9,5.0,1627.0,11.0,584.0
2019,알제리,Algeria,0.75,23,38.0,1466.0,28.0,115.0
2019,앙골라,Angola,0.4444444444444444,1,121.0,1161.0,16.0,65.0
2019,아르헨티나,Argentina,0.5333333333333333,14,10.0,1614.0,1.0,40.0
2019,호주,Australia,0.6,16,44.0,1441.0,-1.0,10.0
2019,벨기에,Belgium,1.0,37,1.0,1752.0,1.0,29.0
2019,브라질,Brazil,0.5,24,3.0,1719.0,0.0,62.0
2019,카메룬,Cameroon,0.4,6,53.0,1409.0,-6.0,-7.0
2019,캐나다,Canada,0.6666666666666666,17,75.0,1322.0,4.0,18.0
2019,칠레,Chile,0.3076923076923077,-1,17.0,1576.0,-5.0,6.0
2019,콜롬비아,Colombia,0.5714285714285714,9,9.0,1622.0,5.0,59.0
2019,코스타리카,Costa Rica,0.3076923076923077,1,43.0,1442.0,-11.0,-29.0
2019,크로아티아,Croatia,0.6,10,8.0,1625.0,-4.0,-18.0
2019,체코,Czech Republic,0.5,-1,44.0,1441.0,0.0,11.0
2019,덴마크,Denmark,0.5,21,14.0,1584.0,-5.0,4.0
2019,에콰도르,Ecuador,0.25,-6,65.0,1370.0,-5.0,-6.0
2019,이집트,Egypt,0.5833333333333334,8,49.0,1431.0,16.0,76.0
2019,잉글랜드,England,0.7,29,4.0,1662.0,2.0,47.0
2019,프랑스,France,0.8181818181818182,21,2.0,1725.0,-1.0,-1.0
2019,독일,Germany,0.7,23,16.0,1580.0,-1.0,19.0
2019,가나,Ghana,0.5555555555555556,8,51.0,1429.0,-6.0,5.0
2019,그리스,Greece,0.3636363636363636,-3,60.0,1382.0,-18.0,-54.0
2019,온두라스,Honduras,0.5,7,67.0,1359.0,-6.0,-9.0
2019,이란,Iran,0.5833333333333334,28,23.0,1522.0,9.0,51.0
2019,이탈리아,Italy,1.0,33,15.0,1583.0,6.0,51.0
2019,코트디부아르,Ivory Coast,0.6666666666666666,14,56.0,1394.0,11.0,50.0
2019,일본,Japan,0.6521739130434783,21,31.0,1490.0,24.0,98.0
2019,멕시코,Mexico,0.8823529411764706,30,12.0,1603.0,4.0,43.0
2019,모로코,Morocco,0.3571428571428571,3,39.0,1463.0,7.0,45.0
2019,네덜란드,Netherlands,0.7,18,13.0,1586.0,4.0,46.0
2019,나이지리아,Nigeria,0.6,7,34.0,1482.0,15.0,72.0
2019,북한,North Korea,0.3846153846153846,-14,113.0,1176.0,-5.0,-20.0
2019,파라과이,Paraguay,0.2142857142857142,-2,40.0,1462.0,-10.0,-15.0
2019,폴란드,Poland,0.8,13,22.0,1532.0,-4.0,-6.0
2019,포르투갈,Portugal,0.7,19,5.0,1643.0,2.0,44.0
2019,카타르,Qatar,0.6666666666666666,31,62.0,1377.0,36.0,141.0
2019,러시아,Russia,0.8,25,42.0,1455.0,7.0,45.0
2019,사우디아라비아,Saudi Arabia,0.4,5,70.0,1336.0,0.0,0.0
2019,세네갈,Senegal,0.7692307692307693,15,20.0,1546.0,4.0,48.0
2019,세르비아,Serbia,0.5,1,35.0,1476.0,1.0,17.0
2019,슬로베니아,Slovenia,0.4,5,58.0,1390.0,-3.0,-2.0
2019,남아프리카 공화국,South Africa,0.3846153846153846,0,71.0,1331.0,3.0,4.0
2019,대한민국,South Korea,0.6666666666666666,18,37.0,1470.0,20.0,83.0
2019,스페인,Spain,0.8,26,7.0,1631.0,2.0,51.0
2019,스웨덴,Sweden,0.5,13,18.0,1560.0,-5.0,-5.0
2019,스위스,Switzerland,0.5,11,11.0,1604.0,-3.0,7.0
2019,튀니지,Tunisia,0.4705882352941176,12,29.0,1493.0,-5.0,-5.0
2019,미국,United States,0.6111111111111112,24,21.0,1545.0,1.0,37.0
2019,우루과이,Uruguay,0.5454545454545454,11,6.0,1639.0,-1.0,12.0
2020,알제리,Algeria,0.5,3,35.0,1482.0,3.0,16.0
2020,앙골라,Angola,0.3333333333333333,2,124.0,1136.0,-3.0,-25.0
2020,아르헨티나,Argentina,0.75,4,9.0,1623.0,1.0,9.0
2020,벨기에,Belgium,0.75,11,1.0,1773.0,0.0,21.0
2020,브라질,Brazil,1.0,10,3.0,1712.0,0.0,-7.0
2020,카메룬,Cameroon,0.5,5,53.0,1413.0,0.0,4.0
2020,캐나다,Canada,0.6666666666666666,5,73.0,1332.0,2.0,10.0
2020,칠레,Chile,0.25,0,17.0,1579.0,0.0,3.0
2020,콜롬비아,Colombia,0.25,-5,10.0,1622.0,-1.0,0.0
2020,코스타리카,Costa Rica,0.0,-4,46.0,1439.0,-3.0,-3.0
2020,크로아티아,Croatia,0.25,-6,8.0,1628.0,0.0,3.0
2020,체코,Czech Republic,0.625,4,45.0,1446.0,-1.0,5.0
2020,덴마크,Denmark,0.625,7,16.0,1593.0,-2.0,9.0
2020,에콰도르,Ecuador,0.75,7,64.0,1368.0,1.0,-2.0
2020,이집트,Egypt,1.0,3,51.0,1420.0,-2.0,-11.0
2020,잉글랜드,England,0.625,9,4.0,1664.0,0.0,2.0
2020,프랑스,France,0.75,11,2.0,1744.0,0.0,19.0
2020,독일,Germany,0.375,-2,14.0,1602.0,2.0,22.0
2020,가나,Ghana,0.5,2,46.0,1439.0,5.0,10.0
2020,그리스,Greece,0.5,5,53.0,1413.0,7.0,31.0
2020,온두라스,Honduras,0.0,-1,62.0,1377.0,5.0,18.0
2020,이란,Iran,1.0,3,30.0,1489.0,-7.0,-33.0
2020,이탈리아,Italy,0.625,15,12.0,1612.0,3.0,29.0
2020,코트디부아르,Ivory Coast,0.25,0,60.0,1378.0,-4.0,-16.0
2020,일본,Japan,0.5,0,28.0,1500.0,3.0,10.0
2020,멕시코,Mexico,0.75,4,11.0,1621.0,1.0,18.0
2020,모로코,Morocco,0.75,7,43.0,1456.0,-4.0,-7.0
2020,네덜란드,Netherlands,0.375,2,13.0,1603.0,0.0,17.0
2020,나이지리아,Nigeria,0.0,-1,29.0,1493.0,5.0,11.0
2020,파라과이,Paraguay,0.25,1,40.0,1461.0,0.0,-1.0
2020,폴란드,Poland,0.5,6,19.0,1558.0,3.0,26.0
2020,포르투갈,Portugal,0.625,15,5.0,1653.0,0.0,10.0
2020,카타르,Qatar,0.25,0,55.0,1396.0,7.0,19.0
2020,러시아,Russia,0.25,-4,32.0,1485.0,10.0,30.0
2020,사우디아라비아,Saudi Arabia,0.5,2,66.0,1351.0,4.0,15.0
2020,세네갈,Senegal,0.6666666666666666,1,20.0,1555.0,0.0,9.0
2020,세르비아,Serbia,0.25,3,31.0,1486.0,4.0,10.0
2020,슬로베니아,Slovenia,0.625,11,64.0,1368.0,-6.0,-22.0
2020,남아프리카 공화국,South Africa,0.5,3,71.0,1334.0,0.0,3.0
2020,대한민국,South Korea,0.5,0,39.0,1464.0,-2.0,-6.0
2020,스페인,Spain,0.375,10,7.0,1642.0,0.0,11.0
2020,스웨덴,Sweden,0.4,-7,18.0,1567.0,0.0,7.0
2020,스위스,Switzerland,0.125,-1,15.0,1600.0,-4.0,-4.0
2020,튀니지,Tunisia,0.5,4,26.0,1506.0,3.0,13.0
2020,미국,United States,0.75,11,23.0,1542.0,-2.0,-3.0
2020,우루과이,Uruguay,0.5,0,6.0,1645.0,0.0,6.0
2021,알제리,Algeria,0.7222222222222222,45,30.0,1498.62,5.0,16.61999999999989
2021,앙골라,Angola,0.25,-1,,,,
2021,아르헨티나,Argentina,0.625,19,6.0,1725.31,3.0,102.30999999999995
2021,호주,Australia,0.7,16,32.0,1493.99,9.0,36.99000000000001
2021,벨기에,Belgium,0.6470588235294118,24,1.0,1832.33,0.0,59.32999999999993
2021,브라질,Brazil,0.75,22,2.0,1811.73,1.0,99.73000000000002
2021,카메룬,Cameroon,0.6,8,58.0,1404.46,-5.0,-8.539999999999964
2021,캐나다,Canada,0.6842105263157895,44,51.0,1416.23,22.0,84.23000000000002
2021,칠레,Chile,0.3333333333333333,-1,23.0,1536.53,-6.0,-42.47000000000003
2021,콜롬비아,Colombia,0.2352941176470588,4,16.0,1618.4,-6.0,-3.599999999999909
2021,코스타리카,Costa Rica,0.2777777777777778,-4,44.0,1438.29,2.0,-0.7100000000000364
2021,크로아티아,Croatia,0.5,15,17.0,1608.25,-9.0,-19.75
2021,체코,Czech Republic,0.4705882352941176,12,31.0,1494.78,14.0,48.77999999999997
2021,덴마크,Denmark,0.7222222222222222,34,10.0,1658.49,6.0,65.49000000000001
2021,에콰도르,Ecuador,0.3333333333333333,1,52.0,1415.09,12.0,47.08999999999992
2021,이집트,Egypt,0.6,19,48.0,1434.62,3.0,14.61999999999989
2021,잉글랜드,England,0.7894736842105263,47,3.0,1755.44,1.0,91.44000000000005
2021,프랑스,France,0.625,24,4.0,1754.31,-2.0,10.309999999999945
2021,독일,Germany,0.6875,37,14.0,1627.8,0.0,25.799999999999955
2021,가나,Ghana,0.5,5,53.0,1411.3,-7.0,-27.700000000000045
2021,그리스,Greece,0.3333333333333333,1,46.0,1435.43,7.0,22.430000000000064
2021,온두라스,Honduras,0.1176470588235294,-12,63.0,1371.61,-1.0,-5.3900000000001
2021,이란,Iran,0.9090909090909092,28,22.0,1538.08,8.0,49.07999999999993
2021,이탈리아,Italy,0.631578947368421,31,5.0,1735.73,7.0,123.73000000000002
2021,코트디부아르,Ivory Coast,0.7,13,54.0,1410.56,6.0,32.559999999999945
2021,일본,Japan,0.8333333333333334,37,26.0,1520.46,2.0,20.460000000000036
2021,멕시코,Mexico,0.5,17,9.0,1666.19,2.0,45.190000000000055
2021,모로코,Morocco,0.8571428571428571,31,33.0,1493.23,10.0,37.23000000000002
2021,네덜란드,Netherlands,0.6875,32,11.0,1648.2,2.0,45.200000000000045
2021,나이지리아,Nigeria,0.5454545454545454,5,34.0,1492.37,-5.0,-0.6300000000001091
2021,파라과이,Paraguay,0.2,-8,35.0,1484.31,5.0,23.309999999999945
2021,폴란드,Poland,0.4,17,24.0,1531.82,-5.0,-26.180000000000064
2021,포르투갈,Portugal,0.5625,20,7.0,1674.9,-2.0,21.90000000000009
2021,카타르,Qatar,0.5,3,43.0,1445.83,12.0,49.82999999999993
2021,러시아,Russia,0.6,9,37.0,1475.43,-5.0,-9.569999999999936
2021,사우디아라비아,Saudi Arabia,0.7142857142857143,19,56.0,1406.34,10.0,55.33999999999992
2021,세네갈,Senegal,0.625,17,20.0,1555.37,0.0,0.36999999999989086
2021,세르비아,Serbia,0.5714285714285714,16,28.0,1515.97,3.0,29.970000000000027
2021,슬로베니아,Slovenia,0.4166666666666667,7,64.0,1370.46,0.0,2.4600000000000364
2021,남아프리카 공화국,South Africa,0.6,12,73.0,1348.6,-2.0,14.599999999999909
2021,대한민국,South Korea,0.7,14,36.0,1479.41,3.0,15.410000000000082
2021,스페인,Spain,0.5555555555555556,21,8.0,1673.68,-1.0,31.680000000000064
2021,스웨덴,Sweden,0.6875,13,18.0,1606.03,0.0,39.02999999999997
2021,스위스,Switzerland,0.5882352941176471,22,15.0,1622.73,0.0,22.730000000000018
2021,튀니지,Tunisia,0.7058823529411765,16,25.0,1526.87,1.0,20.86999999999989
2021,미국,United States,0.7727272727272727,34,13.0,1643.1,10.0,101.09999999999991
2021,우루과이,Uruguay,0.2666666666666666,-5,12.0,1645.42,-6.0,0.42000000000007276
2022,알제리,Algeria,0.5714285714285714,6,37.0,1489.1,-7.0,-9.519999999999982
2022,앙골라,Angola,0.5555555555555556,7,119.0,1155.9,5.0,19.90000000000009
2022,아르헨티나,Argentina,0.75,31,3.0,1773.88,3.0,48.570000000000164
2022,호주,Australia,0.5384615384615384,4,38.0,1488.72,-6.0,-5.269999999999982
2022,벨기에,Belgium,0.4166666666666667,4,2.0,1816.71,-1.0,-15.61999999999989
2022,브라질,Brazil,0.7692307692307693,29,1.0,1841.3,1.0,29.569999999999936
2022,카메룬,Cameroon,0.4117647058823529,5,43.0,1471.44,15.0,66.98000000000002
2022,캐나다,Canada,0.4666666666666667,7,41.0,1475.0,10.0,58.76999999999998
2022,칠레,Chile,0.0909090909090909,-13,29.0,1509.61,-6.0,-26.920000000000073
2022,콜롬비아,Colombia,0.7777777777777778,10,17.0,1611.04,-1.0,-7.360000000000127
2022,코스타리카,Costa Rica,0.6666666666666666,2,31.0,1503.59,13.0,65.29999999999995
2022,크로아티아,Croatia,0.5,5,12.0,1645.64,5.0,37.3900000000001
2022,체코,Czech Republic,0.2,-5,35.0,1492.21,-4.0,-2.5699999999999363
2022,덴마크,Denmark,0.4545454545454545,3,10.0,1666.57,0.0,8.079999999999927
2022,에콰도르,Ecuador,0.2307692307692307,1,44.0,1464.39,8.0,49.30000000000018
2022,이집트,Egypt,0.5333333333333333,5,39.0,1486.44,9.0,51.820000000000164
2022,잉글랜드,England,0.3846153846153846,7,5.0,1728.47,-2.0,-26.970000000000027
2022,프랑스,France,0.5333333333333333,12,4.0,1759.78,0.0,5.470000000000027
2022,독일,Germany,0.3333333333333333,6,11.0,1650.21,3.0,22.410000000000082
2022,가나,Ghana,0.25,-7,61.0,1393.0,-8.0,-18.299999999999955
2022,그리스,Greece,0.6,7,52.0,1437.6,-6.0,2.1699999999998454
2022,온두라스,Honduras,0.2142857142857142,-12,80.0,1301.98,-17.0,-69.62999999999988
2022,이란,Iran,0.5,-2,20.0,1564.61,2.0,26.529999999999973
2022,이탈리아,Italy,0.4545454545454545,-2,6.0,1726.14,-1.0,-9.589999999999918
2022,코트디부아르,Ivory Coast,0.5,7,48.0,1443.06,6.0,32.5
2022,일본,Japan,0.5555555555555556,19,24.0,1559.54,2.0,39.07999999999993
2022,멕시코,Mexico,0.45,7,13.0,1644.89,-4.0,-21.299999999999955
2022,모로코,Morocco,0.55,12,22.0,1563.5,11.0,70.26999999999998
2022,네덜란드,Netherlands,0.6923076923076923,16,8.0,1694.51,3.0,46.309999999999945
2022,나이지리아,Nigeria,0.3846153846153846,6,32.0,1498.47,2.0,6.100000000000136
2022,파라과이,Paraguay,0.2727272727272727,-9,47.0,1448.77,-12.0,-35.539999999999964
2022,폴란드,Poland,0.3846153846153846,-5,26.0,1548.59,-2.0,16.769999999999982
2022,포르투갈,Portugal,0.6428571428571429,22,9.0,1676.56,-2.0,1.6599999999998545
2022,카타르,Qatar,0.4545454545454545,-2,50.0,1439.89,-7.0,-5.939999999999827
2022,러시아,Russia,0.3333333333333333,1,33.0,1496.11,4.0,20.679999999999836
2022,사우디아라비아,Saudi Arabia,0.2941176470588235,-3,51.0,1437.78,5.0,31.440000000000055
2022,세네갈,Senegal,0.5,9,18.0,1584.38,2.0,29.01000000000022
2022,세르비아,Serbia,0.5,7,21.0,1563.62,7.0,47.649999999999864
2022,슬로베니아,Slovenia,0.3,-2,63.0,1384.04,1.0,13.579999999999927
2022,남아프리카 공화국,South Africa,0.5,2,67.0,1349.59,6.0,0.9900000000000091
2022,대한민국,South Korea,0.6,15,28.0,1530.3,8.0,50.88999999999987
2022,스페인,Spain,0.5384615384615384,17,7.0,1715.22,1.0,41.539999999999964
2022,스웨덴,Sweden,0.4,-2,25.0,1553.33,-7.0,-52.700000000000045
2022,스위스,Switzerland,0.3846153846153846,-10,15.0,1635.92,0.0,13.190000000000055
2022,튀니지,Tunisia,0.5294117647058824,11,30.0,1507.54,-5.0,-19.329999999999927
2022,미국,United States,0.375,9,16.0,1627.48,-3.0,-15.61999999999989
2022,우루과이,Uruguay,0.6666666666666666,16,14.0,1638.71,-2.0,-6.710000000000036
2023,알제리,Algeria,0.7,12,34.0,1509.5,3.0,20.40000000000009
2023,앙골라,Angola,0.1666666666666666,-3,117.0,1167.7,2.0,11.799999999999955
2023,아르헨티나,Argentina,0.9,19,1.0,1851.41,2.0,77.52999999999997
2023,호주,Australia,0.5,8,27.0,1531.72,11.0,43.0
2023,벨기에,Belgium,0.8,20,5.0,1792.64,-3.0,-24.069999999999936
2023,브라질,Brazil,0.3333333333333333,1,3.0,1837.61,-2.0,-3.6900000000000546
2023,카메룬,Cameroon,0.25,3,41.0,1475.6,2.0,4.1599999999998545
2023,캐나다,Canada,0.4545454545454545,4,44.0,1458.58,-3.0,-16.420000000000073
2023,칠레,Chile,0.4,5,36.0,1504.75,-7.0,-4.8599999999999
2023,콜롬비아,Colombia,0.5833333333333334,8,16.0,1629.6,1.0,18.559999999999945
2023,코스타리카,Costa Rica,0.2307692307692307,-10,46.0,1452.1,-15.0,-51.49000000000001
2023,크로아티아,Croatia,0.6,11,6.0,1747.83,6.0,102.18999999999983
2023,체코,Czech Republic,0.5,9,37.0,1500.44,-2.0,8.230000000000018
2023,덴마크,Denmark,0.7,9,18.0,1606.84,-8.0,-59.73000000000002
2023,에콰도르,Ecuador,0.6,4,38.0,1497.66,6.0,33.26999999999998
2023,이집트,Egypt,0.8,18,35.0,1508.93,4.0,22.49000000000001
2023,잉글랜드,England,0.8,21,4.0,1794.34,1.0,65.86999999999989
2023,프랑스,France,0.8,28,2.0,1840.76,2.0,80.98000000000002
2023,독일,Germany,0.2727272727272727,-5,15.0,1637.9,-4.0,-12.309999999999945
2023,가나,Ghana,0.4444444444444444,-2,60.0,1400.0,1.0,7.0
2023,그리스,Greece,0.5,8,51.0,1437.26,1.0,-0.33999999999991815
2023,온두라스,Honduras,0.3846153846153846,1,77.0,1305.78,3.0,3.7999999999999545
2023,이란,Iran,0.7777777777777778,20,21.0,1561.26,-1.0,-3.349999999999909
2023,이탈리아,Italy,0.5,7,9.0,1727.37,-3.0,1.2299999999997908
2023,코트디부아르,Ivory Coast,0.625,13,50.0,1437.89,-2.0,-5.169999999999845
2023,일본,Japan,0.7777777777777778,26,19.0,1605.2,5.0,45.66000000000008
2023,멕시코,Mexico,0.5,14,12.0,1661.46,1.0,16.569999999999936
2023,모로코,Morocco,0.5,6,13.0,1658.32,9.0,94.81999999999994
2023,네덜란드,Netherlands,0.6,7,7.0,1743.15,1.0,48.6400000000001
2023,나이지리아,Nigeria,0.5,8,40.0,1488.86,-8.0,-9.610000000000127
2023,북한,North Korea,0.5,4,116.0,1169.96,-4.0,0.0
2023,파라과이,Paraguay,0.25,-1,52.0,1432.08,-5.0,-16.690000000000055
2023,폴란드,Poland,0.5,3,30.0,1524.61,-4.0,-23.980000000000018
2023,포르투갈,Portugal,1.0,34,8.0,1728.58,1.0,52.01999999999998
2023,카타르,Qatar,0.3571428571428571,6,61.0,1395.57,-11.0,-44.320000000000164
2023,러시아,Russia,0.5,11,39.0,1495.53,-6.0,-0.5799999999999272
2023,사우디아라비아,Saudi Arabia,0.2727272727272727,-2,57.0,1412.82,-6.0,-24.960000000000036
2023,세네갈,Senegal,0.5555555555555556,11,20.0,1597.01,-2.0,12.629999999999882
2023,세르비아,Serbia,0.5454545454545454,7,28.0,1529.49,-7.0,-34.12999999999988
2023,슬로베니아,Slovenia,0.7,11,59.0,1404.72,4.0,20.680000000000064
2023,남아프리카 공화국,South Africa,0.4285714285714285,3,65.0,1368.25,2.0,18.660000000000082
2023,대한민국,South Korea,0.5,17,26.0,1533.01,2.0,2.7100000000000364
2023,스페인,Spain,0.8,21,10.0,1710.72,-3.0,-4.5
2023,스웨덴,Sweden,0.5833333333333334,10,23.0,1538.84,2.0,-14.490000000000009
2023,스위스,Switzerland,0.4,11,14.0,1654.11,1.0,18.189999999999827
2023,튀니지,Tunisia,0.6666666666666666,9,29.0,1525.23,1.0,17.690000000000055
2023,미국,United States,0.5555555555555556,34,11.0,1678.71,5.0,51.23000000000002
2023,우루과이,Uruguay,0.7,14,17.0,1626.51,-3.0,-12.200000000000045
2024,알제리,Algeria,0.6153846153846154,17,41.0,1486.03,-7.0,-23.470000000000027
2024,앙골라,Angola,0.6,13,85.0,1281.09,32.0,113.38999999999987
2024,아르헨티나,Argentina,0.75,25,1.0,1889.02,0.0,37.6099999999999
2024,호주,Australia,0.5625,23,25.0,1544.3,2.0,12.579999999999927
2024,벨기에,Belgium,0.2857142857142857,2,6.0,1768.14,-1.0,-24.5
2024,브라질,Brazil,0.4285714285714285,10,5.0,1772.02,-2.0,-65.58999999999992
2024,카메룬,Cameroon,0.5,5,53.0,1458.51,-12.0,-17.089999999999918
2024,캐나다,Canada,0.4285714285714285,1,38.0,1502.31,6.0,43.73000000000002
2024,칠레,Chile,0.25,-3,49.0,1467.98,-13.0,-36.76999999999998
2024,콜롬비아,Colombia,0.625,20,9.0,1738.72,7.0,109.12000000000012
2024,코스타리카,Costa Rica,0.4666666666666667,12,50.0,1466.08,-4.0,13.980000000000018
2024,크로아티아,Croatia,0.3846153846153846,3,12.0,1699.6,-6.0,-48.23000000000002
2024,체코,Czech Republic,0.5384615384615384,8,46.0,1473.19,-9.0,-27.25
2024,덴마크,Denmark,0.3571428571428571,5,20.0,1621.7,-2.0,14.860000000000127
2024,에콰도르,Ecuador,0.4666666666666667,8,27.0,1535.43,11.0,37.76999999999998
2024,이집트,Egypt,0.5384615384615384,12,31.0,1515.64,4.0,6.710000000000036
2024,잉글랜드,England,0.5294117647058824,16,4.0,1817.28,0.0,22.940000000000055
2024,프랑스,France,0.5,9,2.0,1851.92,0.0,11.160000000000082
2024,독일,Germany,0.6666666666666666,25,13.0,1692.19,2.0,54.289999999999964
2024,가나,Ghana,0.1818181818181818,-3,70.0,1360.43,-10.0,-39.569999999999936
2024,그리스,Greece,0.7,13,48.0,1469.18,3.0,31.920000000000073
2024,온두라스,Honduras,0.4166666666666667,4,77.0,1311.3,0.0,5.519999999999982
2024,이란,Iran,0.7777777777777778,26,19.0,1622.92,2.0,61.66000000000008
2024,이탈리아,Italy,0.5714285714285714,7,10.0,1726.31,-1.0,-1.0599999999999454
2024,코트디부아르,Ivory Coast,0.625,12,33.0,1509.12,17.0,71.22999999999979
2024,일본,Japan,0.8125,45,16.0,1639.6,3.0,34.399999999999864
2024,멕시코,Mexico,0.4615384615384615,4,17.0,1635.66,-5.0,-25.799999999999955
2024,모로코,Morocco,0.7692307692307693,25,14.0,1676.14,-1.0,17.820000000000164
2024,네덜란드,Netherlands,0.5,20,7.0,1759.95,0.0,16.799999999999955
2024,나이지리아,Nigeria,0.5,6,39.0,1498.02,1.0,9.160000000000082
2024,북한,North Korea,0.1818181818181818,-2,111.0,1183.02,5.0,13.059999999999945
2024,파라과이,Paraguay,0.3333333333333333,-4,57.0,1423.98,-5.0,-8.099999999999909
2024,폴란드,Poland,0.3076923076923077,-3,30.0,1525.08,0.0,0.4700000000000273
2024,포르투갈,Portugal,0.5625,15,8.0,1752.14,0.0,23.560000000000173
2024,카타르,Qatar,0.5238095238095238,5,44.0,1481.69,17.0,86.12000000000012
2024,러시아,Russia,1.0,12,34.0,1508.73,5.0,13.200000000000045
2024,사우디아라비아,Saudi Arabia,0.4285714285714285,7,56.0,1433.16,1.0,20.340000000000146
2024,세네갈,Senegal,0.7692307692307693,19,21.0,1620.87,-1.0,23.8599999999999
2024,세르비아,Serbia,0.25,-1,35.0,1505.08,-7.0,-24.410000000000082
2024,슬로베니아,Slovenia,0.3333333333333333,2,51.0,1462.98,8.0,58.25999999999999
2024,남아프리카 공화국,South Africa,0.3125,12,59.0,1415.07,6.0,46.819999999999936
2024,대한민국,South Korea,0.5882352941176471,20,23.0,1572.61,3.0,39.59999999999991
2024,스페인,Spain,0.8235294117647058,28,3.0,1836.42,7.0,125.70000000000005
2024,스웨덴,Sweden,0.6363636363636364,10,28.0,1528.18,-5.0,-10.659999999999854
2024,스위스,Switzerland,0.2666666666666666,1,15.0,1641.0,-1.0,-13.1099999999999
2024,튀니지,Tunisia,0.3076923076923077,3,36.0,1504.86,-7.0,-20.37000000000012
2024,미국,United States,0.4285714285714285,1,18.0,1632.19,-7.0,-46.51999999999998
2024,우루과이,Uruguay,0.3125,9,11.0,1701.34,6.0,74.82999999999993
2025,알제리,Algeria,0.6666666666666666,9,38.0,1500.74,3.0,14.710000000000036
2025,앙골라,Angola,0.25,0,89.0,1268.72,-4.0,-12.36999999999989
2025,아르헨티나,Argentina,0.6666666666666666,7,3.0,1870.32,-2.0,-18.700000000000045
2025,호주,Australia,1.0,11,25.0,1583.49,0.0,39.190000000000055
2025,벨기에,Belgium,0.6666666666666666,14,8.0,1739.54,-2.0,-28.600000000000136
2025,브라질,Brazil,0.5,1,6.0,1761.6,-1.0,-10.420000000000073
2025,카메룬,Cameroon,0.5,7,52.0,1455.42,1.0,-3.089999999999918
2025,캐나다,Canada,0.6,13,26.0,1558.04,12.0,55.73000000000002
2025,칠레,Chile,0.1428571428571428,-2,57.0,1441.66,-8.0,-26.319999999999936
2025,콜롬비아,Colombia,0.3333333333333333,5,13.0,1692.1,-4.0,-46.62000000000012
2025,코스타리카,Costa Rica,0.5714285714285714,11,47.0,1481.13,3.0,15.050000000000182
2025,크로아티아,Croatia,0.8333333333333334,16,9.0,1714.2,3.0,14.600000000000136
2025,체코,Czech Republic,0.6666666666666666,5,39.0,1500.29,7.0,27.09999999999991
2025,덴마크,Denmark,0.6666666666666666,7,20.0,1627.64,0.0,5.940000000000055
2025,에콰도르,Ecuador,0.3333333333333333,2,24.0,1588.04,3.0,52.6099999999999
2025,이집트,Egypt,0.75,5,35.0,1519.18,-4.0,3.5399999999999636
2025,잉글랜드,England,0.8333333333333334,11,4.0,1820.44,0.0,3.160000000000082
2025,프랑스,France,0.6666666666666666,4,2.0,1870.92,0.0,19.0
2025,독일,Germany,0.3333333333333333,-2,12.0,1704.27,1.0,12.079999999999927
2025,가나,Ghana,0.6666666666666666,12,75.0,1340.84,-5.0,-19.590000000000146
2025,그리스,Greece,0.6666666666666666,10,40.0,1494.72,8.0,25.539999999999964
2025,온두라스,Honduras,0.5,-1,65.0,1383.98,12.0,72.68000000000006
2025,이란,Iran,0.5,4,21.0,1622.61,-2.0,-0.3100000000001728
2025,이탈리아,Italy,0.5,4,10.0,1710.06,0.0,-16.25
2025,코트디부아르,Ivory Coast,0.5,2,44.0,1483.9,-11.0,-25.2199999999998
2025,일본,Japan,0.3333333333333333,5,19.0,1640.47,-3.0,0.8700000000001182
2025,멕시코,Mexico,0.6666666666666666,9,14.0,1688.38,3.0,52.72000000000003
2025,모로코,Morocco,1.0,13,11.0,1706.27,3.0,30.12999999999988
2025,네덜란드,Netherlands,0.5,11,7.0,1754.17,0.0,-5.779999999999973
2025,나이지리아,Nigeria,0.4285714285714285,4,45.0,1483.86,-6.0,-14.160000000000082
2025,북한,North Korea,0.0,-8,121.0,1151.05,-10.0,-31.970000000000027
2025,파라과이,Paraguay,0.5,3,37.0,1501.01,20.0,77.02999999999997
2025,폴란드,Poland,0.6666666666666666,6,36.0,1517.3,-6.0,-7.779999999999973
2025,포르투갈,Portugal,0.6666666666666666,9,5.0,1779.55,3.0,27.409999999999854
2025,카타르,Qatar,0.2857142857142857,-3,53.0,1453.65,-9.0,-28.039999999999964
2025,러시아,Russia,0.6666666666666666,16,33.0,1521.74,1.0,13.009999999999991
2025,사우디아라비아,Saudi Arabia,0.4545454545454545,3,59.0,1420.65,-3.0,-12.509999999999991
2025,세네갈,Senegal,0.6666666666666666,7,18.0,1645.23,3.0,24.360000000000127
2025,세르비아,Serbia,0.5,1,34.0,1520.9,1.0,15.820000000000164
2025,슬로베니아,Slovenia,0.5,0,50.0,1462.96,1.0,-0.01999999999998181
2025,남아프리카 공화국,South Africa,0.6666666666666666,9,55.0,1448.67,4.0,33.600000000000136
2025,대한민국,South Korea,0.5,8,23.0,1593.19,0.0,20.580000000000155
2025,스페인,Spain,0.5,10,1.0,1875.37,2.0,38.94999999999982
2025,스웨덴,Sweden,0.5,4,32.0,1524.62,-4.0,-3.560000000000173
2025,스위스,Switzerland,0.8333333333333334,15,17.0,1648.3,-2.0,7.2999999999999545
2025,튀니지,Tunisia,0.8333333333333334,7,46.0,1483.02,-10.0,-21.839999999999918
2025,미국,United States,0.5,5,16.0,1670.04,2.0,37.84999999999991
2025,우루과이,Uruguay,0.3333333333333333,2,15.0,1673.65,-4.0,-27.689999999999827
